2025-12-08 13:51:04 DEBUG swing.common.SwingUtils    C:\Users\z1395\network_trace_system\CICFlowMeter\target\classes (拒绝访问。)
2025-12-08 13:51:04 DEBUG swing.common.SwingUtils    C:\Users\z1395\network_trace_system\CICFlowMeter\target\generated-sources (拒绝访问。)
2025-12-08 13:51:04 DEBUG swing.common.SwingUtils    C:\Users\z1395\network_trace_system\CICFlowMeter\target\logs (拒绝访问。)
2025-12-08 13:51:04 DEBUG swing.common.SwingUtils    C:\Users\z1395\network_trace_system\CICFlowMeter\target\maven-archiver (拒绝访问。)
2025-12-08 13:51:04 DEBUG swing.common.SwingUtils    C:\Users\z1395\network_trace_system\CICFlowMeter\target\maven-status (拒绝访问。)
2025-12-08 13:51:13 INFO  cic.cs.unb.ca.jnetpcap.worker.TrafficFlowWorker    Pcap is listening...
2025-12-08 13:51:27 DEBUG cic.cs.unb.ca.jnetpcap.FlowGenerator    FlagFIN current has 170 flow
2025-12-08 13:51:27 INFO  cic.cs.unb.ca.jnetpcap.FlowGenerator    Forward flow closed due to FIN Flag
2025-12-08 13:51:51 INFO  cic.cs.unb.ca.jnetpcap.FlowGenerator    Forward flow closed due to FIN Flag
2025-12-08 13:51:51 DEBUG cic.cs.unb.ca.jnetpcap.FlowGenerator    FlagFIN current has 304 flow
2025-12-08 13:51:58 DEBUG cic.cs.unb.ca.jnetpcap.FlowGenerator    FlagFIN current has 361 flow
2025-12-08 13:51:58 INFO  cic.cs.unb.ca.jnetpcap.FlowGenerator    Forward flow closed due to FIN Flag
2025-12-08 13:51:58 DEBUG cic.cs.unb.ca.jnetpcap.FlowGenerator    FlagRST current has 361 flow
2025-12-08 13:52:12 INFO  cic.cs.unb.ca.jnetpcap.FlowGenerator    Forward flow closed due to FIN Flag
2025-12-08 13:52:12 DEBUG cic.cs.unb.ca.jnetpcap.FlowGenerator    FlagFIN current has 416 flow
2025-12-08 13:52:12 DEBUG cic.cs.unb.ca.jnetpcap.FlowGenerator    FlagRST current has 416 flow
2025-12-08 13:52:20 INFO  cic.cs.unb.ca.flow.ui.FlowMonitorPane    path:C:\Users\z1395\network_trace_system\CICFlowMeter\target\data\daily\2025-12-08_Flow.csv
2025-12-08 13:52:20 DEBUG cic.cs.unb.ca.jnetpcap.worker.TrafficFlowWorker    break Packet loop
2025-12-08 13:52:20 INFO  cic.cs.unb.ca.flow.ui.FlowMonitorPane    Pcap stop listening
2025-12-08 14:32:06 DEBUG swing.common.SwingUtils    C:\Users\z1395\network_trace_system\CICFlowMeter\target\classes (拒绝访问。)
2025-12-08 14:32:06 DEBUG swing.common.SwingUtils    C:\Users\z1395\network_trace_system\CICFlowMeter\target\data (拒绝访问。)
2025-12-08 14:32:06 DEBUG swing.common.SwingUtils    C:\Users\z1395\network_trace_system\CICFlowMeter\target\generated-sources (拒绝访问。)
2025-12-08 14:32:06 DEBUG swing.common.SwingUtils    C:\Users\z1395\network_trace_system\CICFlowMeter\target\logs (拒绝访问。)
2025-12-08 14:32:06 DEBUG swing.common.SwingUtils    C:\Users\z1395\network_trace_system\CICFlowMeter\target\maven-archiver (拒绝访问。)
2025-12-08 14:32:06 DEBUG swing.common.SwingUtils    C:\Users\z1395\network_trace_system\CICFlowMeter\target\maven-status (拒绝访问。)
2025-12-08 14:32:09 INFO  cic.cs.unb.ca.jnetpcap.worker.TrafficFlowWorker    Pcap is listening...
2025-12-08 14:32:22 INFO  cic.cs.unb.ca.jnetpcap.FlowGenerator    Forward flow closed due to FIN Flag
2025-12-08 14:32:22 DEBUG cic.cs.unb.ca.jnetpcap.FlowGenerator    FlagFIN current has 90 flow
2025-12-08 14:32:26 INFO  cic.cs.unb.ca.jnetpcap.FlowGenerator    Forward flow closed due to FIN Flag
2025-12-08 14:32:26 DEBUG cic.cs.unb.ca.jnetpcap.FlowGenerator    FlagFIN current has 104 flow
2025-12-08 14:32:36 INFO  cic.cs.unb.ca.jnetpcap.FlowGenerator    Forward flow closed due to FIN Flag
2025-12-08 14:32:36 DEBUG cic.cs.unb.ca.jnetpcap.FlowGenerator    FlagRST current has 154 flow
2025-12-08 14:32:36 DEBUG cic.cs.unb.ca.jnetpcap.FlowGenerator    FlagRST current has 154 flow
2025-12-08 14:32:56 INFO  cic.cs.unb.ca.jnetpcap.FlowGenerator    Forward flow closed due to FIN Flag
2025-12-08 14:32:56 DEBUG cic.cs.unb.ca.jnetpcap.FlowGenerator    FlagFIN current has 237 flow
2025-12-08 14:33:03 INFO  cic.cs.unb.ca.jnetpcap.FlowGenerator    Forward flow closed due to FIN Flag
2025-12-08 14:33:03 INFO  cic.cs.unb.ca.jnetpcap.FlowGenerator    Forward flow closed due to FIN Flag
2025-12-08 14:33:03 DEBUG cic.cs.unb.ca.jnetpcap.FlowGenerator    FlagRST current has 325 flow
2025-12-08 14:33:03 DEBUG cic.cs.unb.ca.jnetpcap.FlowGenerator    FlagRST current has 324 flow
2025-12-08 14:33:03 DEBUG cic.cs.unb.ca.jnetpcap.FlowGenerator    FlagRST current has 323 flow
2025-12-08 14:33:03 DEBUG cic.cs.unb.ca.jnetpcap.FlowGenerator    FlagRST current has 341 flow
2025-12-08 14:33:21 INFO  cic.cs.unb.ca.jnetpcap.FlowGenerator    Forward flow closed due to FIN Flag
2025-12-08 14:33:21 INFO  cic.cs.unb.ca.jnetpcap.FlowGenerator    Forward flow closed due to FIN Flag
2025-12-08 14:33:21 INFO  cic.cs.unb.ca.jnetpcap.FlowGenerator    Forward flow closed due to FIN Flag
2025-12-08 14:33:21 INFO  cic.cs.unb.ca.jnetpcap.FlowGenerator    Forward flow closed due to FIN Flag
2025-12-08 14:33:21 INFO  cic.cs.unb.ca.jnetpcap.FlowGenerator    Forward flow closed due to FIN Flag
2025-12-08 14:33:21 INFO  cic.cs.unb.ca.jnetpcap.FlowGenerator    Forward flow closed due to FIN Flag
2025-12-08 14:33:21 INFO  cic.cs.unb.ca.jnetpcap.FlowGenerator    Forward flow closed due to FIN Flag
2025-12-08 14:33:21 INFO  cic.cs.unb.ca.jnetpcap.FlowGenerator    Forward flow closed due to FIN Flag
2025-12-08 14:33:21 INFO  cic.cs.unb.ca.jnetpcap.FlowGenerator    Forward flow closed due to FIN Flag
2025-12-08 14:33:21 INFO  cic.cs.unb.ca.jnetpcap.FlowGenerator    Forward flow closed due to FIN Flag
2025-12-08 14:33:21 DEBUG cic.cs.unb.ca.jnetpcap.FlowGenerator    FlagFIN current has 607 flow
2025-12-08 14:33:21 INFO  cic.cs.unb.ca.jnetpcap.FlowGenerator    Forward flow closed due to FIN Flag
2025-12-08 14:33:21 INFO  cic.cs.unb.ca.jnetpcap.FlowGenerator    Forward flow closed due to FIN Flag
2025-12-08 14:33:21 DEBUG cic.cs.unb.ca.jnetpcap.FlowGenerator    FlagFIN current has 608 flow
2025-12-08 14:33:21 DEBUG cic.cs.unb.ca.jnetpcap.FlowGenerator    FlagFIN current has 608 flow
2025-12-08 14:33:21 DEBUG cic.cs.unb.ca.jnetpcap.FlowGenerator    FlagFIN current has 608 flow
2025-12-08 14:33:21 DEBUG cic.cs.unb.ca.jnetpcap.FlowGenerator    FlagRST current has 608 flow
2025-12-08 14:33:21 DEBUG cic.cs.unb.ca.jnetpcap.FlowGenerator    FlagRST current has 608 flow
2025-12-08 14:33:21 DEBUG cic.cs.unb.ca.jnetpcap.FlowGenerator    FlagRST current has 608 flow
2025-12-08 14:33:21 DEBUG cic.cs.unb.ca.jnetpcap.FlowGenerator    FlagFIN current has 609 flow
2025-12-08 14:33:21 DEBUG cic.cs.unb.ca.jnetpcap.FlowGenerator    FlagRST current has 609 flow
2025-12-08 14:33:21 DEBUG cic.cs.unb.ca.jnetpcap.FlowGenerator    FlagRST current has 610 flow
2025-12-08 14:33:21 DEBUG cic.cs.unb.ca.jnetpcap.FlowGenerator    FlagFIN current has 609 flow
2025-12-08 14:33:21 DEBUG cic.cs.unb.ca.jnetpcap.FlowGenerator    FlagRST current has 610 flow
2025-12-08 14:33:21 DEBUG cic.cs.unb.ca.jnetpcap.FlowGenerator    FlagRST current has 610 flow
2025-12-08 14:33:21 DEBUG cic.cs.unb.ca.jnetpcap.FlowGenerator    FlagRST current has 609 flow
2025-12-08 14:33:21 DEBUG cic.cs.unb.ca.jnetpcap.FlowGenerator    FlagFIN current has 608 flow
2025-12-08 14:33:21 DEBUG cic.cs.unb.ca.jnetpcap.FlowGenerator    FlagFIN current has 608 flow
2025-12-08 14:33:21 DEBUG cic.cs.unb.ca.jnetpcap.FlowGenerator    FlagRST current has 608 flow
2025-12-08 14:33:21 DEBUG cic.cs.unb.ca.jnetpcap.FlowGenerator    FlagFIN current has 607 flow
2025-12-08 14:33:21 DEBUG cic.cs.unb.ca.jnetpcap.FlowGenerator    FlagRST current has 648 flow
2025-12-08 14:33:22 DEBUG cic.cs.unb.ca.jnetpcap.FlowGenerator    FlagRST current has 686 flow
2025-12-08 14:33:26 DEBUG cic.cs.unb.ca.jnetpcap.FlowGenerator    FlagFIN current has 763 flow
2025-12-08 14:33:26 INFO  cic.cs.unb.ca.jnetpcap.FlowGenerator    Forward flow closed due to FIN Flag
2025-12-08 14:33:26 DEBUG cic.cs.unb.ca.jnetpcap.FlowGenerator    FlagRST current has 763 flow
2025-12-08 14:33:33 INFO  cic.cs.unb.ca.jnetpcap.FlowGenerator    Forward flow closed due to FIN Flag
2025-12-08 14:33:33 INFO  cic.cs.unb.ca.jnetpcap.FlowGenerator    Forward flow closed due to FIN Flag
2025-12-08 14:33:33 DEBUG cic.cs.unb.ca.jnetpcap.FlowGenerator    FlagFIN current has 811 flow
2025-12-08 14:33:33 DEBUG cic.cs.unb.ca.jnetpcap.FlowGenerator    FlagFIN current has 812 flow
2025-12-08 14:33:33 INFO  cic.cs.unb.ca.jnetpcap.FlowGenerator    Forward flow closed due to FIN Flag
2025-12-08 14:33:33 INFO  cic.cs.unb.ca.jnetpcap.FlowGenerator    Forward flow closed due to FIN Flag
2025-12-08 14:33:33 DEBUG cic.cs.unb.ca.jnetpcap.FlowGenerator    FlagFIN current has 814 flow
2025-12-08 14:33:33 DEBUG cic.cs.unb.ca.jnetpcap.FlowGenerator    FlagFIN current has 814 flow
2025-12-08 14:33:34 DEBUG cic.cs.unb.ca.jnetpcap.FlowGenerator    FlagFIN current has 814 flow
2025-12-08 14:33:34 INFO  cic.cs.unb.ca.jnetpcap.FlowGenerator    Forward flow closed due to FIN Flag
2025-12-08 14:33:34 INFO  cic.cs.unb.ca.jnetpcap.FlowGenerator    Forward flow closed due to FIN Flag
2025-12-08 14:33:34 DEBUG cic.cs.unb.ca.jnetpcap.FlowGenerator    FlagFIN current has 835 flow
2025-12-08 14:33:34 DEBUG cic.cs.unb.ca.jnetpcap.FlowGenerator    FlagFIN current has 835 flow
2025-12-08 14:33:34 INFO  cic.cs.unb.ca.jnetpcap.FlowGenerator    Forward flow closed due to FIN Flag
2025-12-08 14:33:34 INFO  cic.cs.unb.ca.jnetpcap.FlowGenerator    Forward flow closed due to FIN Flag
2025-12-08 14:33:34 DEBUG cic.cs.unb.ca.jnetpcap.FlowGenerator    FlagFIN current has 835 flow
2025-12-08 14:33:34 DEBUG cic.cs.unb.ca.jnetpcap.FlowGenerator    FlagFIN current has 835 flow
2025-12-08 14:33:36 INFO  cic.cs.unb.ca.jnetpcap.FlowGenerator    Forward flow closed due to FIN Flag
2025-12-08 14:33:36 DEBUG cic.cs.unb.ca.jnetpcap.FlowGenerator    FlagFIN current has 836 flow
2025-12-08 14:33:37 INFO  cic.cs.unb.ca.jnetpcap.FlowGenerator    Forward flow closed due to FIN Flag
2025-12-08 14:33:37 INFO  cic.cs.unb.ca.jnetpcap.FlowGenerator    Forward flow closed due to FIN Flag
2025-12-08 14:33:37 DEBUG cic.cs.unb.ca.jnetpcap.FlowGenerator    FlagFIN current has 871 flow
2025-12-08 14:33:37 DEBUG cic.cs.unb.ca.jnetpcap.FlowGenerator    FlagFIN current has 871 flow
2025-12-08 14:33:37 INFO  cic.cs.unb.ca.jnetpcap.FlowGenerator    Forward flow closed due to FIN Flag
2025-12-08 14:33:37 INFO  cic.cs.unb.ca.jnetpcap.FlowGenerator    Forward flow closed due to FIN Flag
2025-12-08 14:33:37 INFO  cic.cs.unb.ca.jnetpcap.FlowGenerator    Forward flow closed due to FIN Flag
2025-12-08 14:33:37 INFO  cic.cs.unb.ca.jnetpcap.FlowGenerator    Forward flow closed due to FIN Flag
2025-12-08 14:33:37 INFO  cic.cs.unb.ca.jnetpcap.FlowGenerator    Forward flow closed due to FIN Flag
2025-12-08 14:33:37 INFO  cic.cs.unb.ca.jnetpcap.FlowGenerator    Forward flow closed due to FIN Flag
2025-12-08 14:33:37 INFO  cic.cs.unb.ca.jnetpcap.FlowGenerator    Forward flow closed due to FIN Flag
2025-12-08 14:33:37 INFO  cic.cs.unb.ca.jnetpcap.FlowGenerator    Forward flow closed due to FIN Flag
2025-12-08 14:33:37 INFO  cic.cs.unb.ca.jnetpcap.FlowGenerator    Forward flow closed due to FIN Flag
2025-12-08 14:33:37 DEBUG cic.cs.unb.ca.jnetpcap.FlowGenerator    FlagFIN current has 884 flow
2025-12-08 14:33:37 DEBUG cic.cs.unb.ca.jnetpcap.FlowGenerator    FlagFIN current has 884 flow
2025-12-08 14:33:37 DEBUG cic.cs.unb.ca.jnetpcap.FlowGenerator    FlagFIN current has 884 flow
2025-12-08 14:33:37 DEBUG cic.cs.unb.ca.jnetpcap.FlowGenerator    FlagFIN current has 884 flow
2025-12-08 14:33:37 DEBUG cic.cs.unb.ca.jnetpcap.FlowGenerator    FlagFIN current has 884 flow
2025-12-08 14:33:37 DEBUG cic.cs.unb.ca.jnetpcap.FlowGenerator    FlagFIN current has 884 flow
2025-12-08 14:33:37 DEBUG cic.cs.unb.ca.jnetpcap.FlowGenerator    FlagFIN current has 884 flow
2025-12-08 14:33:37 DEBUG cic.cs.unb.ca.jnetpcap.FlowGenerator    FlagFIN current has 884 flow
2025-12-08 14:33:37 DEBUG cic.cs.unb.ca.jnetpcap.FlowGenerator    FlagFIN current has 884 flow
2025-12-08 14:33:37 INFO  cic.cs.unb.ca.jnetpcap.FlowGenerator    Forward flow closed due to FIN Flag
2025-12-08 14:33:37 DEBUG cic.cs.unb.ca.jnetpcap.FlowGenerator    FlagFIN current has 886 flow
2025-12-08 14:33:37 INFO  cic.cs.unb.ca.jnetpcap.FlowGenerator    Forward flow closed due to FIN Flag
2025-12-08 14:33:37 INFO  cic.cs.unb.ca.jnetpcap.FlowGenerator    Forward flow closed due to FIN Flag
2025-12-08 14:33:37 INFO  cic.cs.unb.ca.jnetpcap.FlowGenerator    Forward flow closed due to FIN Flag
2025-12-08 14:33:37 DEBUG cic.cs.unb.ca.jnetpcap.FlowGenerator    FlagFIN current has 891 flow
2025-12-08 14:33:37 DEBUG cic.cs.unb.ca.jnetpcap.FlowGenerator    FlagFIN current has 891 flow
2025-12-08 14:33:37 INFO  cic.cs.unb.ca.jnetpcap.FlowGenerator    Forward flow closed due to FIN Flag
2025-12-08 14:33:37 INFO  cic.cs.unb.ca.jnetpcap.FlowGenerator    Forward flow closed due to FIN Flag
2025-12-08 14:33:37 DEBUG cic.cs.unb.ca.jnetpcap.FlowGenerator    FlagFIN current has 891 flow
2025-12-08 14:33:37 DEBUG cic.cs.unb.ca.jnetpcap.FlowGenerator    FlagFIN current has 891 flow
2025-12-08 14:33:37 INFO  cic.cs.unb.ca.jnetpcap.FlowGenerator    Forward flow closed due to FIN Flag
2025-12-08 14:33:38 DEBUG cic.cs.unb.ca.jnetpcap.FlowGenerator    FlagRST current has 894 flow
2025-12-08 14:33:38 INFO  cic.cs.unb.ca.jnetpcap.FlowGenerator    Forward flow closed due to FIN Flag
2025-12-08 14:33:38 DEBUG cic.cs.unb.ca.jnetpcap.FlowGenerator    FlagFIN current has 893 flow
2025-12-08 14:33:38 INFO  cic.cs.unb.ca.jnetpcap.FlowGenerator    Forward flow closed due to FIN Flag
2025-12-08 14:33:38 DEBUG cic.cs.unb.ca.jnetpcap.FlowGenerator    FlagFIN current has 923 flow
2025-12-08 14:33:38 INFO  cic.cs.unb.ca.jnetpcap.FlowGenerator    Forward flow closed due to FIN Flag
2025-12-08 14:33:38 DEBUG cic.cs.unb.ca.jnetpcap.FlowGenerator    FlagFIN current has 942 flow
2025-12-08 14:33:38 INFO  cic.cs.unb.ca.jnetpcap.FlowGenerator    Forward flow closed due to FIN Flag
2025-12-08 14:33:38 DEBUG cic.cs.unb.ca.jnetpcap.FlowGenerator    FlagFIN current has 945 flow
2025-12-08 14:33:38 DEBUG cic.cs.unb.ca.jnetpcap.FlowGenerator    FlagFIN current has 945 flow
2025-12-08 14:33:38 INFO  cic.cs.unb.ca.jnetpcap.FlowGenerator    Forward flow closed due to FIN Flag
2025-12-08 14:33:38 INFO  cic.cs.unb.ca.jnetpcap.FlowGenerator    Forward flow closed due to FIN Flag
2025-12-08 14:33:38 DEBUG cic.cs.unb.ca.jnetpcap.FlowGenerator    FlagFIN current has 948 flow
2025-12-08 14:33:38 INFO  cic.cs.unb.ca.jnetpcap.FlowGenerator    Forward flow closed due to FIN Flag
2025-12-08 14:33:38 DEBUG cic.cs.unb.ca.jnetpcap.FlowGenerator    FlagFIN current has 948 flow
2025-12-08 14:33:39 INFO  cic.cs.unb.ca.jnetpcap.FlowGenerator    Forward flow closed due to FIN Flag
2025-12-08 14:33:39 DEBUG cic.cs.unb.ca.jnetpcap.FlowGenerator    FlagRST current has 985 flow
2025-12-08 14:33:39 INFO  cic.cs.unb.ca.jnetpcap.FlowGenerator    Forward flow closed due to FIN Flag
2025-12-08 14:33:39 INFO  cic.cs.unb.ca.jnetpcap.FlowGenerator    Forward flow closed due to FIN Flag
2025-12-08 14:33:39 INFO  cic.cs.unb.ca.jnetpcap.FlowGenerator    Forward flow closed due to FIN Flag
2025-12-08 14:33:39 INFO  cic.cs.unb.ca.jnetpcap.FlowGenerator    Forward flow closed due to FIN Flag
2025-12-08 14:33:39 INFO  cic.cs.unb.ca.jnetpcap.FlowGenerator    Forward flow closed due to FIN Flag
2025-12-08 14:33:39 INFO  cic.cs.unb.ca.jnetpcap.FlowGenerator    Forward flow closed due to FIN Flag
2025-12-08 14:33:39 INFO  cic.cs.unb.ca.jnetpcap.FlowGenerator    Forward flow closed due to FIN Flag
2025-12-08 14:33:39 INFO  cic.cs.unb.ca.jnetpcap.FlowGenerator    Forward flow closed due to FIN Flag
2025-12-08 14:33:39 INFO  cic.cs.unb.ca.jnetpcap.FlowGenerator    Forward flow closed due to FIN Flag
2025-12-08 14:33:39 DEBUG cic.cs.unb.ca.jnetpcap.FlowGenerator    FlagFIN current has 985 flow
2025-12-08 14:33:39 DEBUG cic.cs.unb.ca.jnetpcap.FlowGenerator    FlagRST current has 985 flow
2025-12-08 14:33:39 DEBUG cic.cs.unb.ca.jnetpcap.FlowGenerator    FlagRST current has 984 flow
2025-12-08 14:33:39 DEBUG cic.cs.unb.ca.jnetpcap.FlowGenerator    FlagRST current has 983 flow
2025-12-08 14:33:39 DEBUG cic.cs.unb.ca.jnetpcap.FlowGenerator    FlagRST current has 982 flow
2025-12-08 14:33:39 DEBUG cic.cs.unb.ca.jnetpcap.FlowGenerator    FlagRST current has 981 flow
2025-12-08 14:33:39 DEBUG cic.cs.unb.ca.jnetpcap.FlowGenerator    FlagRST current has 980 flow
2025-12-08 14:33:39 DEBUG cic.cs.unb.ca.jnetpcap.FlowGenerator    FlagRST current has 979 flow
2025-12-08 14:33:39 DEBUG cic.cs.unb.ca.jnetpcap.FlowGenerator    FlagRST current has 978 flow
2025-12-08 14:33:39 INFO  cic.cs.unb.ca.jnetpcap.FlowGenerator    Forward flow closed due to FIN Flag
2025-12-08 14:33:39 DEBUG cic.cs.unb.ca.jnetpcap.FlowGenerator    FlagRST current has 981 flow
2025-12-08 14:33:39 INFO  cic.cs.unb.ca.jnetpcap.FlowGenerator    Forward flow closed due to FIN Flag
2025-12-08 14:33:39 DEBUG cic.cs.unb.ca.jnetpcap.FlowGenerator    FlagFIN current has 980 flow
2025-12-08 14:33:39 INFO  cic.cs.unb.ca.jnetpcap.FlowGenerator    Forward flow closed due to FIN Flag
2025-12-08 14:33:39 INFO  cic.cs.unb.ca.jnetpcap.FlowGenerator    Forward flow closed due to FIN Flag
2025-12-08 14:33:39 DEBUG cic.cs.unb.ca.jnetpcap.FlowGenerator    FlagRST current has 981 flow
2025-12-08 14:33:39 DEBUG cic.cs.unb.ca.jnetpcap.FlowGenerator    FlagRST current has 980 flow
2025-12-08 14:33:39 INFO  cic.cs.unb.ca.jnetpcap.FlowGenerator    Forward flow closed due to FIN Flag
2025-12-08 14:33:39 DEBUG cic.cs.unb.ca.jnetpcap.FlowGenerator    FlagRST current has 979 flow
2025-12-08 14:33:39 INFO  cic.cs.unb.ca.jnetpcap.FlowGenerator    Forward flow closed due to FIN Flag
2025-12-08 14:33:39 INFO  cic.cs.unb.ca.jnetpcap.FlowGenerator    Forward flow closed due to FIN Flag
2025-12-08 14:33:39 DEBUG cic.cs.unb.ca.jnetpcap.FlowGenerator    FlagFIN current has 984 flow
2025-12-08 14:33:39 DEBUG cic.cs.unb.ca.jnetpcap.FlowGenerator    FlagFIN current has 984 flow
2025-12-08 14:33:39 INFO  cic.cs.unb.ca.jnetpcap.FlowGenerator    Forward flow closed due to FIN Flag
2025-12-08 14:33:39 INFO  cic.cs.unb.ca.jnetpcap.FlowGenerator    Forward flow closed due to FIN Flag
2025-12-08 14:33:39 DEBUG cic.cs.unb.ca.jnetpcap.FlowGenerator    FlagFIN current has 985 flow
2025-12-08 14:33:39 DEBUG cic.cs.unb.ca.jnetpcap.FlowGenerator    FlagFIN current has 985 flow
2025-12-08 14:33:40 INFO  cic.cs.unb.ca.jnetpcap.FlowGenerator    Forward flow closed due to FIN Flag
2025-12-08 14:33:40 DEBUG cic.cs.unb.ca.jnetpcap.FlowGenerator    FlagFIN current has 985 flow
2025-12-08 14:33:40 INFO  cic.cs.unb.ca.jnetpcap.FlowGenerator    Forward flow closed due to FIN Flag
2025-12-08 14:33:40 INFO  cic.cs.unb.ca.jnetpcap.FlowGenerator    Forward flow closed due to FIN Flag
2025-12-08 14:33:40 DEBUG cic.cs.unb.ca.jnetpcap.FlowGenerator    FlagRST current has 991 flow
2025-12-08 14:33:40 DEBUG cic.cs.unb.ca.jnetpcap.FlowGenerator    FlagFIN current has 991 flow
2025-12-08 14:33:40 DEBUG cic.cs.unb.ca.jnetpcap.FlowGenerator    FlagFIN current has 991 flow
2025-12-08 14:33:40 DEBUG cic.cs.unb.ca.jnetpcap.FlowGenerator    FlagRST current has 991 flow
2025-12-08 14:33:40 INFO  cic.cs.unb.ca.jnetpcap.FlowGenerator    Forward flow closed due to FIN Flag
2025-12-08 14:33:40 DEBUG cic.cs.unb.ca.jnetpcap.FlowGenerator    FlagRST current has 992 flow
2025-12-08 14:33:40 INFO  cic.cs.unb.ca.jnetpcap.FlowGenerator    Forward flow closed due to FIN Flag
2025-12-08 14:33:40 INFO  cic.cs.unb.ca.jnetpcap.FlowGenerator    Forward flow closed due to FIN Flag
2025-12-08 14:33:40 DEBUG cic.cs.unb.ca.jnetpcap.FlowGenerator    FlagRST current has 1001 flow
2025-12-08 14:33:40 DEBUG cic.cs.unb.ca.jnetpcap.FlowGenerator    FlagFIN current has 1001 flow
2025-12-08 14:33:40 INFO  cic.cs.unb.ca.jnetpcap.FlowGenerator    Forward flow closed due to FIN Flag
2025-12-08 14:33:40 DEBUG cic.cs.unb.ca.jnetpcap.FlowGenerator    FlagFIN current has 1002 flow
2025-12-08 14:33:40 INFO  cic.cs.unb.ca.jnetpcap.FlowGenerator    Forward flow closed due to FIN Flag
2025-12-08 14:33:40 DEBUG cic.cs.unb.ca.jnetpcap.FlowGenerator    FlagFIN current has 1006 flow
2025-12-08 14:33:40 INFO  cic.cs.unb.ca.jnetpcap.FlowGenerator    Forward flow closed due to FIN Flag
2025-12-08 14:33:40 DEBUG cic.cs.unb.ca.jnetpcap.FlowGenerator    FlagFIN current has 1008 flow
2025-12-08 14:33:40 INFO  cic.cs.unb.ca.jnetpcap.FlowGenerator    Forward flow closed due to FIN Flag
2025-12-08 14:33:40 DEBUG cic.cs.unb.ca.jnetpcap.FlowGenerator    FlagFIN current has 1017 flow
2025-12-08 14:33:40 INFO  cic.cs.unb.ca.jnetpcap.FlowGenerator    Forward flow closed due to FIN Flag
2025-12-08 14:33:40 DEBUG cic.cs.unb.ca.jnetpcap.FlowGenerator    FlagFIN current has 1055 flow
2025-12-08 14:33:40 INFO  cic.cs.unb.ca.jnetpcap.FlowGenerator    Forward flow closed due to FIN Flag
2025-12-08 14:33:40 DEBUG cic.cs.unb.ca.jnetpcap.FlowGenerator    FlagFIN current has 1060 flow
2025-12-08 14:33:40 INFO  cic.cs.unb.ca.jnetpcap.FlowGenerator    Forward flow closed due to FIN Flag
2025-12-08 14:33:40 DEBUG cic.cs.unb.ca.jnetpcap.FlowGenerator    FlagFIN current has 1063 flow
2025-12-08 14:33:41 INFO  cic.cs.unb.ca.jnetpcap.FlowGenerator    Forward flow closed due to FIN Flag
2025-12-08 14:33:41 DEBUG cic.cs.unb.ca.jnetpcap.FlowGenerator    FlagFIN current has 1068 flow
2025-12-08 14:33:41 INFO  cic.cs.unb.ca.jnetpcap.FlowGenerator    Forward flow closed due to FIN Flag
2025-12-08 14:33:41 DEBUG cic.cs.unb.ca.jnetpcap.FlowGenerator    FlagFIN current has 1074 flow
2025-12-08 14:33:41 INFO  cic.cs.unb.ca.jnetpcap.FlowGenerator    Forward flow closed due to FIN Flag
2025-12-08 14:33:41 INFO  cic.cs.unb.ca.jnetpcap.FlowGenerator    Forward flow closed due to FIN Flag
2025-12-08 14:33:41 DEBUG cic.cs.unb.ca.jnetpcap.FlowGenerator    FlagFIN current has 1077 flow
2025-12-08 14:33:41 DEBUG cic.cs.unb.ca.jnetpcap.FlowGenerator    FlagFIN current has 1078 flow
2025-12-08 14:33:41 INFO  cic.cs.unb.ca.jnetpcap.FlowGenerator    Forward flow closed due to FIN Flag
2025-12-08 14:33:41 INFO  cic.cs.unb.ca.jnetpcap.FlowGenerator    Forward flow closed due to FIN Flag
2025-12-08 14:33:41 DEBUG cic.cs.unb.ca.jnetpcap.FlowGenerator    FlagRST current has 1080 flow
2025-12-08 14:33:41 DEBUG cic.cs.unb.ca.jnetpcap.FlowGenerator    FlagFIN current has 1079 flow
2025-12-08 14:33:41 INFO  cic.cs.unb.ca.jnetpcap.FlowGenerator    Forward flow closed due to FIN Flag
2025-12-08 14:33:41 INFO  cic.cs.unb.ca.jnetpcap.FlowGenerator    Forward flow closed due to FIN Flag
2025-12-08 14:33:41 DEBUG cic.cs.unb.ca.jnetpcap.FlowGenerator    FlagFIN current has 1084 flow
2025-12-08 14:33:41 DEBUG cic.cs.unb.ca.jnetpcap.FlowGenerator    FlagFIN current has 1084 flow
2025-12-08 14:33:41 INFO  cic.cs.unb.ca.jnetpcap.FlowGenerator    Forward flow closed due to FIN Flag
2025-12-08 14:33:41 INFO  cic.cs.unb.ca.jnetpcap.FlowGenerator    Forward flow closed due to FIN Flag
2025-12-08 14:33:41 DEBUG cic.cs.unb.ca.jnetpcap.FlowGenerator    FlagRST current has 1087 flow
2025-12-08 14:33:41 DEBUG cic.cs.unb.ca.jnetpcap.FlowGenerator    FlagFIN current has 1086 flow
2025-12-08 14:33:41 INFO  cic.cs.unb.ca.jnetpcap.FlowGenerator    Forward flow closed due to FIN Flag
2025-12-08 14:33:41 DEBUG cic.cs.unb.ca.jnetpcap.FlowGenerator    FlagFIN current has 1088 flow
2025-12-08 14:33:41 INFO  cic.cs.unb.ca.jnetpcap.FlowGenerator    Forward flow closed due to FIN Flag
2025-12-08 14:33:41 INFO  cic.cs.unb.ca.jnetpcap.FlowGenerator    Forward flow closed due to FIN Flag
2025-12-08 14:33:41 DEBUG cic.cs.unb.ca.jnetpcap.FlowGenerator    FlagFIN current has 1092 flow
2025-12-08 14:33:41 DEBUG cic.cs.unb.ca.jnetpcap.FlowGenerator    FlagRST current has 1092 flow
2025-12-08 14:33:41 INFO  cic.cs.unb.ca.jnetpcap.FlowGenerator    Forward flow closed due to FIN Flag
2025-12-08 14:33:41 INFO  cic.cs.unb.ca.jnetpcap.FlowGenerator    Forward flow closed due to FIN Flag
2025-12-08 14:33:41 DEBUG cic.cs.unb.ca.jnetpcap.FlowGenerator    FlagFIN current has 1093 flow
2025-12-08 14:33:41 INFO  cic.cs.unb.ca.jnetpcap.FlowGenerator    Forward flow closed due to FIN Flag
2025-12-08 14:33:41 INFO  cic.cs.unb.ca.jnetpcap.FlowGenerator    Forward flow closed due to FIN Flag
2025-12-08 14:33:41 DEBUG cic.cs.unb.ca.jnetpcap.FlowGenerator    FlagFIN current has 1094 flow
2025-12-08 14:33:41 DEBUG cic.cs.unb.ca.jnetpcap.FlowGenerator    FlagRST current has 1094 flow
2025-12-08 14:33:41 INFO  cic.cs.unb.ca.jnetpcap.FlowGenerator    Forward flow closed due to FIN Flag
2025-12-08 14:33:41 DEBUG cic.cs.unb.ca.jnetpcap.FlowGenerator    FlagRST current has 1094 flow
2025-12-08 14:33:41 INFO  cic.cs.unb.ca.jnetpcap.FlowGenerator    Forward flow closed due to FIN Flag
2025-12-08 14:33:41 DEBUG cic.cs.unb.ca.jnetpcap.FlowGenerator    FlagRST current has 1095 flow
2025-12-08 14:33:42 INFO  cic.cs.unb.ca.jnetpcap.FlowGenerator    Forward flow closed due to FIN Flag
2025-12-08 14:33:42 DEBUG cic.cs.unb.ca.jnetpcap.FlowGenerator    FlagRST current has 1103 flow
2025-12-08 14:33:42 INFO  cic.cs.unb.ca.jnetpcap.FlowGenerator    Forward flow closed due to FIN Flag
2025-12-08 14:33:42 DEBUG cic.cs.unb.ca.jnetpcap.FlowGenerator    FlagRST current has 1114 flow
2025-12-08 14:33:42 INFO  cic.cs.unb.ca.jnetpcap.FlowGenerator    Forward flow closed due to FIN Flag
2025-12-08 14:33:42 DEBUG cic.cs.unb.ca.jnetpcap.FlowGenerator    FlagRST current has 1145 flow
2025-12-08 14:33:42 INFO  cic.cs.unb.ca.jnetpcap.FlowGenerator    Forward flow closed due to FIN Flag
2025-12-08 14:33:42 DEBUG cic.cs.unb.ca.jnetpcap.FlowGenerator    FlagRST current has 1248 flow
2025-12-08 14:33:42 INFO  cic.cs.unb.ca.jnetpcap.FlowGenerator    Forward flow closed due to FIN Flag
2025-12-08 14:33:42 DEBUG cic.cs.unb.ca.jnetpcap.FlowGenerator    FlagRST current has 1270 flow
2025-12-08 14:33:43 INFO  cic.cs.unb.ca.jnetpcap.FlowGenerator    Forward flow closed due to FIN Flag
2025-12-08 14:33:43 DEBUG cic.cs.unb.ca.jnetpcap.FlowGenerator    FlagRST current has 1277 flow
2025-12-08 14:33:43 INFO  cic.cs.unb.ca.jnetpcap.FlowGenerator    Forward flow closed due to FIN Flag
2025-12-08 14:33:43 DEBUG cic.cs.unb.ca.jnetpcap.FlowGenerator    FlagFIN current has 1293 flow
2025-12-08 14:33:43 INFO  cic.cs.unb.ca.jnetpcap.FlowGenerator    Forward flow closed due to FIN Flag
2025-12-08 14:33:43 DEBUG cic.cs.unb.ca.jnetpcap.FlowGenerator    FlagRST current has 1326 flow
2025-12-08 14:33:43 INFO  cic.cs.unb.ca.jnetpcap.FlowGenerator    Forward flow closed due to FIN Flag
2025-12-08 14:33:43 DEBUG cic.cs.unb.ca.jnetpcap.FlowGenerator    FlagRST current has 1327 flow
2025-12-08 14:33:43 INFO  cic.cs.unb.ca.jnetpcap.FlowGenerator    Forward flow closed due to FIN Flag
2025-12-08 14:33:43 DEBUG cic.cs.unb.ca.jnetpcap.FlowGenerator    FlagRST current has 1354 flow
2025-12-08 14:33:43 INFO  cic.cs.unb.ca.jnetpcap.FlowGenerator    Forward flow closed due to FIN Flag
2025-12-08 14:33:43 DEBUG cic.cs.unb.ca.jnetpcap.FlowGenerator    FlagRST current has 1379 flow
2025-12-08 14:33:43 INFO  cic.cs.unb.ca.jnetpcap.FlowGenerator    Forward flow closed due to FIN Flag
2025-12-08 14:33:43 INFO  cic.cs.unb.ca.jnetpcap.FlowGenerator    Forward flow closed due to FIN Flag
2025-12-08 14:33:43 INFO  cic.cs.unb.ca.jnetpcap.FlowGenerator    Forward flow closed due to FIN Flag
2025-12-08 14:33:43 INFO  cic.cs.unb.ca.jnetpcap.FlowGenerator    Forward flow closed due to FIN Flag
2025-12-08 14:33:43 DEBUG cic.cs.unb.ca.jnetpcap.FlowGenerator    FlagFIN current has 1378 flow
2025-12-08 14:33:43 DEBUG cic.cs.unb.ca.jnetpcap.FlowGenerator    FlagFIN current has 1378 flow
2025-12-08 14:33:43 DEBUG cic.cs.unb.ca.jnetpcap.FlowGenerator    FlagFIN current has 1378 flow
2025-12-08 14:33:43 DEBUG cic.cs.unb.ca.jnetpcap.FlowGenerator    FlagFIN current has 1379 flow
2025-12-08 14:33:43 INFO  cic.cs.unb.ca.jnetpcap.FlowGenerator    Forward flow closed due to FIN Flag
2025-12-08 14:33:43 INFO  cic.cs.unb.ca.jnetpcap.FlowGenerator    Forward flow closed due to FIN Flag
2025-12-08 14:33:43 INFO  cic.cs.unb.ca.jnetpcap.FlowGenerator    Forward flow closed due to FIN Flag
2025-12-08 14:33:43 INFO  cic.cs.unb.ca.jnetpcap.FlowGenerator    Forward flow closed due to FIN Flag
2025-12-08 14:33:43 DEBUG cic.cs.unb.ca.jnetpcap.FlowGenerator    FlagRST current has 1381 flow
2025-12-08 14:33:43 DEBUG cic.cs.unb.ca.jnetpcap.FlowGenerator    FlagFIN current has 1381 flow
2025-12-08 14:33:43 DEBUG cic.cs.unb.ca.jnetpcap.FlowGenerator    FlagFIN current has 1388 flow
2025-12-08 14:33:43 DEBUG cic.cs.unb.ca.jnetpcap.FlowGenerator    FlagFIN current has 1388 flow
2025-12-08 14:33:43 INFO  cic.cs.unb.ca.jnetpcap.FlowGenerator    Forward flow closed due to FIN Flag
2025-12-08 14:33:43 INFO  cic.cs.unb.ca.jnetpcap.FlowGenerator    Forward flow closed due to FIN Flag
2025-12-08 14:33:43 INFO  cic.cs.unb.ca.jnetpcap.FlowGenerator    Forward flow closed due to FIN Flag
2025-12-08 14:33:43 INFO  cic.cs.unb.ca.jnetpcap.FlowGenerator    Forward flow closed due to FIN Flag
2025-12-08 14:33:43 INFO  cic.cs.unb.ca.jnetpcap.FlowGenerator    Forward flow closed due to FIN Flag
2025-12-08 14:33:43 INFO  cic.cs.unb.ca.jnetpcap.FlowGenerator    Forward flow closed due to FIN Flag
2025-12-08 14:33:43 DEBUG cic.cs.unb.ca.jnetpcap.FlowGenerator    FlagRST current has 1411 flow
2025-12-08 14:33:43 DEBUG cic.cs.unb.ca.jnetpcap.FlowGenerator    FlagRST current has 1410 flow
2025-12-08 14:33:43 DEBUG cic.cs.unb.ca.jnetpcap.FlowGenerator    FlagRST current has 1409 flow
2025-12-08 14:33:43 DEBUG cic.cs.unb.ca.jnetpcap.FlowGenerator    FlagRST current has 1408 flow
2025-12-08 14:33:43 DEBUG cic.cs.unb.ca.jnetpcap.FlowGenerator    FlagRST current has 1407 flow
2025-12-08 14:33:44 INFO  cic.cs.unb.ca.jnetpcap.FlowGenerator    Forward flow closed due to FIN Flag
2025-12-08 14:33:44 DEBUG cic.cs.unb.ca.jnetpcap.FlowGenerator    FlagRST current has 1412 flow
2025-12-08 14:33:44 INFO  cic.cs.unb.ca.jnetpcap.FlowGenerator    Forward flow closed due to FIN Flag
2025-12-08 14:33:44 DEBUG cic.cs.unb.ca.jnetpcap.FlowGenerator    FlagRST current has 1421 flow
2025-12-08 14:33:44 DEBUG cic.cs.unb.ca.jnetpcap.FlowGenerator    FlagFIN current has 1424 flow
2025-12-08 14:33:44 INFO  cic.cs.unb.ca.jnetpcap.FlowGenerator    Forward flow closed due to FIN Flag
2025-12-08 14:33:44 INFO  cic.cs.unb.ca.jnetpcap.FlowGenerator    Forward flow closed due to FIN Flag
2025-12-08 14:33:44 INFO  cic.cs.unb.ca.jnetpcap.FlowGenerator    Forward flow closed due to FIN Flag
2025-12-08 14:33:44 DEBUG cic.cs.unb.ca.jnetpcap.FlowGenerator    FlagRST current has 1431 flow
2025-12-08 14:33:44 DEBUG cic.cs.unb.ca.jnetpcap.FlowGenerator    FlagFIN current has 1430 flow
2025-12-08 14:33:44 DEBUG cic.cs.unb.ca.jnetpcap.FlowGenerator    FlagFIN current has 1430 flow
2025-12-08 14:33:44 DEBUG cic.cs.unb.ca.jnetpcap.FlowGenerator    FlagRST current has 1429 flow
2025-12-08 14:33:44 DEBUG cic.cs.unb.ca.jnetpcap.FlowGenerator    FlagRST current has 1428 flow
2025-12-08 14:33:44 INFO  cic.cs.unb.ca.jnetpcap.FlowGenerator    Forward flow closed due to FIN Flag
2025-12-08 14:33:44 DEBUG cic.cs.unb.ca.jnetpcap.FlowGenerator    FlagRST current has 1427 flow
2025-12-08 14:33:44 INFO  cic.cs.unb.ca.jnetpcap.FlowGenerator    Forward flow closed due to FIN Flag
2025-12-08 14:33:44 INFO  cic.cs.unb.ca.jnetpcap.FlowGenerator    Forward flow closed due to FIN Flag
2025-12-08 14:33:44 INFO  cic.cs.unb.ca.jnetpcap.FlowGenerator    Forward flow closed due to FIN Flag
2025-12-08 14:33:44 DEBUG cic.cs.unb.ca.jnetpcap.FlowGenerator    FlagRST current has 1429 flow
2025-12-08 14:33:44 INFO  cic.cs.unb.ca.jnetpcap.FlowGenerator    Forward flow closed due to FIN Flag
2025-12-08 14:33:44 DEBUG cic.cs.unb.ca.jnetpcap.FlowGenerator    FlagFIN current has 1428 flow
2025-12-08 14:33:44 DEBUG cic.cs.unb.ca.jnetpcap.FlowGenerator    FlagFIN current has 1428 flow
2025-12-08 14:33:44 DEBUG cic.cs.unb.ca.jnetpcap.FlowGenerator    FlagFIN current has 1428 flow
2025-12-08 14:33:44 INFO  cic.cs.unb.ca.jnetpcap.FlowGenerator    Forward flow closed due to FIN Flag
2025-12-08 14:33:44 INFO  cic.cs.unb.ca.jnetpcap.FlowGenerator    Forward flow closed due to FIN Flag
2025-12-08 14:33:44 DEBUG cic.cs.unb.ca.jnetpcap.FlowGenerator    FlagFIN current has 1435 flow
2025-12-08 14:33:44 INFO  cic.cs.unb.ca.jnetpcap.FlowGenerator    Forward flow closed due to FIN Flag
2025-12-08 14:33:44 INFO  cic.cs.unb.ca.jnetpcap.FlowGenerator    Forward flow closed due to FIN Flag
2025-12-08 14:33:44 INFO  cic.cs.unb.ca.jnetpcap.FlowGenerator    Forward flow closed due to FIN Flag
2025-12-08 14:33:44 INFO  cic.cs.unb.ca.jnetpcap.FlowGenerator    Forward flow closed due to FIN Flag
2025-12-08 14:33:44 INFO  cic.cs.unb.ca.jnetpcap.FlowGenerator    Forward flow closed due to FIN Flag
2025-12-08 14:33:44 INFO  cic.cs.unb.ca.jnetpcap.FlowGenerator    Forward flow closed due to FIN Flag
2025-12-08 14:33:44 DEBUG cic.cs.unb.ca.jnetpcap.FlowGenerator    FlagFIN current has 1436 flow
2025-12-08 14:33:44 DEBUG cic.cs.unb.ca.jnetpcap.FlowGenerator    FlagRST current has 1436 flow
2025-12-08 14:33:44 INFO  cic.cs.unb.ca.jnetpcap.FlowGenerator    Forward flow closed due to FIN Flag
2025-12-08 14:33:44 INFO  cic.cs.unb.ca.jnetpcap.FlowGenerator    Forward flow closed due to FIN Flag
2025-12-08 14:33:44 DEBUG cic.cs.unb.ca.jnetpcap.FlowGenerator    FlagFIN current has 1436 flow
2025-12-08 14:33:44 DEBUG cic.cs.unb.ca.jnetpcap.FlowGenerator    FlagFIN current has 1436 flow
2025-12-08 14:33:44 DEBUG cic.cs.unb.ca.jnetpcap.FlowGenerator    FlagRST current has 1442 flow
2025-12-08 14:33:44 DEBUG cic.cs.unb.ca.jnetpcap.FlowGenerator    FlagRST current has 1441 flow
2025-12-08 14:33:44 DEBUG cic.cs.unb.ca.jnetpcap.FlowGenerator    FlagRST current has 1440 flow
2025-12-08 14:33:44 DEBUG cic.cs.unb.ca.jnetpcap.FlowGenerator    FlagRST current has 1439 flow
2025-12-08 14:33:44 DEBUG cic.cs.unb.ca.jnetpcap.FlowGenerator    FlagRST current has 1438 flow
2025-12-08 14:33:44 INFO  cic.cs.unb.ca.jnetpcap.FlowGenerator    Forward flow closed due to FIN Flag
2025-12-08 14:33:44 DEBUG cic.cs.unb.ca.jnetpcap.FlowGenerator    FlagRST current has 1439 flow
2025-12-08 14:33:44 INFO  cic.cs.unb.ca.jnetpcap.FlowGenerator    Forward flow closed due to FIN Flag
2025-12-08 14:33:44 DEBUG cic.cs.unb.ca.jnetpcap.FlowGenerator    FlagRST current has 1447 flow
2025-12-08 14:33:44 DEBUG cic.cs.unb.ca.jnetpcap.FlowGenerator    FlagRST current has 1446 flow
2025-12-08 14:33:44 INFO  cic.cs.unb.ca.jnetpcap.FlowGenerator    Forward flow closed due to FIN Flag
2025-12-08 14:33:44 INFO  cic.cs.unb.ca.jnetpcap.FlowGenerator    Forward flow closed due to FIN Flag
2025-12-08 14:33:44 INFO  cic.cs.unb.ca.jnetpcap.FlowGenerator    Forward flow closed due to FIN Flag
2025-12-08 14:33:44 DEBUG cic.cs.unb.ca.jnetpcap.FlowGenerator    FlagRST current has 1446 flow
2025-12-08 14:33:44 INFO  cic.cs.unb.ca.jnetpcap.FlowGenerator    Forward flow closed due to FIN Flag
2025-12-08 14:33:44 DEBUG cic.cs.unb.ca.jnetpcap.FlowGenerator    FlagRST current has 1447 flow
2025-12-08 14:33:44 INFO  cic.cs.unb.ca.jnetpcap.FlowGenerator    Forward flow closed due to FIN Flag
2025-12-08 14:33:44 DEBUG cic.cs.unb.ca.jnetpcap.FlowGenerator    FlagRST current has 1448 flow
2025-12-08 14:33:44 INFO  cic.cs.unb.ca.jnetpcap.FlowGenerator    Forward flow closed due to FIN Flag
2025-12-08 14:33:44 DEBUG cic.cs.unb.ca.jnetpcap.FlowGenerator    FlagRST current has 1454 flow
2025-12-08 14:33:44 INFO  cic.cs.unb.ca.jnetpcap.FlowGenerator    Forward flow closed due to FIN Flag
2025-12-08 14:33:44 DEBUG cic.cs.unb.ca.jnetpcap.FlowGenerator    FlagRST current has 1454 flow
2025-12-08 14:33:44 INFO  cic.cs.unb.ca.jnetpcap.FlowGenerator    Forward flow closed due to FIN Flag
2025-12-08 14:33:44 DEBUG cic.cs.unb.ca.jnetpcap.FlowGenerator    FlagRST current has 1456 flow
2025-12-08 14:33:44 INFO  cic.cs.unb.ca.jnetpcap.FlowGenerator    Forward flow closed due to FIN Flag
2025-12-08 14:33:44 DEBUG cic.cs.unb.ca.jnetpcap.FlowGenerator    FlagRST current has 1456 flow
2025-12-08 14:33:44 INFO  cic.cs.unb.ca.jnetpcap.FlowGenerator    Forward flow closed due to FIN Flag
2025-12-08 14:33:44 DEBUG cic.cs.unb.ca.jnetpcap.FlowGenerator    FlagRST current has 1459 flow
2025-12-08 14:33:44 INFO  cic.cs.unb.ca.jnetpcap.FlowGenerator    Forward flow closed due to FIN Flag
2025-12-08 14:33:45 DEBUG cic.cs.unb.ca.jnetpcap.FlowGenerator    FlagRST current has 1458 flow
2025-12-08 14:33:45 INFO  cic.cs.unb.ca.jnetpcap.FlowGenerator    Forward flow closed due to FIN Flag
2025-12-08 14:33:45 DEBUG cic.cs.unb.ca.jnetpcap.FlowGenerator    FlagRST current has 1459 flow
2025-12-08 14:33:45 INFO  cic.cs.unb.ca.jnetpcap.FlowGenerator    Forward flow closed due to FIN Flag
2025-12-08 14:33:45 INFO  cic.cs.unb.ca.jnetpcap.FlowGenerator    Forward flow closed due to FIN Flag
2025-12-08 14:33:45 DEBUG cic.cs.unb.ca.jnetpcap.FlowGenerator    FlagRST current has 1460 flow
2025-12-08 14:33:45 INFO  cic.cs.unb.ca.jnetpcap.FlowGenerator    Forward flow closed due to FIN Flag
2025-12-08 14:33:45 INFO  cic.cs.unb.ca.jnetpcap.FlowGenerator    Forward flow closed due to FIN Flag
2025-12-08 14:33:45 DEBUG cic.cs.unb.ca.jnetpcap.FlowGenerator    FlagFIN current has 1461 flow
2025-12-08 14:33:45 DEBUG cic.cs.unb.ca.jnetpcap.FlowGenerator    FlagRST current has 1461 flow
2025-12-08 14:33:45 INFO  cic.cs.unb.ca.jnetpcap.FlowGenerator    Forward flow closed due to FIN Flag
2025-12-08 14:33:45 INFO  cic.cs.unb.ca.jnetpcap.FlowGenerator    Forward flow closed due to FIN Flag
2025-12-08 14:33:45 DEBUG cic.cs.unb.ca.jnetpcap.FlowGenerator    FlagRST current has 1460 flow
2025-12-08 14:33:45 DEBUG cic.cs.unb.ca.jnetpcap.FlowGenerator    FlagRST current has 1459 flow
2025-12-08 14:33:45 DEBUG cic.cs.unb.ca.jnetpcap.FlowGenerator    FlagRST current has 1458 flow
2025-12-08 14:33:45 INFO  cic.cs.unb.ca.jnetpcap.FlowGenerator    Forward flow closed due to FIN Flag
2025-12-08 14:33:45 DEBUG cic.cs.unb.ca.jnetpcap.FlowGenerator    FlagRST current has 1459 flow
2025-12-08 14:33:45 INFO  cic.cs.unb.ca.jnetpcap.FlowGenerator    Forward flow closed due to FIN Flag
2025-12-08 14:33:45 DEBUG cic.cs.unb.ca.jnetpcap.FlowGenerator    FlagRST current has 1460 flow
2025-12-08 14:33:45 INFO  cic.cs.unb.ca.jnetpcap.FlowGenerator    Forward flow closed due to FIN Flag
2025-12-08 14:33:45 DEBUG cic.cs.unb.ca.jnetpcap.FlowGenerator    FlagFIN current has 1459 flow
2025-12-08 14:33:45 DEBUG cic.cs.unb.ca.jnetpcap.FlowGenerator    FlagRST current has 1459 flow
2025-12-08 14:33:47 INFO  cic.cs.unb.ca.jnetpcap.FlowGenerator    Forward flow closed due to FIN Flag
2025-12-08 14:33:47 DEBUG cic.cs.unb.ca.jnetpcap.FlowGenerator    FlagRST current has 1466 flow
2025-12-08 14:33:53 DEBUG cic.cs.unb.ca.jnetpcap.FlowGenerator    FlagFIN current has 1622 flow
2025-12-08 14:33:53 INFO  cic.cs.unb.ca.jnetpcap.FlowGenerator    Forward flow closed due to FIN Flag
2025-12-08 14:33:53 DEBUG cic.cs.unb.ca.jnetpcap.FlowGenerator    FlagRST current has 1624 flow
2025-12-08 14:33:54 INFO  cic.cs.unb.ca.jnetpcap.FlowGenerator    Forward flow closed due to FIN Flag
2025-12-08 14:33:54 DEBUG cic.cs.unb.ca.jnetpcap.FlowGenerator    FlagFIN current has 1636 flow
2025-12-08 14:33:54 DEBUG cic.cs.unb.ca.jnetpcap.FlowGenerator    FlagFIN current has 1652 flow
2025-12-08 14:33:54 DEBUG cic.cs.unb.ca.jnetpcap.FlowGenerator    FlagFIN current has 1652 flow
2025-12-08 14:33:54 INFO  cic.cs.unb.ca.jnetpcap.FlowGenerator    Forward flow closed due to FIN Flag
2025-12-08 14:33:54 DEBUG cic.cs.unb.ca.jnetpcap.FlowGenerator    FlagRST current has 1744 flow
2025-12-08 14:33:54 DEBUG cic.cs.unb.ca.jnetpcap.FlowGenerator    FlagFIN current has 1743 flow
2025-12-08 14:33:54 DEBUG cic.cs.unb.ca.jnetpcap.FlowGenerator    FlagFIN current has 1742 flow
2025-12-08 14:33:54 INFO  cic.cs.unb.ca.jnetpcap.FlowGenerator    Forward flow closed due to FIN Flag
2025-12-08 14:33:54 INFO  cic.cs.unb.ca.jnetpcap.FlowGenerator    Forward flow closed due to FIN Flag
2025-12-08 14:33:54 DEBUG cic.cs.unb.ca.jnetpcap.FlowGenerator    FlagFIN current has 1744 flow
2025-12-08 14:33:54 INFO  cic.cs.unb.ca.jnetpcap.FlowGenerator    Forward flow closed due to FIN Flag
2025-12-08 14:33:55 INFO  cic.cs.unb.ca.jnetpcap.FlowGenerator    Forward flow closed due to FIN Flag
2025-12-08 14:33:55 DEBUG cic.cs.unb.ca.jnetpcap.FlowGenerator    FlagRST current has 1806 flow
2025-12-08 14:33:55 DEBUG cic.cs.unb.ca.jnetpcap.FlowGenerator    FlagFIN current has 1813 flow
2025-12-08 14:33:56 INFO  cic.cs.unb.ca.jnetpcap.FlowGenerator    Forward flow closed due to FIN Flag
2025-12-08 14:33:56 DEBUG cic.cs.unb.ca.jnetpcap.FlowGenerator    FlagFIN current has 1822 flow
2025-12-08 14:33:57 DEBUG cic.cs.unb.ca.jnetpcap.FlowGenerator    FlagFIN current has 1833 flow
2025-12-08 14:33:57 INFO  cic.cs.unb.ca.jnetpcap.FlowGenerator    Forward flow closed due to FIN Flag
2025-12-08 14:33:57 DEBUG cic.cs.unb.ca.jnetpcap.FlowGenerator    FlagRST current has 1833 flow
2025-12-08 14:33:57 DEBUG cic.cs.unb.ca.jnetpcap.FlowGenerator    FlagFIN current has 1844 flow
2025-12-08 14:33:57 INFO  cic.cs.unb.ca.jnetpcap.FlowGenerator    Forward flow closed due to FIN Flag
2025-12-08 14:33:57 DEBUG cic.cs.unb.ca.jnetpcap.FlowGenerator    FlagRST current has 1846 flow
2025-12-08 14:33:57 INFO  cic.cs.unb.ca.jnetpcap.FlowGenerator    Forward flow closed due to FIN Flag
2025-12-08 14:33:57 DEBUG cic.cs.unb.ca.jnetpcap.FlowGenerator    FlagRST current has 1847 flow
2025-12-08 14:33:58 INFO  cic.cs.unb.ca.jnetpcap.FlowGenerator    Forward flow closed due to FIN Flag
2025-12-08 14:33:58 DEBUG cic.cs.unb.ca.jnetpcap.FlowGenerator    FlagRST current has 1854 flow
2025-12-08 14:33:59 INFO  cic.cs.unb.ca.jnetpcap.FlowGenerator    Forward flow closed due to FIN Flag
2025-12-08 14:33:59 DEBUG cic.cs.unb.ca.jnetpcap.FlowGenerator    FlagRST current has 1856 flow
2025-12-08 14:34:08 DEBUG cic.cs.unb.ca.jnetpcap.FlowGenerator    FlagFIN current has 1993 flow
2025-12-08 14:34:10 INFO  cic.cs.unb.ca.jnetpcap.FlowGenerator    Forward flow closed due to FIN Flag
2025-12-08 14:34:10 DEBUG cic.cs.unb.ca.jnetpcap.FlowGenerator    FlagRST current has 2011 flow
2025-12-08 14:34:11 DEBUG cic.cs.unb.ca.jnetpcap.FlowGenerator    FlagFIN current has 2023 flow
2025-12-08 14:34:11 INFO  cic.cs.unb.ca.jnetpcap.FlowGenerator    Forward flow closed due to FIN Flag
2025-12-08 14:34:13 INFO  cic.cs.unb.ca.jnetpcap.FlowGenerator    Forward flow closed due to FIN Flag
2025-12-08 14:34:13 INFO  cic.cs.unb.ca.jnetpcap.FlowGenerator    Forward flow closed due to FIN Flag
2025-12-08 14:34:13 DEBUG cic.cs.unb.ca.jnetpcap.FlowGenerator    FlagFIN current has 2037 flow
2025-12-08 14:34:13 DEBUG cic.cs.unb.ca.jnetpcap.FlowGenerator    FlagFIN current has 2037 flow
2025-12-08 14:34:13 INFO  cic.cs.unb.ca.jnetpcap.FlowGenerator    Forward flow closed due to FIN Flag
2025-12-08 14:34:13 INFO  cic.cs.unb.ca.jnetpcap.FlowGenerator    Forward flow closed due to FIN Flag
2025-12-08 14:34:13 DEBUG cic.cs.unb.ca.jnetpcap.FlowGenerator    FlagFIN current has 2040 flow
2025-12-08 14:34:13 DEBUG cic.cs.unb.ca.jnetpcap.FlowGenerator    FlagFIN current has 2040 flow
2025-12-08 14:34:13 INFO  cic.cs.unb.ca.jnetpcap.FlowGenerator    Forward flow closed due to FIN Flag
2025-12-08 14:34:13 DEBUG cic.cs.unb.ca.jnetpcap.FlowGenerator    FlagFIN current has 2040 flow
2025-12-08 14:34:15 DEBUG cic.cs.unb.ca.jnetpcap.FlowGenerator    Timeout current has 2050 flow
2025-12-08 14:34:15 DEBUG cic.cs.unb.ca.jnetpcap.FlowGenerator    Timeout current has 2050 flow
2025-12-08 14:34:15 DEBUG cic.cs.unb.ca.jnetpcap.FlowGenerator    Timeout current has 2050 flow
2025-12-08 14:34:18 INFO  cic.cs.unb.ca.jnetpcap.FlowGenerator    Forward flow closed due to FIN Flag
2025-12-08 14:34:18 DEBUG cic.cs.unb.ca.jnetpcap.FlowGenerator    FlagFIN current has 2067 flow
2025-12-08 14:34:20 DEBUG cic.cs.unb.ca.jnetpcap.FlowGenerator    FlagFIN current has 2086 flow
2025-12-08 14:34:20 INFO  cic.cs.unb.ca.jnetpcap.FlowGenerator    Forward flow closed due to FIN Flag
2025-12-08 14:34:22 DEBUG cic.cs.unb.ca.jnetpcap.FlowGenerator    FlagRST current has 2127 flow
2025-12-08 14:34:22 DEBUG cic.cs.unb.ca.jnetpcap.FlowGenerator    FlagRST current has 2139 flow
2025-12-08 14:34:22 DEBUG cic.cs.unb.ca.jnetpcap.FlowGenerator    FlagRST current has 2139 flow
2025-12-08 14:34:23 INFO  cic.cs.unb.ca.jnetpcap.FlowGenerator    Forward flow closed due to FIN Flag
2025-12-08 14:34:23 DEBUG cic.cs.unb.ca.jnetpcap.FlowGenerator    FlagRST current has 2179 flow
2025-12-08 14:34:23 DEBUG cic.cs.unb.ca.jnetpcap.FlowGenerator    FlagFIN current has 2179 flow
2025-12-08 14:34:23 DEBUG cic.cs.unb.ca.jnetpcap.FlowGenerator    FlagFIN current has 2179 flow
2025-12-08 14:34:24 INFO  cic.cs.unb.ca.jnetpcap.FlowGenerator    Forward flow closed due to FIN Flag
2025-12-08 14:34:24 DEBUG cic.cs.unb.ca.jnetpcap.FlowGenerator    FlagRST current has 2187 flow
2025-12-08 14:34:24 INFO  cic.cs.unb.ca.jnetpcap.FlowGenerator    Forward flow closed due to FIN Flag
2025-12-08 14:34:24 DEBUG cic.cs.unb.ca.jnetpcap.FlowGenerator    FlagRST current has 2187 flow
2025-12-08 14:34:24 INFO  cic.cs.unb.ca.jnetpcap.FlowGenerator    Forward flow closed due to FIN Flag
2025-12-08 14:34:24 DEBUG cic.cs.unb.ca.jnetpcap.FlowGenerator    FlagFIN current has 2188 flow
2025-12-08 14:34:24 INFO  cic.cs.unb.ca.jnetpcap.FlowGenerator    Forward flow closed due to FIN Flag
2025-12-08 14:34:24 DEBUG cic.cs.unb.ca.jnetpcap.FlowGenerator    FlagRST current has 2188 flow
2025-12-08 14:34:24 INFO  cic.cs.unb.ca.jnetpcap.FlowGenerator    Forward flow closed due to FIN Flag
2025-12-08 14:34:24 DEBUG cic.cs.unb.ca.jnetpcap.FlowGenerator    FlagFIN current has 2189 flow
2025-12-08 14:34:24 INFO  cic.cs.unb.ca.jnetpcap.FlowGenerator    Forward flow closed due to FIN Flag
2025-12-08 14:34:24 INFO  cic.cs.unb.ca.jnetpcap.FlowGenerator    Forward flow closed due to FIN Flag
2025-12-08 14:34:24 DEBUG cic.cs.unb.ca.jnetpcap.FlowGenerator    FlagRST current has 2189 flow
2025-12-08 14:34:24 INFO  cic.cs.unb.ca.jnetpcap.FlowGenerator    Forward flow closed due to FIN Flag
2025-12-08 14:34:24 DEBUG cic.cs.unb.ca.jnetpcap.FlowGenerator    FlagRST current has 2193 flow
2025-12-08 14:34:24 INFO  cic.cs.unb.ca.jnetpcap.FlowGenerator    Forward flow closed due to FIN Flag
2025-12-08 14:34:24 DEBUG cic.cs.unb.ca.jnetpcap.FlowGenerator    FlagFIN current has 2195 flow
2025-12-08 14:34:24 INFO  cic.cs.unb.ca.jnetpcap.FlowGenerator    Forward flow closed due to FIN Flag
2025-12-08 14:34:24 INFO  cic.cs.unb.ca.jnetpcap.FlowGenerator    Forward flow closed due to FIN Flag
2025-12-08 14:34:24 INFO  cic.cs.unb.ca.jnetpcap.FlowGenerator    Forward flow closed due to FIN Flag
2025-12-08 14:34:24 DEBUG cic.cs.unb.ca.jnetpcap.FlowGenerator    FlagRST current has 2196 flow
2025-12-08 14:34:24 DEBUG cic.cs.unb.ca.jnetpcap.FlowGenerator    FlagFIN current has 2195 flow
2025-12-08 14:34:24 DEBUG cic.cs.unb.ca.jnetpcap.FlowGenerator    FlagFIN current has 2196 flow
2025-12-08 14:34:24 INFO  cic.cs.unb.ca.jnetpcap.FlowGenerator    Forward flow closed due to FIN Flag
2025-12-08 14:34:24 DEBUG cic.cs.unb.ca.jnetpcap.FlowGenerator    FlagRST current has 2196 flow
2025-12-08 14:34:24 INFO  cic.cs.unb.ca.jnetpcap.FlowGenerator    Forward flow closed due to FIN Flag
2025-12-08 14:34:24 INFO  cic.cs.unb.ca.jnetpcap.FlowGenerator    Forward flow closed due to FIN Flag
2025-12-08 14:34:24 DEBUG cic.cs.unb.ca.jnetpcap.FlowGenerator    FlagFIN current has 2196 flow
2025-12-08 14:34:24 DEBUG cic.cs.unb.ca.jnetpcap.FlowGenerator    FlagRST current has 2196 flow
2025-12-08 14:34:25 INFO  cic.cs.unb.ca.jnetpcap.FlowGenerator    Forward flow closed due to FIN Flag
2025-12-08 14:34:25 DEBUG cic.cs.unb.ca.jnetpcap.FlowGenerator    FlagRST current has 2196 flow
2025-12-08 14:34:25 INFO  cic.cs.unb.ca.jnetpcap.FlowGenerator    Forward flow closed due to FIN Flag
2025-12-08 14:34:25 DEBUG cic.cs.unb.ca.jnetpcap.FlowGenerator    FlagRST current has 2195 flow
2025-12-08 14:34:25 INFO  cic.cs.unb.ca.jnetpcap.FlowGenerator    Forward flow closed due to FIN Flag
2025-12-08 14:34:25 INFO  cic.cs.unb.ca.jnetpcap.FlowGenerator    Forward flow closed due to FIN Flag
2025-12-08 14:34:25 DEBUG cic.cs.unb.ca.jnetpcap.FlowGenerator    FlagRST current has 2194 flow
2025-12-08 14:34:25 INFO  cic.cs.unb.ca.jnetpcap.FlowGenerator    Forward flow closed due to FIN Flag
2025-12-08 14:34:25 INFO  cic.cs.unb.ca.jnetpcap.FlowGenerator    Forward flow closed due to FIN Flag
2025-12-08 14:34:25 INFO  cic.cs.unb.ca.jnetpcap.FlowGenerator    Forward flow closed due to FIN Flag
2025-12-08 14:34:25 DEBUG cic.cs.unb.ca.jnetpcap.FlowGenerator    FlagFIN current has 2200 flow
2025-12-08 14:34:25 DEBUG cic.cs.unb.ca.jnetpcap.FlowGenerator    FlagFIN current has 2201 flow
2025-12-08 14:34:25 INFO  cic.cs.unb.ca.jnetpcap.FlowGenerator    Forward flow closed due to FIN Flag
2025-12-08 14:34:25 INFO  cic.cs.unb.ca.jnetpcap.FlowGenerator    Forward flow closed due to FIN Flag
2025-12-08 14:34:25 DEBUG cic.cs.unb.ca.jnetpcap.FlowGenerator    FlagFIN current has 2201 flow
2025-12-08 14:34:25 DEBUG cic.cs.unb.ca.jnetpcap.FlowGenerator    FlagFIN current has 2201 flow
2025-12-08 14:34:25 INFO  cic.cs.unb.ca.jnetpcap.FlowGenerator    Forward flow closed due to FIN Flag
2025-12-08 14:34:25 DEBUG cic.cs.unb.ca.jnetpcap.FlowGenerator    FlagFIN current has 2202 flow
2025-12-08 14:34:25 INFO  cic.cs.unb.ca.jnetpcap.FlowGenerator    Forward flow closed due to FIN Flag
2025-12-08 14:34:25 INFO  cic.cs.unb.ca.jnetpcap.FlowGenerator    Forward flow closed due to FIN Flag
2025-12-08 14:34:25 DEBUG cic.cs.unb.ca.jnetpcap.FlowGenerator    FlagFIN current has 2211 flow
2025-12-08 14:34:26 INFO  cic.cs.unb.ca.jnetpcap.FlowGenerator    Forward flow closed due to FIN Flag
2025-12-08 14:34:26 INFO  cic.cs.unb.ca.jnetpcap.FlowGenerator    Forward flow closed due to FIN Flag
2025-12-08 14:34:26 INFO  cic.cs.unb.ca.jnetpcap.FlowGenerator    Forward flow closed due to FIN Flag
2025-12-08 14:34:26 DEBUG cic.cs.unb.ca.jnetpcap.FlowGenerator    FlagFIN current has 2222 flow
2025-12-08 14:34:26 DEBUG cic.cs.unb.ca.jnetpcap.FlowGenerator    FlagRST current has 2222 flow
2025-12-08 14:34:26 DEBUG cic.cs.unb.ca.jnetpcap.FlowGenerator    FlagFIN current has 2228 flow
2025-12-08 14:34:26 DEBUG cic.cs.unb.ca.jnetpcap.FlowGenerator    FlagRST current has 2228 flow
2025-12-08 14:34:26 DEBUG cic.cs.unb.ca.jnetpcap.FlowGenerator    FlagFIN current has 2248 flow
2025-12-08 14:34:26 DEBUG cic.cs.unb.ca.jnetpcap.FlowGenerator    FlagRST current has 2248 flow
2025-12-08 14:34:26 DEBUG cic.cs.unb.ca.jnetpcap.FlowGenerator    FlagRST current has 2248 flow
2025-12-08 14:34:26 DEBUG cic.cs.unb.ca.jnetpcap.FlowGenerator    FlagRST current has 2247 flow
2025-12-08 14:34:26 DEBUG cic.cs.unb.ca.jnetpcap.FlowGenerator    FlagRST current has 2246 flow
2025-12-08 14:34:26 DEBUG cic.cs.unb.ca.jnetpcap.FlowGenerator    FlagRST current has 2245 flow
2025-12-08 14:34:26 DEBUG cic.cs.unb.ca.jnetpcap.FlowGenerator    FlagRST current has 2244 flow
2025-12-08 14:34:26 DEBUG cic.cs.unb.ca.jnetpcap.FlowGenerator    FlagRST current has 2243 flow
2025-12-08 14:34:26 DEBUG cic.cs.unb.ca.jnetpcap.FlowGenerator    FlagRST current has 2242 flow
2025-12-08 14:34:26 DEBUG cic.cs.unb.ca.jnetpcap.FlowGenerator    FlagRST current has 2241 flow
2025-12-08 14:34:26 DEBUG cic.cs.unb.ca.jnetpcap.FlowGenerator    FlagRST current has 2240 flow
2025-12-08 14:34:26 DEBUG cic.cs.unb.ca.jnetpcap.FlowGenerator    FlagRST current has 2239 flow
2025-12-08 14:34:26 DEBUG cic.cs.unb.ca.jnetpcap.FlowGenerator    FlagRST current has 2238 flow
2025-12-08 14:34:26 DEBUG cic.cs.unb.ca.jnetpcap.FlowGenerator    FlagRST current has 2237 flow
2025-12-08 14:34:26 INFO  cic.cs.unb.ca.jnetpcap.FlowGenerator    Forward flow closed due to FIN Flag
2025-12-08 14:34:27 INFO  cic.cs.unb.ca.jnetpcap.FlowGenerator    Forward flow closed due to FIN Flag
2025-12-08 14:34:27 DEBUG cic.cs.unb.ca.jnetpcap.FlowGenerator    FlagFIN current has 2245 flow
2025-12-08 14:34:27 DEBUG cic.cs.unb.ca.jnetpcap.FlowGenerator    FlagFIN current has 2245 flow
2025-12-08 14:34:27 INFO  cic.cs.unb.ca.jnetpcap.FlowGenerator    Forward flow closed due to FIN Flag
2025-12-08 14:34:27 DEBUG cic.cs.unb.ca.jnetpcap.FlowGenerator    FlagRST current has 2255 flow
2025-12-08 14:34:27 DEBUG cic.cs.unb.ca.jnetpcap.FlowGenerator    FlagFIN current has 2274 flow
2025-12-08 14:34:27 DEBUG cic.cs.unb.ca.jnetpcap.FlowGenerator    FlagFIN current has 2274 flow
2025-12-08 14:34:27 DEBUG cic.cs.unb.ca.jnetpcap.FlowGenerator    FlagFIN current has 2300 flow
2025-12-08 14:34:27 INFO  cic.cs.unb.ca.jnetpcap.FlowGenerator    Forward flow closed due to FIN Flag
2025-12-08 14:34:27 INFO  cic.cs.unb.ca.jnetpcap.FlowGenerator    Forward flow closed due to FIN Flag
2025-12-08 14:34:27 DEBUG cic.cs.unb.ca.jnetpcap.FlowGenerator    FlagFIN current has 2302 flow
2025-12-08 14:34:27 INFO  cic.cs.unb.ca.jnetpcap.FlowGenerator    Forward flow closed due to FIN Flag
2025-12-08 14:34:27 INFO  cic.cs.unb.ca.jnetpcap.FlowGenerator    Forward flow closed due to FIN Flag
2025-12-08 14:34:27 DEBUG cic.cs.unb.ca.jnetpcap.FlowGenerator    FlagFIN current has 2309 flow
2025-12-08 14:34:27 DEBUG cic.cs.unb.ca.jnetpcap.FlowGenerator    FlagFIN current has 2308 flow
2025-12-08 14:34:27 INFO  cic.cs.unb.ca.jnetpcap.FlowGenerator    Forward flow closed due to FIN Flag
2025-12-08 14:34:27 INFO  cic.cs.unb.ca.jnetpcap.FlowGenerator    Forward flow closed due to FIN Flag
2025-12-08 14:34:28 INFO  cic.cs.unb.ca.jnetpcap.FlowGenerator    Forward flow closed due to FIN Flag
2025-12-08 14:34:28 DEBUG cic.cs.unb.ca.jnetpcap.FlowGenerator    FlagFIN current has 2341 flow
2025-12-08 14:34:28 DEBUG cic.cs.unb.ca.jnetpcap.FlowGenerator    FlagFIN current has 2341 flow
2025-12-08 14:34:28 INFO  cic.cs.unb.ca.jnetpcap.FlowGenerator    Forward flow closed due to FIN Flag
2025-12-08 14:34:28 INFO  cic.cs.unb.ca.jnetpcap.FlowGenerator    Forward flow closed due to FIN Flag
2025-12-08 14:34:28 INFO  cic.cs.unb.ca.jnetpcap.FlowGenerator    Forward flow closed due to FIN Flag
2025-12-08 14:34:28 DEBUG cic.cs.unb.ca.jnetpcap.FlowGenerator    FlagFIN current has 2344 flow
2025-12-08 14:34:28 DEBUG cic.cs.unb.ca.jnetpcap.FlowGenerator    FlagFIN current has 2344 flow
2025-12-08 14:34:28 DEBUG cic.cs.unb.ca.jnetpcap.FlowGenerator    FlagFIN current has 2344 flow
2025-12-08 14:34:28 DEBUG cic.cs.unb.ca.jnetpcap.FlowGenerator    FlagFIN current has 2344 flow
2025-12-08 14:34:28 DEBUG cic.cs.unb.ca.jnetpcap.FlowGenerator    FlagRST current has 2344 flow
2025-12-08 14:34:28 INFO  cic.cs.unb.ca.jnetpcap.FlowGenerator    Forward flow closed due to FIN Flag
2025-12-08 14:34:28 DEBUG cic.cs.unb.ca.jnetpcap.FlowGenerator    FlagRST current has 2344 flow
2025-12-08 14:34:28 INFO  cic.cs.unb.ca.jnetpcap.FlowGenerator    Forward flow closed due to FIN Flag
2025-12-08 14:34:28 INFO  cic.cs.unb.ca.jnetpcap.FlowGenerator    Forward flow closed due to FIN Flag
2025-12-08 14:34:28 DEBUG cic.cs.unb.ca.jnetpcap.FlowGenerator    FlagFIN current has 2345 flow
2025-12-08 14:34:28 INFO  cic.cs.unb.ca.jnetpcap.FlowGenerator    Forward flow closed due to FIN Flag
2025-12-08 14:34:28 DEBUG cic.cs.unb.ca.jnetpcap.FlowGenerator    FlagRST current has 2347 flow
2025-12-08 14:34:31 DEBUG cic.cs.unb.ca.jnetpcap.FlowGenerator    FlagRST current has 2362 flow
2025-12-08 14:34:31 DEBUG cic.cs.unb.ca.jnetpcap.FlowGenerator    FlagRST current has 2361 flow
2025-12-08 14:34:31 DEBUG cic.cs.unb.ca.jnetpcap.FlowGenerator    FlagRST current has 2360 flow
2025-12-08 14:34:31 DEBUG cic.cs.unb.ca.jnetpcap.FlowGenerator    FlagRST current has 2359 flow
2025-12-08 14:34:31 INFO  cic.cs.unb.ca.jnetpcap.FlowGenerator    Forward flow closed due to FIN Flag
2025-12-08 14:34:31 INFO  cic.cs.unb.ca.jnetpcap.FlowGenerator    Forward flow closed due to FIN Flag
2025-12-08 14:34:31 INFO  cic.cs.unb.ca.jnetpcap.FlowGenerator    Forward flow closed due to FIN Flag
2025-12-08 14:34:31 INFO  cic.cs.unb.ca.jnetpcap.FlowGenerator    Forward flow closed due to FIN Flag
2025-12-08 14:34:31 INFO  cic.cs.unb.ca.jnetpcap.FlowGenerator    Forward flow closed due to FIN Flag
2025-12-08 14:34:31 INFO  cic.cs.unb.ca.jnetpcap.FlowGenerator    Forward flow closed due to FIN Flag
2025-12-08 14:34:31 INFO  cic.cs.unb.ca.jnetpcap.FlowGenerator    Forward flow closed due to FIN Flag
2025-12-08 14:34:31 INFO  cic.cs.unb.ca.jnetpcap.FlowGenerator    Forward flow closed due to FIN Flag
2025-12-08 14:34:31 INFO  cic.cs.unb.ca.jnetpcap.FlowGenerator    Forward flow closed due to FIN Flag
2025-12-08 14:34:31 INFO  cic.cs.unb.ca.jnetpcap.FlowGenerator    Forward flow closed due to FIN Flag
2025-12-08 14:34:31 INFO  cic.cs.unb.ca.jnetpcap.FlowGenerator    Forward flow closed due to FIN Flag
2025-12-08 14:34:31 DEBUG cic.cs.unb.ca.jnetpcap.FlowGenerator    FlagFIN current has 2382 flow
2025-12-08 14:34:31 DEBUG cic.cs.unb.ca.jnetpcap.FlowGenerator    FlagFIN current has 2382 flow
2025-12-08 14:34:31 DEBUG cic.cs.unb.ca.jnetpcap.FlowGenerator    FlagFIN current has 2382 flow
2025-12-08 14:34:31 DEBUG cic.cs.unb.ca.jnetpcap.FlowGenerator    FlagFIN current has 2382 flow
2025-12-08 14:34:31 DEBUG cic.cs.unb.ca.jnetpcap.FlowGenerator    FlagFIN current has 2382 flow
2025-12-08 14:34:31 DEBUG cic.cs.unb.ca.jnetpcap.FlowGenerator    FlagFIN current has 2382 flow
2025-12-08 14:34:31 DEBUG cic.cs.unb.ca.jnetpcap.FlowGenerator    FlagFIN current has 2382 flow
2025-12-08 14:34:31 DEBUG cic.cs.unb.ca.jnetpcap.FlowGenerator    FlagFIN current has 2382 flow
2025-12-08 14:34:31 DEBUG cic.cs.unb.ca.jnetpcap.FlowGenerator    FlagFIN current has 2382 flow
2025-12-08 14:34:31 DEBUG cic.cs.unb.ca.jnetpcap.FlowGenerator    FlagFIN current has 2382 flow
2025-12-08 14:34:31 DEBUG cic.cs.unb.ca.jnetpcap.FlowGenerator    FlagFIN current has 2382 flow
2025-12-08 14:34:31 INFO  cic.cs.unb.ca.jnetpcap.FlowGenerator    Forward flow closed due to FIN Flag
2025-12-08 14:34:31 INFO  cic.cs.unb.ca.jnetpcap.FlowGenerator    Forward flow closed due to FIN Flag
2025-12-08 14:34:31 INFO  cic.cs.unb.ca.jnetpcap.FlowGenerator    Forward flow closed due to FIN Flag
2025-12-08 14:34:31 INFO  cic.cs.unb.ca.jnetpcap.FlowGenerator    Forward flow closed due to FIN Flag
2025-12-08 14:34:31 INFO  cic.cs.unb.ca.jnetpcap.FlowGenerator    Forward flow closed due to FIN Flag
2025-12-08 14:34:31 DEBUG cic.cs.unb.ca.jnetpcap.FlowGenerator    FlagFIN current has 2383 flow
2025-12-08 14:34:31 DEBUG cic.cs.unb.ca.jnetpcap.FlowGenerator    FlagFIN current has 2383 flow
2025-12-08 14:34:31 DEBUG cic.cs.unb.ca.jnetpcap.FlowGenerator    FlagFIN current has 2383 flow
2025-12-08 14:34:31 DEBUG cic.cs.unb.ca.jnetpcap.FlowGenerator    FlagFIN current has 2384 flow
2025-12-08 14:34:31 DEBUG cic.cs.unb.ca.jnetpcap.FlowGenerator    FlagFIN current has 2384 flow
2025-12-08 14:34:31 DEBUG cic.cs.unb.ca.jnetpcap.FlowGenerator    FlagRST current has 2385 flow
2025-12-08 14:34:32 INFO  cic.cs.unb.ca.jnetpcap.FlowGenerator    Forward flow closed due to FIN Flag
2025-12-08 14:34:32 DEBUG cic.cs.unb.ca.jnetpcap.FlowGenerator    FlagFIN current has 2388 flow
2025-12-08 14:34:33 INFO  cic.cs.unb.ca.jnetpcap.FlowGenerator    Forward flow closed due to FIN Flag
2025-12-08 14:34:33 DEBUG cic.cs.unb.ca.jnetpcap.FlowGenerator    FlagFIN current has 2390 flow
2025-12-08 14:34:33 INFO  cic.cs.unb.ca.jnetpcap.FlowGenerator    Forward flow closed due to FIN Flag
2025-12-08 14:34:33 DEBUG cic.cs.unb.ca.jnetpcap.FlowGenerator    FlagFIN current has 2392 flow
2025-12-08 14:34:35 INFO  cic.cs.unb.ca.jnetpcap.FlowGenerator    Forward flow closed due to FIN Flag
2025-12-08 14:34:35 DEBUG cic.cs.unb.ca.jnetpcap.FlowGenerator    FlagFIN current has 2398 flow
2025-12-08 14:34:35 INFO  cic.cs.unb.ca.jnetpcap.FlowGenerator    Forward flow closed due to FIN Flag
2025-12-08 14:34:35 DEBUG cic.cs.unb.ca.jnetpcap.FlowGenerator    FlagFIN current has 2399 flow
2025-12-08 14:34:35 DEBUG cic.cs.unb.ca.jnetpcap.FlowGenerator    FlagRST current has 2399 flow
2025-12-08 14:34:35 DEBUG cic.cs.unb.ca.jnetpcap.FlowGenerator    FlagRST current has 2400 flow
2025-12-08 14:34:36 INFO  cic.cs.unb.ca.jnetpcap.FlowGenerator    Forward flow closed due to FIN Flag
2025-12-08 14:34:36 INFO  cic.cs.unb.ca.jnetpcap.FlowGenerator    Forward flow closed due to FIN Flag
2025-12-08 14:34:36 INFO  cic.cs.unb.ca.jnetpcap.FlowGenerator    Forward flow closed due to FIN Flag
2025-12-08 14:34:36 INFO  cic.cs.unb.ca.jnetpcap.FlowGenerator    Forward flow closed due to FIN Flag
2025-12-08 14:34:36 INFO  cic.cs.unb.ca.jnetpcap.FlowGenerator    Forward flow closed due to FIN Flag
2025-12-08 14:34:36 INFO  cic.cs.unb.ca.jnetpcap.FlowGenerator    Forward flow closed due to FIN Flag
2025-12-08 14:34:36 INFO  cic.cs.unb.ca.jnetpcap.FlowGenerator    Forward flow closed due to FIN Flag
2025-12-08 14:34:36 INFO  cic.cs.unb.ca.jnetpcap.FlowGenerator    Forward flow closed due to FIN Flag
2025-12-08 14:34:36 INFO  cic.cs.unb.ca.jnetpcap.FlowGenerator    Forward flow closed due to FIN Flag
2025-12-08 14:34:36 INFO  cic.cs.unb.ca.jnetpcap.FlowGenerator    Forward flow closed due to FIN Flag
2025-12-08 14:34:36 INFO  cic.cs.unb.ca.jnetpcap.FlowGenerator    Forward flow closed due to FIN Flag
2025-12-08 14:34:37 DEBUG cic.cs.unb.ca.jnetpcap.FlowGenerator    FlagFIN current has 2427 flow
2025-12-08 14:34:37 DEBUG cic.cs.unb.ca.jnetpcap.FlowGenerator    FlagFIN current has 2427 flow
2025-12-08 14:34:37 DEBUG cic.cs.unb.ca.jnetpcap.FlowGenerator    FlagFIN current has 2426 flow
2025-12-08 14:34:37 DEBUG cic.cs.unb.ca.jnetpcap.FlowGenerator    FlagFIN current has 2427 flow
2025-12-08 14:34:37 DEBUG cic.cs.unb.ca.jnetpcap.FlowGenerator    FlagFIN current has 2427 flow
2025-12-08 14:34:37 DEBUG cic.cs.unb.ca.jnetpcap.FlowGenerator    FlagFIN current has 2427 flow
2025-12-08 14:34:37 DEBUG cic.cs.unb.ca.jnetpcap.FlowGenerator    FlagFIN current has 2427 flow
2025-12-08 14:34:37 DEBUG cic.cs.unb.ca.jnetpcap.FlowGenerator    FlagFIN current has 2427 flow
2025-12-08 14:34:37 DEBUG cic.cs.unb.ca.jnetpcap.FlowGenerator    FlagFIN current has 2427 flow
2025-12-08 14:34:37 DEBUG cic.cs.unb.ca.jnetpcap.FlowGenerator    FlagFIN current has 2427 flow
2025-12-08 14:34:37 DEBUG cic.cs.unb.ca.jnetpcap.FlowGenerator    FlagFIN current has 2427 flow
2025-12-08 14:34:37 INFO  cic.cs.unb.ca.jnetpcap.FlowGenerator    Forward flow closed due to FIN Flag
2025-12-08 14:34:37 DEBUG cic.cs.unb.ca.jnetpcap.FlowGenerator    FlagFIN current has 2465 flow
2025-12-08 14:34:37 INFO  cic.cs.unb.ca.jnetpcap.FlowGenerator    Forward flow closed due to FIN Flag
2025-12-08 14:34:37 INFO  cic.cs.unb.ca.jnetpcap.FlowGenerator    Forward flow closed due to FIN Flag
2025-12-08 14:34:37 DEBUG cic.cs.unb.ca.jnetpcap.FlowGenerator    FlagFIN current has 2465 flow
2025-12-08 14:34:37 DEBUG cic.cs.unb.ca.jnetpcap.FlowGenerator    FlagFIN current has 2466 flow
2025-12-08 14:34:37 INFO  cic.cs.unb.ca.jnetpcap.FlowGenerator    Forward flow closed due to FIN Flag
2025-12-08 14:34:37 INFO  cic.cs.unb.ca.jnetpcap.FlowGenerator    Forward flow closed due to FIN Flag
2025-12-08 14:34:37 INFO  cic.cs.unb.ca.jnetpcap.FlowGenerator    Forward flow closed due to FIN Flag
2025-12-08 14:34:37 DEBUG cic.cs.unb.ca.jnetpcap.FlowGenerator    FlagFIN current has 2468 flow
2025-12-08 14:34:37 DEBUG cic.cs.unb.ca.jnetpcap.FlowGenerator    FlagRST current has 2468 flow
2025-12-08 14:34:37 DEBUG cic.cs.unb.ca.jnetpcap.FlowGenerator    FlagRST current has 2467 flow
2025-12-08 14:34:37 DEBUG cic.cs.unb.ca.jnetpcap.FlowGenerator    FlagRST current has 2466 flow
2025-12-08 14:34:37 DEBUG cic.cs.unb.ca.jnetpcap.FlowGenerator    FlagFIN current has 2465 flow
2025-12-08 14:34:37 DEBUG cic.cs.unb.ca.jnetpcap.FlowGenerator    FlagFIN current has 2465 flow
2025-12-08 14:34:37 INFO  cic.cs.unb.ca.jnetpcap.FlowGenerator    Forward flow closed due to FIN Flag
2025-12-08 14:34:37 DEBUG cic.cs.unb.ca.jnetpcap.FlowGenerator    FlagFIN current has 2484 flow
2025-12-08 14:34:37 INFO  cic.cs.unb.ca.jnetpcap.FlowGenerator    Forward flow closed due to FIN Flag
2025-12-08 14:34:37 INFO  cic.cs.unb.ca.jnetpcap.FlowGenerator    Forward flow closed due to FIN Flag
2025-12-08 14:34:37 DEBUG cic.cs.unb.ca.jnetpcap.FlowGenerator    FlagFIN current has 2488 flow
2025-12-08 14:34:37 DEBUG cic.cs.unb.ca.jnetpcap.FlowGenerator    FlagFIN current has 2488 flow
2025-12-08 14:34:37 INFO  cic.cs.unb.ca.jnetpcap.FlowGenerator    Forward flow closed due to FIN Flag
2025-12-08 14:34:37 DEBUG cic.cs.unb.ca.jnetpcap.FlowGenerator    FlagFIN current has 2489 flow
2025-12-08 14:34:37 INFO  cic.cs.unb.ca.jnetpcap.FlowGenerator    Forward flow closed due to FIN Flag
2025-12-08 14:34:37 INFO  cic.cs.unb.ca.jnetpcap.FlowGenerator    Forward flow closed due to FIN Flag
2025-12-08 14:34:37 DEBUG cic.cs.unb.ca.jnetpcap.FlowGenerator    FlagFIN current has 2491 flow
2025-12-08 14:34:37 DEBUG cic.cs.unb.ca.jnetpcap.FlowGenerator    FlagFIN current has 2491 flow
2025-12-08 14:34:37 INFO  cic.cs.unb.ca.jnetpcap.FlowGenerator    Forward flow closed due to FIN Flag
2025-12-08 14:34:37 DEBUG cic.cs.unb.ca.jnetpcap.FlowGenerator    FlagFIN current has 2493 flow
2025-12-08 14:34:37 INFO  cic.cs.unb.ca.jnetpcap.FlowGenerator    Forward flow closed due to FIN Flag
2025-12-08 14:34:37 INFO  cic.cs.unb.ca.jnetpcap.FlowGenerator    Forward flow closed due to FIN Flag
2025-12-08 14:34:37 DEBUG cic.cs.unb.ca.jnetpcap.FlowGenerator    FlagFIN current has 2495 flow
2025-12-08 14:34:37 DEBUG cic.cs.unb.ca.jnetpcap.FlowGenerator    FlagFIN current has 2495 flow
2025-12-08 14:34:37 INFO  cic.cs.unb.ca.jnetpcap.FlowGenerator    Forward flow closed due to FIN Flag
2025-12-08 14:34:37 DEBUG cic.cs.unb.ca.jnetpcap.FlowGenerator    FlagFIN current has 2495 flow
2025-12-08 14:34:39 INFO  cic.cs.unb.ca.jnetpcap.FlowGenerator    Forward flow closed due to FIN Flag
2025-12-08 14:34:39 DEBUG cic.cs.unb.ca.jnetpcap.FlowGenerator    FlagFIN current has 2515 flow
2025-12-08 14:34:39 INFO  cic.cs.unb.ca.jnetpcap.FlowGenerator    Forward flow closed due to FIN Flag
2025-12-08 14:34:39 DEBUG cic.cs.unb.ca.jnetpcap.FlowGenerator    FlagRST current has 2518 flow
2025-12-08 14:34:39 INFO  cic.cs.unb.ca.jnetpcap.FlowGenerator    Forward flow closed due to FIN Flag
2025-12-08 14:34:39 DEBUG cic.cs.unb.ca.jnetpcap.FlowGenerator    FlagFIN current has 2519 flow
2025-12-08 14:34:42 INFO  cic.cs.unb.ca.jnetpcap.FlowGenerator    Forward flow closed due to FIN Flag
2025-12-08 14:34:42 DEBUG cic.cs.unb.ca.jnetpcap.FlowGenerator    FlagFIN current has 2564 flow
2025-12-08 14:34:43 INFO  cic.cs.unb.ca.jnetpcap.FlowGenerator    Forward flow closed due to FIN Flag
2025-12-08 14:34:43 DEBUG cic.cs.unb.ca.jnetpcap.FlowGenerator    FlagRST current has 2583 flow
2025-12-08 14:34:43 INFO  cic.cs.unb.ca.jnetpcap.FlowGenerator    Forward flow closed due to FIN Flag
2025-12-08 14:34:43 INFO  cic.cs.unb.ca.jnetpcap.FlowGenerator    Forward flow closed due to FIN Flag
2025-12-08 14:34:43 INFO  cic.cs.unb.ca.jnetpcap.FlowGenerator    Forward flow closed due to FIN Flag
2025-12-08 14:34:43 DEBUG cic.cs.unb.ca.jnetpcap.FlowGenerator    FlagFIN current has 2589 flow
2025-12-08 14:34:43 DEBUG cic.cs.unb.ca.jnetpcap.FlowGenerator    FlagFIN current has 2589 flow
2025-12-08 14:34:43 DEBUG cic.cs.unb.ca.jnetpcap.FlowGenerator    FlagFIN current has 2589 flow
2025-12-08 14:34:44 INFO  cic.cs.unb.ca.jnetpcap.FlowGenerator    Forward flow closed due to FIN Flag
2025-12-08 14:34:44 DEBUG cic.cs.unb.ca.jnetpcap.FlowGenerator    FlagFIN current has 2599 flow
2025-12-08 14:34:44 INFO  cic.cs.unb.ca.jnetpcap.FlowGenerator    Forward flow closed due to FIN Flag
2025-12-08 14:34:44 INFO  cic.cs.unb.ca.jnetpcap.FlowGenerator    Forward flow closed due to FIN Flag
2025-12-08 14:34:44 DEBUG cic.cs.unb.ca.jnetpcap.FlowGenerator    FlagFIN current has 2602 flow
2025-12-08 14:34:44 DEBUG cic.cs.unb.ca.jnetpcap.FlowGenerator    FlagFIN current has 2602 flow
2025-12-08 14:34:44 DEBUG cic.cs.unb.ca.jnetpcap.FlowGenerator    FlagFIN current has 2602 flow
2025-12-08 14:34:44 DEBUG cic.cs.unb.ca.jnetpcap.FlowGenerator    FlagFIN current has 2602 flow
2025-12-08 14:34:44 DEBUG cic.cs.unb.ca.jnetpcap.FlowGenerator    FlagFIN current has 2605 flow
2025-12-08 14:34:44 DEBUG cic.cs.unb.ca.jnetpcap.FlowGenerator    FlagFIN current has 2605 flow
2025-12-08 14:34:44 DEBUG cic.cs.unb.ca.jnetpcap.FlowGenerator    FlagFIN current has 2605 flow
2025-12-08 14:34:44 DEBUG cic.cs.unb.ca.jnetpcap.FlowGenerator    FlagFIN current has 2605 flow
2025-12-08 14:34:44 INFO  cic.cs.unb.ca.jnetpcap.FlowGenerator    Forward flow closed due to FIN Flag
2025-12-08 14:34:44 DEBUG cic.cs.unb.ca.jnetpcap.FlowGenerator    FlagFIN current has 2630 flow
2025-12-08 14:34:44 INFO  cic.cs.unb.ca.jnetpcap.FlowGenerator    Forward flow closed due to FIN Flag
2025-12-08 14:34:44 INFO  cic.cs.unb.ca.jnetpcap.FlowGenerator    Forward flow closed due to FIN Flag
2025-12-08 14:34:44 INFO  cic.cs.unb.ca.jnetpcap.FlowGenerator    Forward flow closed due to FIN Flag
2025-12-08 14:34:44 INFO  cic.cs.unb.ca.jnetpcap.FlowGenerator    Forward flow closed due to FIN Flag
2025-12-08 14:34:44 INFO  cic.cs.unb.ca.jnetpcap.FlowGenerator    Forward flow closed due to FIN Flag
2025-12-08 14:34:44 INFO  cic.cs.unb.ca.jnetpcap.FlowGenerator    Forward flow closed due to FIN Flag
2025-12-08 14:34:44 DEBUG cic.cs.unb.ca.jnetpcap.FlowGenerator    FlagRST current has 2640 flow
2025-12-08 14:34:44 DEBUG cic.cs.unb.ca.jnetpcap.FlowGenerator    FlagRST current has 2639 flow
2025-12-08 14:34:44 DEBUG cic.cs.unb.ca.jnetpcap.FlowGenerator    FlagRST current has 2638 flow
2025-12-08 14:34:44 DEBUG cic.cs.unb.ca.jnetpcap.FlowGenerator    FlagRST current has 2637 flow
2025-12-08 14:34:44 DEBUG cic.cs.unb.ca.jnetpcap.FlowGenerator    FlagRST current has 2636 flow
2025-12-08 14:34:45 WARN  cic.cs.unb.ca.jnetpcap.FlowGenerator    Forward flow received 2 FIN packets
2025-12-08 14:34:45 DEBUG cic.cs.unb.ca.jnetpcap.FlowGenerator    FlagFIN current has 2635 flow
2025-12-08 14:34:45 INFO  cic.cs.unb.ca.jnetpcap.FlowGenerator    Forward flow closed due to FIN Flag
2025-12-08 14:34:45 DEBUG cic.cs.unb.ca.jnetpcap.FlowGenerator    FlagFIN current has 2635 flow
2025-12-08 14:34:45 INFO  cic.cs.unb.ca.jnetpcap.FlowGenerator    Forward flow closed due to FIN Flag
2025-12-08 14:34:45 DEBUG cic.cs.unb.ca.jnetpcap.FlowGenerator    FlagRST current has 2642 flow
2025-12-08 14:34:45 INFO  cic.cs.unb.ca.jnetpcap.FlowGenerator    Forward flow closed due to FIN Flag
2025-12-08 14:34:45 DEBUG cic.cs.unb.ca.jnetpcap.FlowGenerator    FlagFIN current has 2641 flow
2025-12-08 14:34:45 INFO  cic.cs.unb.ca.jnetpcap.FlowGenerator    Forward flow closed due to FIN Flag
2025-12-08 14:34:45 DEBUG cic.cs.unb.ca.jnetpcap.FlowGenerator    FlagFIN current has 2644 flow
2025-12-08 14:34:47 INFO  cic.cs.unb.ca.jnetpcap.FlowGenerator    Forward flow closed due to FIN Flag
2025-12-08 14:34:47 DEBUG cic.cs.unb.ca.jnetpcap.FlowGenerator    FlagFIN current has 2647 flow
2025-12-08 14:34:47 INFO  cic.cs.unb.ca.jnetpcap.FlowGenerator    Forward flow closed due to FIN Flag
2025-12-08 14:34:47 DEBUG cic.cs.unb.ca.jnetpcap.FlowGenerator    FlagRST current has 2647 flow
2025-12-08 14:34:47 INFO  cic.cs.unb.ca.jnetpcap.FlowGenerator    Forward flow closed due to FIN Flag
2025-12-08 14:34:53 INFO  cic.cs.unb.ca.jnetpcap.FlowGenerator    Forward flow closed due to FIN Flag
2025-12-08 14:34:53 DEBUG cic.cs.unb.ca.jnetpcap.FlowGenerator    FlagFIN current has 2661 flow
2025-12-08 14:34:53 INFO  cic.cs.unb.ca.jnetpcap.FlowGenerator    Forward flow closed due to FIN Flag
2025-12-08 14:34:53 DEBUG cic.cs.unb.ca.jnetpcap.FlowGenerator    FlagFIN current has 2664 flow
2025-12-08 14:34:55 DEBUG cic.cs.unb.ca.jnetpcap.FlowGenerator    FlagFIN current has 2686 flow
2025-12-08 14:34:55 DEBUG cic.cs.unb.ca.jnetpcap.FlowGenerator    FlagFIN current has 2690 flow
2025-12-08 14:34:56 DEBUG cic.cs.unb.ca.jnetpcap.FlowGenerator    FlagFIN current has 2697 flow
2025-12-08 14:34:57 INFO  cic.cs.unb.ca.jnetpcap.FlowGenerator    Forward flow closed due to FIN Flag
2025-12-08 14:34:57 DEBUG cic.cs.unb.ca.jnetpcap.FlowGenerator    FlagFIN current has 2705 flow
2025-12-08 14:34:59 DEBUG cic.cs.unb.ca.jnetpcap.FlowGenerator    FlagFIN current has 2705 flow
2025-12-08 14:34:59 DEBUG cic.cs.unb.ca.jnetpcap.FlowGenerator    FlagRST current has 2705 flow
2025-12-08 14:34:59 DEBUG cic.cs.unb.ca.jnetpcap.FlowGenerator    FlagFIN current has 2708 flow
2025-12-08 14:34:59 DEBUG cic.cs.unb.ca.jnetpcap.FlowGenerator    FlagFIN current has 2710 flow
2025-12-08 14:34:59 DEBUG cic.cs.unb.ca.jnetpcap.FlowGenerator    FlagFIN current has 2709 flow
2025-12-08 14:34:59 DEBUG cic.cs.unb.ca.jnetpcap.FlowGenerator    FlagFIN current has 2710 flow
2025-12-08 14:34:59 DEBUG cic.cs.unb.ca.jnetpcap.FlowGenerator    FlagFIN current has 2710 flow
2025-12-08 14:34:59 DEBUG cic.cs.unb.ca.jnetpcap.FlowGenerator    FlagFIN current has 2710 flow
2025-12-08 14:34:59 DEBUG cic.cs.unb.ca.jnetpcap.FlowGenerator    FlagFIN current has 2709 flow
2025-12-08 14:34:59 DEBUG cic.cs.unb.ca.jnetpcap.FlowGenerator    FlagFIN current has 2710 flow
2025-12-08 14:34:59 DEBUG cic.cs.unb.ca.jnetpcap.FlowGenerator    FlagFIN current has 2710 flow
2025-12-08 14:34:59 DEBUG cic.cs.unb.ca.jnetpcap.FlowGenerator    FlagFIN current has 2710 flow
2025-12-08 14:34:59 DEBUG cic.cs.unb.ca.jnetpcap.FlowGenerator    FlagFIN current has 2710 flow
2025-12-08 14:34:59 DEBUG cic.cs.unb.ca.jnetpcap.FlowGenerator    FlagFIN current has 2710 flow
2025-12-08 14:35:06 INFO  cic.cs.unb.ca.jnetpcap.FlowGenerator    Forward flow closed due to FIN Flag
2025-12-08 14:35:06 DEBUG cic.cs.unb.ca.jnetpcap.FlowGenerator    FlagFIN current has 2758 flow
2025-12-08 14:35:06 INFO  cic.cs.unb.ca.jnetpcap.FlowGenerator    Forward flow closed due to FIN Flag
2025-12-08 14:35:06 DEBUG cic.cs.unb.ca.jnetpcap.FlowGenerator    FlagFIN current has 2766 flow
2025-12-08 14:35:06 INFO  cic.cs.unb.ca.jnetpcap.FlowGenerator    Forward flow closed due to FIN Flag
2025-12-08 14:35:06 INFO  cic.cs.unb.ca.jnetpcap.FlowGenerator    Forward flow closed due to FIN Flag
2025-12-08 14:35:06 INFO  cic.cs.unb.ca.jnetpcap.FlowGenerator    Forward flow closed due to FIN Flag
2025-12-08 14:35:06 INFO  cic.cs.unb.ca.jnetpcap.FlowGenerator    Forward flow closed due to FIN Flag
2025-12-08 14:35:06 DEBUG cic.cs.unb.ca.jnetpcap.FlowGenerator    FlagFIN current has 2768 flow
2025-12-08 14:35:06 DEBUG cic.cs.unb.ca.jnetpcap.FlowGenerator    FlagFIN current has 2770 flow
2025-12-08 14:35:06 DEBUG cic.cs.unb.ca.jnetpcap.FlowGenerator    FlagFIN current has 2770 flow
2025-12-08 14:35:06 DEBUG cic.cs.unb.ca.jnetpcap.FlowGenerator    FlagFIN current has 2770 flow
2025-12-08 14:35:06 INFO  cic.cs.unb.ca.jnetpcap.FlowGenerator    Forward flow closed due to FIN Flag
2025-12-08 14:35:06 DEBUG cic.cs.unb.ca.jnetpcap.FlowGenerator    FlagRST current has 2770 flow
2025-12-08 14:35:06 INFO  cic.cs.unb.ca.jnetpcap.FlowGenerator    Forward flow closed due to FIN Flag
2025-12-08 14:35:06 INFO  cic.cs.unb.ca.jnetpcap.FlowGenerator    Forward flow closed due to FIN Flag
2025-12-08 14:35:06 INFO  cic.cs.unb.ca.jnetpcap.FlowGenerator    Forward flow closed due to FIN Flag
2025-12-08 14:35:06 INFO  cic.cs.unb.ca.jnetpcap.FlowGenerator    Forward flow closed due to FIN Flag
2025-12-08 14:35:06 DEBUG cic.cs.unb.ca.jnetpcap.FlowGenerator    FlagFIN current has 2770 flow
2025-12-08 14:35:06 DEBUG cic.cs.unb.ca.jnetpcap.FlowGenerator    FlagRST current has 2770 flow
2025-12-08 14:35:06 DEBUG cic.cs.unb.ca.jnetpcap.FlowGenerator    FlagRST current has 2769 flow
2025-12-08 14:35:06 DEBUG cic.cs.unb.ca.jnetpcap.FlowGenerator    FlagFIN current has 2768 flow
2025-12-08 14:35:06 INFO  cic.cs.unb.ca.jnetpcap.FlowGenerator    Forward flow closed due to FIN Flag
2025-12-08 14:35:06 INFO  cic.cs.unb.ca.jnetpcap.FlowGenerator    Forward flow closed due to FIN Flag
2025-12-08 14:35:06 DEBUG cic.cs.unb.ca.jnetpcap.FlowGenerator    FlagFIN current has 2769 flow
2025-12-08 14:35:06 DEBUG cic.cs.unb.ca.jnetpcap.FlowGenerator    FlagRST current has 2769 flow
2025-12-08 14:35:06 INFO  cic.cs.unb.ca.jnetpcap.FlowGenerator    Forward flow closed due to FIN Flag
2025-12-08 14:35:06 DEBUG cic.cs.unb.ca.jnetpcap.FlowGenerator    FlagRST current has 2768 flow
2025-12-08 14:35:06 INFO  cic.cs.unb.ca.jnetpcap.FlowGenerator    Forward flow closed due to FIN Flag
2025-12-08 14:35:07 DEBUG cic.cs.unb.ca.jnetpcap.FlowGenerator    FlagRST current has 2770 flow
2025-12-08 14:35:07 INFO  cic.cs.unb.ca.jnetpcap.FlowGenerator    Forward flow closed due to FIN Flag
2025-12-08 14:35:07 DEBUG cic.cs.unb.ca.jnetpcap.FlowGenerator    FlagRST current has 2775 flow
2025-12-08 14:35:07 INFO  cic.cs.unb.ca.jnetpcap.FlowGenerator    Forward flow closed due to FIN Flag
2025-12-08 14:35:07 DEBUG cic.cs.unb.ca.jnetpcap.FlowGenerator    FlagFIN current has 2777 flow
2025-12-08 14:35:08 INFO  cic.cs.unb.ca.jnetpcap.FlowGenerator    Forward flow closed due to FIN Flag
2025-12-08 14:35:08 DEBUG cic.cs.unb.ca.jnetpcap.FlowGenerator    FlagFIN current has 2779 flow
2025-12-08 14:35:08 INFO  cic.cs.unb.ca.jnetpcap.FlowGenerator    Forward flow closed due to FIN Flag
2025-12-08 14:35:08 DEBUG cic.cs.unb.ca.jnetpcap.FlowGenerator    FlagRST current has 2779 flow
2025-12-08 14:35:09 INFO  cic.cs.unb.ca.jnetpcap.FlowGenerator    Forward flow closed due to FIN Flag
2025-12-08 14:35:09 DEBUG cic.cs.unb.ca.jnetpcap.FlowGenerator    FlagFIN current has 2799 flow
2025-12-08 14:35:09 INFO  cic.cs.unb.ca.jnetpcap.FlowGenerator    Forward flow closed due to FIN Flag
2025-12-08 14:35:09 DEBUG cic.cs.unb.ca.jnetpcap.FlowGenerator    FlagFIN current has 2817 flow
2025-12-08 14:35:09 INFO  cic.cs.unb.ca.jnetpcap.FlowGenerator    Forward flow closed due to FIN Flag
2025-12-08 14:35:09 INFO  cic.cs.unb.ca.jnetpcap.FlowGenerator    Forward flow closed due to FIN Flag
2025-12-08 14:35:09 INFO  cic.cs.unb.ca.jnetpcap.FlowGenerator    Forward flow closed due to FIN Flag
2025-12-08 14:35:09 INFO  cic.cs.unb.ca.jnetpcap.FlowGenerator    Forward flow closed due to FIN Flag
2025-12-08 14:35:09 INFO  cic.cs.unb.ca.jnetpcap.FlowGenerator    Forward flow closed due to FIN Flag
2025-12-08 14:35:09 INFO  cic.cs.unb.ca.jnetpcap.FlowGenerator    Forward flow closed due to FIN Flag
2025-12-08 14:35:09 INFO  cic.cs.unb.ca.jnetpcap.FlowGenerator    Forward flow closed due to FIN Flag
2025-12-08 14:35:09 INFO  cic.cs.unb.ca.jnetpcap.FlowGenerator    Forward flow closed due to FIN Flag
2025-12-08 14:35:09 INFO  cic.cs.unb.ca.jnetpcap.FlowGenerator    Forward flow closed due to FIN Flag
2025-12-08 14:35:09 INFO  cic.cs.unb.ca.jnetpcap.FlowGenerator    Forward flow closed due to FIN Flag
2025-12-08 14:35:09 INFO  cic.cs.unb.ca.jnetpcap.FlowGenerator    Forward flow closed due to FIN Flag
2025-12-08 14:35:09 DEBUG cic.cs.unb.ca.jnetpcap.FlowGenerator    FlagFIN current has 2817 flow
2025-12-08 14:35:09 DEBUG cic.cs.unb.ca.jnetpcap.FlowGenerator    FlagFIN current has 2817 flow
2025-12-08 14:35:09 DEBUG cic.cs.unb.ca.jnetpcap.FlowGenerator    FlagFIN current has 2817 flow
2025-12-08 14:35:09 DEBUG cic.cs.unb.ca.jnetpcap.FlowGenerator    FlagFIN current has 2817 flow
2025-12-08 14:35:09 DEBUG cic.cs.unb.ca.jnetpcap.FlowGenerator    FlagFIN current has 2817 flow
2025-12-08 14:35:09 DEBUG cic.cs.unb.ca.jnetpcap.FlowGenerator    FlagFIN current has 2817 flow
2025-12-08 14:35:09 DEBUG cic.cs.unb.ca.jnetpcap.FlowGenerator    FlagFIN current has 2817 flow
2025-12-08 14:35:09 DEBUG cic.cs.unb.ca.jnetpcap.FlowGenerator    FlagFIN current has 2817 flow
2025-12-08 14:35:09 DEBUG cic.cs.unb.ca.jnetpcap.FlowGenerator    FlagFIN current has 2817 flow
2025-12-08 14:35:09 DEBUG cic.cs.unb.ca.jnetpcap.FlowGenerator    FlagFIN current has 2817 flow
2025-12-08 14:35:09 DEBUG cic.cs.unb.ca.jnetpcap.FlowGenerator    FlagFIN current has 2817 flow
2025-12-08 14:35:09 INFO  cic.cs.unb.ca.jnetpcap.FlowGenerator    Forward flow closed due to FIN Flag
2025-12-08 14:35:09 INFO  cic.cs.unb.ca.jnetpcap.FlowGenerator    Forward flow closed due to FIN Flag
2025-12-08 14:35:09 INFO  cic.cs.unb.ca.jnetpcap.FlowGenerator    Forward flow closed due to FIN Flag
2025-12-08 14:35:09 INFO  cic.cs.unb.ca.jnetpcap.FlowGenerator    Forward flow closed due to FIN Flag
2025-12-08 14:35:09 INFO  cic.cs.unb.ca.jnetpcap.FlowGenerator    Forward flow closed due to FIN Flag
2025-12-08 14:35:09 DEBUG cic.cs.unb.ca.jnetpcap.FlowGenerator    FlagRST current has 2863 flow
2025-12-08 14:35:09 DEBUG cic.cs.unb.ca.jnetpcap.FlowGenerator    FlagRST current has 2863 flow
2025-12-08 14:35:09 DEBUG cic.cs.unb.ca.jnetpcap.FlowGenerator    FlagFIN current has 2863 flow
2025-12-08 14:35:09 DEBUG cic.cs.unb.ca.jnetpcap.FlowGenerator    FlagFIN current has 2863 flow
2025-12-08 14:35:09 DEBUG cic.cs.unb.ca.jnetpcap.FlowGenerator    FlagFIN current has 2863 flow
2025-12-08 14:35:09 DEBUG cic.cs.unb.ca.jnetpcap.FlowGenerator    FlagFIN current has 2863 flow
2025-12-08 14:35:10 INFO  cic.cs.unb.ca.jnetpcap.FlowGenerator    Forward flow closed due to FIN Flag
2025-12-08 14:35:10 DEBUG cic.cs.unb.ca.jnetpcap.FlowGenerator    FlagFIN current has 2919 flow
2025-12-08 14:35:10 DEBUG cic.cs.unb.ca.jnetpcap.FlowGenerator    FlagRST current has 2919 flow
2025-12-08 14:35:10 DEBUG cic.cs.unb.ca.jnetpcap.FlowGenerator    FlagRST current has 2919 flow
2025-12-08 14:35:10 INFO  cic.cs.unb.ca.jnetpcap.FlowGenerator    Forward flow closed due to FIN Flag
2025-12-08 14:35:10 DEBUG cic.cs.unb.ca.jnetpcap.FlowGenerator    FlagFIN current has 2926 flow
2025-12-08 14:35:15 INFO  cic.cs.unb.ca.jnetpcap.FlowGenerator    Forward flow closed due to FIN Flag
2025-12-08 14:35:15 DEBUG cic.cs.unb.ca.jnetpcap.FlowGenerator    FlagFIN current has 2954 flow
2025-12-08 14:35:18 INFO  cic.cs.unb.ca.jnetpcap.FlowGenerator    Forward flow closed due to FIN Flag
2025-12-08 14:35:18 DEBUG cic.cs.unb.ca.jnetpcap.FlowGenerator    FlagFIN current has 2971 flow
2025-12-08 14:35:18 INFO  cic.cs.unb.ca.jnetpcap.FlowGenerator    Forward flow closed due to FIN Flag
2025-12-08 14:35:18 DEBUG cic.cs.unb.ca.jnetpcap.FlowGenerator    FlagFIN current has 2973 flow
2025-12-08 14:35:19 INFO  cic.cs.unb.ca.jnetpcap.FlowGenerator    Forward flow closed due to FIN Flag
2025-12-08 14:35:19 DEBUG cic.cs.unb.ca.jnetpcap.FlowGenerator    FlagFIN current has 2973 flow
2025-12-08 14:35:23 DEBUG cic.cs.unb.ca.jnetpcap.FlowGenerator    FlagRST current has 2988 flow
2025-12-08 14:35:27 DEBUG cic.cs.unb.ca.jnetpcap.FlowGenerator    FlagFIN current has 3007 flow
2025-12-08 14:35:28 INFO  cic.cs.unb.ca.jnetpcap.FlowGenerator    Forward flow closed due to FIN Flag
2025-12-08 14:35:28 DEBUG cic.cs.unb.ca.jnetpcap.FlowGenerator    FlagFIN current has 3011 flow
2025-12-08 14:35:35 DEBUG cic.cs.unb.ca.jnetpcap.FlowGenerator    FlagFIN current has 3022 flow
2025-12-08 14:35:40 DEBUG cic.cs.unb.ca.jnetpcap.FlowGenerator    FlagFIN current has 3026 flow
2025-12-08 14:35:40 DEBUG cic.cs.unb.ca.jnetpcap.FlowGenerator    FlagFIN current has 3026 flow
2025-12-08 14:35:40 DEBUG cic.cs.unb.ca.jnetpcap.FlowGenerator    FlagFIN current has 3027 flow
2025-12-08 14:35:40 INFO  cic.cs.unb.ca.jnetpcap.FlowGenerator    Forward flow closed due to FIN Flag
2025-12-08 14:35:40 DEBUG cic.cs.unb.ca.jnetpcap.FlowGenerator    FlagRST current has 3027 flow
2025-12-08 14:35:43 DEBUG cic.cs.unb.ca.jnetpcap.FlowGenerator    FlagFIN current has 3038 flow
2025-12-08 14:35:47 INFO  cic.cs.unb.ca.jnetpcap.FlowGenerator    Forward flow closed due to FIN Flag
2025-12-08 14:35:47 DEBUG cic.cs.unb.ca.jnetpcap.FlowGenerator    FlagFIN current has 3048 flow
2025-12-08 14:35:52 DEBUG cic.cs.unb.ca.jnetpcap.FlowGenerator    FlagFIN current has 3056 flow
2025-12-08 14:35:54 INFO  cic.cs.unb.ca.jnetpcap.FlowGenerator    Forward flow closed due to FIN Flag
2025-12-08 14:35:58 INFO  cic.cs.unb.ca.jnetpcap.FlowGenerator    Forward flow closed due to FIN Flag
2025-12-08 14:35:58 INFO  cic.cs.unb.ca.jnetpcap.FlowGenerator    Forward flow closed due to FIN Flag
2025-12-08 14:35:58 DEBUG cic.cs.unb.ca.jnetpcap.FlowGenerator    FlagFIN current has 3071 flow
2025-12-08 14:35:58 DEBUG cic.cs.unb.ca.jnetpcap.FlowGenerator    FlagFIN current has 3071 flow
2025-12-08 14:35:59 INFO  cic.cs.unb.ca.jnetpcap.FlowGenerator    Forward flow closed due to FIN Flag
2025-12-08 14:35:59 DEBUG cic.cs.unb.ca.jnetpcap.FlowGenerator    FlagFIN current has 3071 flow
2025-12-08 14:36:00 DEBUG cic.cs.unb.ca.jnetpcap.FlowGenerator    FlagFIN current has 3074 flow
2025-12-08 14:36:00 DEBUG cic.cs.unb.ca.jnetpcap.FlowGenerator    FlagFIN current has 3074 flow
2025-12-08 14:36:00 DEBUG cic.cs.unb.ca.jnetpcap.FlowGenerator    FlagRST current has 3074 flow
2025-12-08 14:36:06 INFO  cic.cs.unb.ca.jnetpcap.FlowGenerator    Forward flow closed due to FIN Flag
2025-12-08 14:36:06 DEBUG cic.cs.unb.ca.jnetpcap.FlowGenerator    FlagFIN current has 3089 flow
2025-12-08 14:36:08 DEBUG cic.cs.unb.ca.jnetpcap.FlowGenerator    Timeout current has 3100 flow
2025-12-08 14:36:10 DEBUG cic.cs.unb.ca.jnetpcap.FlowGenerator    FlagFIN current has 3103 flow
2025-12-08 14:36:10 INFO  cic.cs.unb.ca.jnetpcap.FlowGenerator    Forward flow closed due to FIN Flag
2025-12-08 14:36:10 DEBUG cic.cs.unb.ca.jnetpcap.FlowGenerator    FlagRST current has 3103 flow
2025-12-08 14:36:10 INFO  cic.cs.unb.ca.jnetpcap.FlowGenerator    Forward flow closed due to FIN Flag
2025-12-08 14:36:12 DEBUG cic.cs.unb.ca.jnetpcap.FlowGenerator    FlagFIN current has 3108 flow
2025-12-08 14:36:20 INFO  cic.cs.unb.ca.jnetpcap.FlowGenerator    Forward flow closed due to FIN Flag
2025-12-08 14:36:20 DEBUG cic.cs.unb.ca.jnetpcap.FlowGenerator    FlagRST current has 3122 flow
2025-12-08 14:36:22 INFO  cic.cs.unb.ca.jnetpcap.FlowGenerator    Forward flow closed due to FIN Flag
2025-12-08 14:36:22 DEBUG cic.cs.unb.ca.jnetpcap.FlowGenerator    FlagFIN current has 3142 flow
2025-12-08 14:36:25 DEBUG cic.cs.unb.ca.jnetpcap.FlowGenerator    FlagFIN current has 3147 flow
2025-12-08 14:36:31 INFO  cic.cs.unb.ca.jnetpcap.FlowGenerator    Forward flow closed due to FIN Flag
2025-12-08 14:36:31 DEBUG cic.cs.unb.ca.jnetpcap.FlowGenerator    FlagFIN current has 3166 flow
2025-12-08 14:36:35 INFO  cic.cs.unb.ca.jnetpcap.FlowGenerator    Forward flow closed due to FIN Flag
2025-12-08 14:36:35 DEBUG cic.cs.unb.ca.jnetpcap.FlowGenerator    FlagFIN current has 3174 flow
2025-12-08 14:36:37 INFO  cic.cs.unb.ca.jnetpcap.FlowGenerator    Forward flow closed due to FIN Flag
2025-12-08 14:36:37 INFO  cic.cs.unb.ca.jnetpcap.FlowGenerator    Forward flow closed due to FIN Flag
2025-12-08 14:36:37 INFO  cic.cs.unb.ca.jnetpcap.FlowGenerator    Forward flow closed due to FIN Flag
2025-12-08 14:36:37 INFO  cic.cs.unb.ca.jnetpcap.FlowGenerator    Forward flow closed due to FIN Flag
2025-12-08 14:36:37 INFO  cic.cs.unb.ca.jnetpcap.FlowGenerator    Forward flow closed due to FIN Flag
2025-12-08 14:36:37 INFO  cic.cs.unb.ca.jnetpcap.FlowGenerator    Forward flow closed due to FIN Flag
2025-12-08 14:36:37 INFO  cic.cs.unb.ca.jnetpcap.FlowGenerator    Forward flow closed due to FIN Flag
2025-12-08 14:36:37 INFO  cic.cs.unb.ca.jnetpcap.FlowGenerator    Forward flow closed due to FIN Flag
2025-12-08 14:36:37 INFO  cic.cs.unb.ca.jnetpcap.FlowGenerator    Forward flow closed due to FIN Flag
2025-12-08 14:36:37 INFO  cic.cs.unb.ca.jnetpcap.FlowGenerator    Forward flow closed due to FIN Flag
2025-12-08 14:36:37 INFO  cic.cs.unb.ca.jnetpcap.FlowGenerator    Forward flow closed due to FIN Flag
2025-12-08 14:36:37 DEBUG cic.cs.unb.ca.jnetpcap.FlowGenerator    FlagFIN current has 3200 flow
2025-12-08 14:36:37 DEBUG cic.cs.unb.ca.jnetpcap.FlowGenerator    FlagFIN current has 3200 flow
2025-12-08 14:36:37 DEBUG cic.cs.unb.ca.jnetpcap.FlowGenerator    FlagFIN current has 3199 flow
2025-12-08 14:36:37 DEBUG cic.cs.unb.ca.jnetpcap.FlowGenerator    FlagFIN current has 3200 flow
2025-12-08 14:36:37 DEBUG cic.cs.unb.ca.jnetpcap.FlowGenerator    FlagFIN current has 3199 flow
2025-12-08 14:36:37 DEBUG cic.cs.unb.ca.jnetpcap.FlowGenerator    FlagFIN current has 3200 flow
2025-12-08 14:36:37 DEBUG cic.cs.unb.ca.jnetpcap.FlowGenerator    FlagFIN current has 3200 flow
2025-12-08 14:36:37 DEBUG cic.cs.unb.ca.jnetpcap.FlowGenerator    FlagFIN current has 3200 flow
2025-12-08 14:36:37 DEBUG cic.cs.unb.ca.jnetpcap.FlowGenerator    FlagFIN current has 3200 flow
2025-12-08 14:36:37 DEBUG cic.cs.unb.ca.jnetpcap.FlowGenerator    FlagFIN current has 3200 flow
2025-12-08 14:36:37 DEBUG cic.cs.unb.ca.jnetpcap.FlowGenerator    FlagFIN current has 3200 flow
2025-12-08 14:36:37 DEBUG cic.cs.unb.ca.jnetpcap.FlowGenerator    Timeout current has 3200 flow
2025-12-08 14:36:40 DEBUG cic.cs.unb.ca.jnetpcap.FlowGenerator    FlagRST current has 3204 flow
2025-12-08 14:36:42 INFO  cic.cs.unb.ca.jnetpcap.FlowGenerator    Forward flow closed due to FIN Flag
2025-12-08 14:36:42 DEBUG cic.cs.unb.ca.jnetpcap.FlowGenerator    FlagFIN current has 3212 flow
2025-12-08 14:36:42 DEBUG cic.cs.unb.ca.jnetpcap.FlowGenerator    FlagRST current has 3216 flow
2025-12-08 14:36:44 INFO  cic.cs.unb.ca.jnetpcap.FlowGenerator    Forward flow closed due to FIN Flag
2025-12-08 14:36:48 DEBUG cic.cs.unb.ca.jnetpcap.FlowGenerator    FlagFIN current has 3219 flow
2025-12-08 14:36:48 DEBUG cic.cs.unb.ca.jnetpcap.FlowGenerator    FlagFIN current has 3219 flow
2025-12-08 14:36:59 INFO  cic.cs.unb.ca.jnetpcap.FlowGenerator    Forward flow closed due to FIN Flag
2025-12-08 14:36:59 DEBUG cic.cs.unb.ca.jnetpcap.FlowGenerator    FlagFIN current has 3236 flow
2025-12-08 14:37:02 INFO  cic.cs.unb.ca.jnetpcap.FlowGenerator    Forward flow closed due to FIN Flag
2025-12-08 14:37:02 DEBUG cic.cs.unb.ca.jnetpcap.FlowGenerator    FlagFIN current has 3243 flow
2025-12-08 14:37:19 INFO  cic.cs.unb.ca.jnetpcap.FlowGenerator    Forward flow closed due to FIN Flag
2025-12-08 14:37:19 DEBUG cic.cs.unb.ca.jnetpcap.FlowGenerator    FlagFIN current has 3268 flow
2025-12-08 14:37:27 INFO  cic.cs.unb.ca.jnetpcap.FlowGenerator    Forward flow closed due to FIN Flag
2025-12-08 14:37:27 DEBUG cic.cs.unb.ca.jnetpcap.FlowGenerator    FlagFIN current has 3289 flow
2025-12-08 14:37:31 INFO  cic.cs.unb.ca.jnetpcap.FlowGenerator    Forward flow closed due to FIN Flag
2025-12-08 14:37:31 DEBUG cic.cs.unb.ca.jnetpcap.FlowGenerator    FlagFIN current has 3299 flow
2025-12-08 14:37:31 INFO  cic.cs.unb.ca.jnetpcap.FlowGenerator    Forward flow closed due to FIN Flag
2025-12-08 14:37:31 DEBUG cic.cs.unb.ca.jnetpcap.FlowGenerator    FlagFIN current has 3308 flow
2025-12-08 14:37:35 INFO  cic.cs.unb.ca.jnetpcap.FlowGenerator    Forward flow closed due to FIN Flag
2025-12-08 14:37:35 DEBUG cic.cs.unb.ca.jnetpcap.FlowGenerator    FlagFIN current has 3330 flow
2025-12-08 14:37:40 DEBUG cic.cs.unb.ca.jnetpcap.FlowGenerator    FlagRST current has 3335 flow
2025-12-08 14:37:45 INFO  cic.cs.unb.ca.jnetpcap.FlowGenerator    Forward flow closed due to FIN Flag
2025-12-08 14:37:45 DEBUG cic.cs.unb.ca.jnetpcap.FlowGenerator    FlagFIN current has 3341 flow
2025-12-08 14:37:55 INFO  cic.cs.unb.ca.jnetpcap.FlowGenerator    Forward flow closed due to FIN Flag
2025-12-08 14:37:55 DEBUG cic.cs.unb.ca.jnetpcap.FlowGenerator    FlagFIN current has 3359 flow
2025-12-08 14:38:01 INFO  cic.cs.unb.ca.jnetpcap.FlowGenerator    Forward flow closed due to FIN Flag
2025-12-08 14:38:01 DEBUG cic.cs.unb.ca.jnetpcap.FlowGenerator    FlagFIN current has 3374 flow
2025-12-08 14:38:11 DEBUG cic.cs.unb.ca.jnetpcap.FlowGenerator    Timeout current has 3400 flow
2025-12-08 14:38:11 INFO  cic.cs.unb.ca.jnetpcap.FlowGenerator    Forward flow closed due to FIN Flag
2025-12-08 14:38:11 DEBUG cic.cs.unb.ca.jnetpcap.FlowGenerator    FlagFIN current has 3403 flow
2025-12-08 14:38:12 INFO  cic.cs.unb.ca.jnetpcap.FlowGenerator    Forward flow closed due to FIN Flag
2025-12-08 14:38:12 DEBUG cic.cs.unb.ca.jnetpcap.FlowGenerator    FlagFIN current has 3405 flow
2025-12-08 14:38:30 INFO  cic.cs.unb.ca.jnetpcap.FlowGenerator    Forward flow closed due to FIN Flag
2025-12-08 14:38:30 DEBUG cic.cs.unb.ca.jnetpcap.FlowGenerator    FlagFIN current has 3433 flow
2025-12-08 14:38:31 INFO  cic.cs.unb.ca.jnetpcap.FlowGenerator    Forward flow closed due to FIN Flag
2025-12-08 14:38:31 DEBUG cic.cs.unb.ca.jnetpcap.FlowGenerator    FlagFIN current has 3435 flow
2025-12-08 14:38:37 DEBUG cic.cs.unb.ca.jnetpcap.FlowGenerator    Timeout current has 3450 flow
2025-12-08 14:38:37 DEBUG cic.cs.unb.ca.jnetpcap.FlowGenerator    Timeout current has 3450 flow
2025-12-08 14:38:37 DEBUG cic.cs.unb.ca.jnetpcap.FlowGenerator    Timeout current has 3450 flow
2025-12-08 14:38:49 INFO  cic.cs.unb.ca.jnetpcap.FlowGenerator    Forward flow closed due to FIN Flag
2025-12-08 14:38:49 DEBUG cic.cs.unb.ca.jnetpcap.FlowGenerator    FlagFIN current has 3485 flow
2025-12-08 14:39:02 INFO  cic.cs.unb.ca.jnetpcap.FlowGenerator    Forward flow closed due to FIN Flag
2025-12-08 14:39:02 DEBUG cic.cs.unb.ca.jnetpcap.FlowGenerator    FlagFIN current has 3510 flow
2025-12-08 14:39:02 INFO  cic.cs.unb.ca.jnetpcap.FlowGenerator    Forward flow closed due to FIN Flag
2025-12-08 14:39:02 DEBUG cic.cs.unb.ca.jnetpcap.FlowGenerator    FlagRST current has 3513 flow
2025-12-08 14:39:06 INFO  cic.cs.unb.ca.jnetpcap.FlowGenerator    Forward flow closed due to FIN Flag
2025-12-08 14:39:06 DEBUG cic.cs.unb.ca.jnetpcap.FlowGenerator    FlagFIN current has 3523 flow
2025-12-08 14:39:24 DEBUG cic.cs.unb.ca.jnetpcap.FlowGenerator    Timeout current has 3550 flow
2025-12-08 14:39:24 INFO  cic.cs.unb.ca.jnetpcap.FlowGenerator    Forward flow closed due to FIN Flag
2025-12-08 14:39:24 DEBUG cic.cs.unb.ca.jnetpcap.FlowGenerator    FlagFIN current has 3552 flow
2025-12-08 14:39:28 INFO  cic.cs.unb.ca.jnetpcap.FlowGenerator    Forward flow closed due to FIN Flag
2025-12-08 14:39:28 DEBUG cic.cs.unb.ca.jnetpcap.FlowGenerator    FlagFIN current has 3564 flow
2025-12-08 14:39:32 INFO  cic.cs.unb.ca.jnetpcap.FlowGenerator    Forward flow closed due to FIN Flag
2025-12-08 14:39:32 DEBUG cic.cs.unb.ca.jnetpcap.FlowGenerator    FlagFIN current has 3571 flow
2025-12-08 14:39:40 DEBUG cic.cs.unb.ca.jnetpcap.FlowGenerator    Timeout current has 3600 flow
2025-12-08 14:39:42 INFO  cic.cs.unb.ca.jnetpcap.FlowGenerator    Forward flow closed due to FIN Flag
2025-12-08 14:39:42 DEBUG cic.cs.unb.ca.jnetpcap.FlowGenerator    FlagFIN current has 3611 flow
2025-12-08 14:40:02 INFO  cic.cs.unb.ca.jnetpcap.FlowGenerator    Forward flow closed due to FIN Flag
2025-12-08 14:40:02 DEBUG cic.cs.unb.ca.jnetpcap.FlowGenerator    FlagFIN current has 3634 flow
2025-12-08 14:40:02 INFO  cic.cs.unb.ca.jnetpcap.FlowGenerator    Forward flow closed due to FIN Flag
2025-12-08 14:40:02 DEBUG cic.cs.unb.ca.jnetpcap.FlowGenerator    FlagFIN current has 3642 flow
2025-12-08 14:40:18 INFO  cic.cs.unb.ca.jnetpcap.FlowGenerator    Forward flow closed due to FIN Flag
2025-12-08 14:40:18 DEBUG cic.cs.unb.ca.jnetpcap.FlowGenerator    FlagFIN current has 3677 flow
2025-12-08 14:40:30 DEBUG cic.cs.unb.ca.jnetpcap.FlowGenerator    Timeout current has 3700 flow
2025-12-08 14:40:34 INFO  cic.cs.unb.ca.jnetpcap.FlowGenerator    Forward flow closed due to FIN Flag
2025-12-08 14:40:34 DEBUG cic.cs.unb.ca.jnetpcap.FlowGenerator    FlagFIN current has 3709 flow
2025-12-08 14:40:39 INFO  cic.cs.unb.ca.jnetpcap.FlowGenerator    Forward flow closed due to FIN Flag
2025-12-08 14:40:39 DEBUG cic.cs.unb.ca.jnetpcap.FlowGenerator    FlagFIN current has 3716 flow
2025-12-08 14:40:57 INFO  cic.cs.unb.ca.jnetpcap.FlowGenerator    Forward flow closed due to FIN Flag
2025-12-08 14:40:57 DEBUG cic.cs.unb.ca.jnetpcap.FlowGenerator    FlagFIN current has 3743 flow
2025-12-08 14:41:03 INFO  cic.cs.unb.ca.jnetpcap.FlowGenerator    Forward flow closed due to FIN Flag
2025-12-08 14:41:03 DEBUG cic.cs.unb.ca.jnetpcap.FlowGenerator    FlagFIN current has 3755 flow
2025-12-08 14:41:14 INFO  cic.cs.unb.ca.jnetpcap.FlowGenerator    Forward flow closed due to FIN Flag
2025-12-08 14:41:14 DEBUG cic.cs.unb.ca.jnetpcap.FlowGenerator    FlagFIN current has 3769 flow
2025-12-08 14:41:32 INFO  cic.cs.unb.ca.jnetpcap.FlowGenerator    Forward flow closed due to FIN Flag
2025-12-08 14:41:32 DEBUG cic.cs.unb.ca.jnetpcap.FlowGenerator    FlagFIN current has 3807 flow
2025-12-08 14:41:35 INFO  cic.cs.unb.ca.jnetpcap.FlowGenerator    Forward flow closed due to FIN Flag
2025-12-08 14:41:35 DEBUG cic.cs.unb.ca.jnetpcap.FlowGenerator    FlagFIN current has 3819 flow
2025-12-08 14:41:51 INFO  cic.cs.unb.ca.jnetpcap.FlowGenerator    Forward flow closed due to FIN Flag
2025-12-08 14:41:51 DEBUG cic.cs.unb.ca.jnetpcap.FlowGenerator    FlagFIN current has 3848 flow
2025-12-08 14:42:08 INFO  cic.cs.unb.ca.jnetpcap.FlowGenerator    Forward flow closed due to FIN Flag
2025-12-08 14:42:08 DEBUG cic.cs.unb.ca.jnetpcap.FlowGenerator    FlagFIN current has 3866 flow
2025-12-08 14:42:08 INFO  cic.cs.unb.ca.jnetpcap.FlowGenerator    Forward flow closed due to FIN Flag
2025-12-08 14:42:08 DEBUG cic.cs.unb.ca.jnetpcap.FlowGenerator    FlagFIN current has 3873 flow
2025-12-08 14:42:27 INFO  cic.cs.unb.ca.jnetpcap.FlowGenerator    Forward flow closed due to FIN Flag
2025-12-08 14:42:27 DEBUG cic.cs.unb.ca.jnetpcap.FlowGenerator    FlagFIN current has 3933 flow
2025-12-08 14:42:36 INFO  cic.cs.unb.ca.jnetpcap.FlowGenerator    Forward flow closed due to FIN Flag
2025-12-08 14:42:36 DEBUG cic.cs.unb.ca.jnetpcap.FlowGenerator    FlagFIN current has 3956 flow
2025-12-08 14:42:45 INFO  cic.cs.unb.ca.jnetpcap.FlowGenerator    Forward flow closed due to FIN Flag
2025-12-08 14:42:45 DEBUG cic.cs.unb.ca.jnetpcap.FlowGenerator    FlagFIN current has 3974 flow
2025-12-08 14:43:03 INFO  cic.cs.unb.ca.jnetpcap.FlowGenerator    Forward flow closed due to FIN Flag
2025-12-08 14:43:03 DEBUG cic.cs.unb.ca.jnetpcap.FlowGenerator    FlagFIN current has 3993 flow
2025-12-08 14:43:07 DEBUG cic.cs.unb.ca.jnetpcap.FlowGenerator    Timeout current has 4000 flow
2025-12-08 14:43:07 INFO  cic.cs.unb.ca.jnetpcap.FlowGenerator    Forward flow closed due to FIN Flag
2025-12-08 14:43:07 DEBUG cic.cs.unb.ca.jnetpcap.FlowGenerator    FlagFIN current has 4003 flow
2025-12-08 14:43:21 INFO  cic.cs.unb.ca.jnetpcap.FlowGenerator    Forward flow closed due to FIN Flag
2025-12-08 14:43:21 DEBUG cic.cs.unb.ca.jnetpcap.FlowGenerator    FlagFIN current has 4034 flow
2025-12-08 14:43:36 INFO  cic.cs.unb.ca.jnetpcap.FlowGenerator    Forward flow closed due to FIN Flag
2025-12-08 14:43:36 DEBUG cic.cs.unb.ca.jnetpcap.FlowGenerator    FlagFIN current has 4076 flow
2025-12-08 14:43:39 INFO  cic.cs.unb.ca.jnetpcap.FlowGenerator    Forward flow closed due to FIN Flag
2025-12-08 14:43:39 DEBUG cic.cs.unb.ca.jnetpcap.FlowGenerator    FlagFIN current has 4081 flow
2025-12-08 14:43:51 DEBUG cic.cs.unb.ca.jnetpcap.FlowGenerator    Timeout current has 4100 flow
2025-12-08 14:43:57 INFO  cic.cs.unb.ca.jnetpcap.FlowGenerator    Forward flow closed due to FIN Flag
2025-12-08 14:43:57 DEBUG cic.cs.unb.ca.jnetpcap.FlowGenerator    FlagFIN current has 4115 flow
2025-12-08 14:44:03 INFO  cic.cs.unb.ca.jnetpcap.FlowGenerator    Forward flow closed due to FIN Flag
2025-12-08 14:44:03 DEBUG cic.cs.unb.ca.jnetpcap.FlowGenerator    FlagRST current has 4146 flow
2025-12-08 14:44:03 INFO  cic.cs.unb.ca.jnetpcap.FlowGenerator    Forward flow closed due to FIN Flag
2025-12-08 14:44:03 DEBUG cic.cs.unb.ca.jnetpcap.FlowGenerator    FlagRST current has 4146 flow
2025-12-08 14:44:03 INFO  cic.cs.unb.ca.jnetpcap.FlowGenerator    Forward flow closed due to FIN Flag
2025-12-08 14:44:03 DEBUG cic.cs.unb.ca.jnetpcap.FlowGenerator    FlagRST current has 4145 flow
2025-12-08 14:44:03 INFO  cic.cs.unb.ca.jnetpcap.FlowGenerator    Forward flow closed due to FIN Flag
2025-12-08 14:44:03 DEBUG cic.cs.unb.ca.jnetpcap.FlowGenerator    FlagRST current has 4144 flow
2025-12-08 14:44:08 INFO  cic.cs.unb.ca.jnetpcap.FlowGenerator    Forward flow closed due to FIN Flag
2025-12-08 14:44:08 DEBUG cic.cs.unb.ca.jnetpcap.FlowGenerator    FlagFIN current has 4149 flow
2025-12-08 14:44:16 INFO  cic.cs.unb.ca.jnetpcap.FlowGenerator    Forward flow closed due to FIN Flag
2025-12-08 14:44:16 DEBUG cic.cs.unb.ca.jnetpcap.FlowGenerator    FlagFIN current has 4171 flow
2025-12-08 14:44:22 DEBUG cic.cs.unb.ca.jnetpcap.FlowGenerator    FlagRST current has 4175 flow
2025-12-08 14:44:22 DEBUG cic.cs.unb.ca.jnetpcap.FlowGenerator    FlagRST current has 4174 flow
2025-12-08 14:44:22 DEBUG cic.cs.unb.ca.jnetpcap.FlowGenerator    FlagRST current has 4175 flow
2025-12-08 14:44:22 DEBUG cic.cs.unb.ca.jnetpcap.FlowGenerator    FlagRST current has 4174 flow
2025-12-08 14:44:22 DEBUG cic.cs.unb.ca.jnetpcap.FlowGenerator    FlagRST current has 4173 flow
2025-12-08 14:44:22 DEBUG cic.cs.unb.ca.jnetpcap.FlowGenerator    FlagRST current has 4172 flow
2025-12-08 14:44:22 DEBUG cic.cs.unb.ca.jnetpcap.FlowGenerator    FlagRST current has 4171 flow
2025-12-08 14:44:22 DEBUG cic.cs.unb.ca.jnetpcap.FlowGenerator    FlagRST current has 4170 flow
2025-12-08 14:44:22 DEBUG cic.cs.unb.ca.jnetpcap.FlowGenerator    FlagRST current has 4169 flow
2025-12-08 14:44:22 DEBUG cic.cs.unb.ca.jnetpcap.FlowGenerator    FlagRST current has 4168 flow
2025-12-08 14:44:22 DEBUG cic.cs.unb.ca.jnetpcap.FlowGenerator    FlagRST current has 4167 flow
2025-12-08 14:44:22 DEBUG cic.cs.unb.ca.jnetpcap.FlowGenerator    FlagRST current has 4166 flow
2025-12-08 14:44:25 DEBUG cic.cs.unb.ca.jnetpcap.FlowGenerator    FlagRST current has 4166 flow
2025-12-08 14:44:25 DEBUG cic.cs.unb.ca.jnetpcap.FlowGenerator    FlagRST current has 4168 flow
2025-12-08 14:44:25 DEBUG cic.cs.unb.ca.jnetpcap.FlowGenerator    FlagRST current has 4167 flow
2025-12-08 14:44:25 DEBUG cic.cs.unb.ca.jnetpcap.FlowGenerator    FlagRST current has 4166 flow
2025-12-08 14:44:25 DEBUG cic.cs.unb.ca.jnetpcap.FlowGenerator    FlagRST current has 4165 flow
2025-12-08 14:44:25 DEBUG cic.cs.unb.ca.jnetpcap.FlowGenerator    FlagRST current has 4164 flow
2025-12-08 14:44:25 DEBUG cic.cs.unb.ca.jnetpcap.FlowGenerator    FlagRST current has 4163 flow
2025-12-08 14:44:25 DEBUG cic.cs.unb.ca.jnetpcap.FlowGenerator    FlagRST current has 4162 flow
2025-12-08 14:44:25 DEBUG cic.cs.unb.ca.jnetpcap.FlowGenerator    FlagRST current has 4161 flow
2025-12-08 14:44:25 DEBUG cic.cs.unb.ca.jnetpcap.FlowGenerator    FlagRST current has 4160 flow
2025-12-08 14:44:25 DEBUG cic.cs.unb.ca.jnetpcap.FlowGenerator    FlagRST current has 4159 flow
2025-12-08 14:44:33 INFO  cic.cs.unb.ca.jnetpcap.FlowGenerator    Forward flow closed due to FIN Flag
2025-12-08 14:44:33 DEBUG cic.cs.unb.ca.jnetpcap.FlowGenerator    FlagFIN current has 4180 flow
2025-12-08 14:44:37 INFO  cic.cs.unb.ca.jnetpcap.FlowGenerator    Forward flow closed due to FIN Flag
2025-12-08 14:44:37 DEBUG cic.cs.unb.ca.jnetpcap.FlowGenerator    FlagFIN current has 4184 flow
2025-12-08 14:44:42 DEBUG cic.cs.unb.ca.jnetpcap.FlowGenerator    FlagRST current has 4187 flow
2025-12-08 14:44:52 INFO  cic.cs.unb.ca.jnetpcap.FlowGenerator    Forward flow closed due to FIN Flag
2025-12-08 14:44:52 DEBUG cic.cs.unb.ca.jnetpcap.FlowGenerator    FlagFIN current has 4203 flow
2025-12-08 14:45:03 DEBUG cic.cs.unb.ca.jnetpcap.FlowGenerator    FlagFIN current has 4217 flow
2025-12-08 14:45:07 INFO  cic.cs.unb.ca.jnetpcap.FlowGenerator    Forward flow closed due to FIN Flag
2025-12-08 14:45:07 DEBUG cic.cs.unb.ca.jnetpcap.FlowGenerator    FlagFIN current has 4227 flow
2025-12-08 14:45:10 INFO  cic.cs.unb.ca.jnetpcap.FlowGenerator    Forward flow closed due to FIN Flag
2025-12-08 14:45:10 DEBUG cic.cs.unb.ca.jnetpcap.FlowGenerator    FlagFIN current has 4231 flow
2025-12-08 14:45:28 INFO  cic.cs.unb.ca.jnetpcap.FlowGenerator    Forward flow closed due to FIN Flag
2025-12-08 14:45:28 DEBUG cic.cs.unb.ca.jnetpcap.FlowGenerator    FlagFIN current has 4286 flow
2025-12-08 14:45:41 INFO  cic.cs.unb.ca.jnetpcap.FlowGenerator    Forward flow closed due to FIN Flag
2025-12-08 14:45:41 DEBUG cic.cs.unb.ca.jnetpcap.FlowGenerator    FlagFIN current has 4301 flow
2025-12-08 14:45:47 INFO  cic.cs.unb.ca.jnetpcap.FlowGenerator    Forward flow closed due to FIN Flag
2025-12-08 14:45:47 DEBUG cic.cs.unb.ca.jnetpcap.FlowGenerator    FlagFIN current has 4317 flow
2025-12-08 14:46:03 INFO  cic.cs.unb.ca.jnetpcap.FlowGenerator    Forward flow closed due to FIN Flag
2025-12-08 14:46:03 DEBUG cic.cs.unb.ca.jnetpcap.FlowGenerator    FlagFIN current has 4352 flow
2025-12-08 14:46:03 DEBUG cic.cs.unb.ca.jnetpcap.FlowGenerator    FlagFIN current has 4352 flow
2025-12-08 14:46:08 INFO  cic.cs.unb.ca.jnetpcap.FlowGenerator    Forward flow closed due to FIN Flag
2025-12-08 14:46:08 INFO  cic.cs.unb.ca.jnetpcap.FlowGenerator    Forward flow closed due to FIN Flag
2025-12-08 14:46:08 DEBUG cic.cs.unb.ca.jnetpcap.FlowGenerator    FlagFIN current has 4360 flow
2025-12-08 14:46:08 WARN  cic.cs.unb.ca.jnetpcap.FlowGenerator    Forward flow received 2 FIN packets
2025-12-08 14:46:22 INFO  cic.cs.unb.ca.jnetpcap.FlowGenerator    Forward flow closed due to FIN Flag
2025-12-08 14:46:22 DEBUG cic.cs.unb.ca.jnetpcap.FlowGenerator    FlagFIN current has 4383 flow
2025-12-08 14:46:22 INFO  cic.cs.unb.ca.jnetpcap.FlowGenerator    Forward flow closed due to FIN Flag
2025-12-08 14:46:22 DEBUG cic.cs.unb.ca.jnetpcap.FlowGenerator    FlagRST current has 4387 flow
2025-12-08 14:46:28 DEBUG cic.cs.unb.ca.jnetpcap.FlowGenerator    FlagRST current has 4411 flow
2025-12-08 14:46:29 DEBUG cic.cs.unb.ca.jnetpcap.FlowGenerator    FlagRST current has 4417 flow
2025-12-08 14:46:29 DEBUG cic.cs.unb.ca.jnetpcap.FlowGenerator    FlagRST current has 4416 flow
2025-12-08 14:46:29 DEBUG cic.cs.unb.ca.jnetpcap.FlowGenerator    FlagRST current has 4415 flow
2025-12-08 14:46:38 INFO  cic.cs.unb.ca.jnetpcap.FlowGenerator    Forward flow closed due to FIN Flag
2025-12-08 14:46:38 DEBUG cic.cs.unb.ca.jnetpcap.FlowGenerator    FlagFIN current has 4429 flow
2025-12-08 14:46:39 INFO  cic.cs.unb.ca.jnetpcap.FlowGenerator    Forward flow closed due to FIN Flag
2025-12-08 14:46:39 INFO  cic.cs.unb.ca.jnetpcap.FlowGenerator    Forward flow closed due to FIN Flag
2025-12-08 14:46:39 INFO  cic.cs.unb.ca.jnetpcap.FlowGenerator    Forward flow closed due to FIN Flag
2025-12-08 14:46:39 INFO  cic.cs.unb.ca.jnetpcap.FlowGenerator    Forward flow closed due to FIN Flag
2025-12-08 14:46:39 INFO  cic.cs.unb.ca.jnetpcap.FlowGenerator    Forward flow closed due to FIN Flag
2025-12-08 14:46:39 INFO  cic.cs.unb.ca.jnetpcap.FlowGenerator    Forward flow closed due to FIN Flag
2025-12-08 14:46:39 INFO  cic.cs.unb.ca.jnetpcap.FlowGenerator    Forward flow closed due to FIN Flag
2025-12-08 14:46:39 INFO  cic.cs.unb.ca.jnetpcap.FlowGenerator    Forward flow closed due to FIN Flag
2025-12-08 14:46:39 INFO  cic.cs.unb.ca.jnetpcap.FlowGenerator    Forward flow closed due to FIN Flag
2025-12-08 14:46:39 INFO  cic.cs.unb.ca.jnetpcap.FlowGenerator    Forward flow closed due to FIN Flag
2025-12-08 14:46:39 INFO  cic.cs.unb.ca.jnetpcap.FlowGenerator    Forward flow closed due to FIN Flag
2025-12-08 14:46:39 DEBUG cic.cs.unb.ca.jnetpcap.FlowGenerator    FlagFIN current has 4455 flow
2025-12-08 14:46:39 DEBUG cic.cs.unb.ca.jnetpcap.FlowGenerator    FlagFIN current has 4455 flow
2025-12-08 14:46:39 DEBUG cic.cs.unb.ca.jnetpcap.FlowGenerator    FlagFIN current has 4455 flow
2025-12-08 14:46:39 DEBUG cic.cs.unb.ca.jnetpcap.FlowGenerator    FlagFIN current has 4455 flow
2025-12-08 14:46:39 DEBUG cic.cs.unb.ca.jnetpcap.FlowGenerator    FlagFIN current has 4455 flow
2025-12-08 14:46:39 DEBUG cic.cs.unb.ca.jnetpcap.FlowGenerator    FlagFIN current has 4455 flow
2025-12-08 14:46:39 DEBUG cic.cs.unb.ca.jnetpcap.FlowGenerator    FlagFIN current has 4455 flow
2025-12-08 14:46:39 DEBUG cic.cs.unb.ca.jnetpcap.FlowGenerator    FlagFIN current has 4455 flow
2025-12-08 14:46:39 DEBUG cic.cs.unb.ca.jnetpcap.FlowGenerator    FlagFIN current has 4455 flow
2025-12-08 14:46:39 DEBUG cic.cs.unb.ca.jnetpcap.FlowGenerator    FlagFIN current has 4455 flow
2025-12-08 14:46:39 DEBUG cic.cs.unb.ca.jnetpcap.FlowGenerator    FlagFIN current has 4455 flow
2025-12-08 14:46:41 INFO  cic.cs.unb.ca.jnetpcap.FlowGenerator    Forward flow closed due to FIN Flag
2025-12-08 14:46:41 DEBUG cic.cs.unb.ca.jnetpcap.FlowGenerator    FlagFIN current has 4458 flow
2025-12-08 14:46:41 DEBUG cic.cs.unb.ca.jnetpcap.FlowGenerator    FlagRST current has 4460 flow
2025-12-08 14:46:54 DEBUG cic.cs.unb.ca.jnetpcap.FlowGenerator    FlagRST current has 4484 flow
2025-12-08 14:47:00 INFO  cic.cs.unb.ca.jnetpcap.FlowGenerator    Forward flow closed due to FIN Flag
2025-12-08 14:47:00 DEBUG cic.cs.unb.ca.jnetpcap.FlowGenerator    FlagFIN current has 4492 flow
2025-12-08 14:47:12 INFO  cic.cs.unb.ca.jnetpcap.FlowGenerator    Forward flow closed due to FIN Flag
2025-12-08 14:47:12 DEBUG cic.cs.unb.ca.jnetpcap.FlowGenerator    FlagFIN current has 4513 flow
2025-12-08 14:47:18 INFO  cic.cs.unb.ca.jnetpcap.FlowGenerator    Forward flow closed due to FIN Flag
2025-12-08 14:47:18 DEBUG cic.cs.unb.ca.jnetpcap.FlowGenerator    FlagFIN current has 4531 flow
2025-12-08 14:47:30 DEBUG cic.cs.unb.ca.jnetpcap.FlowGenerator    FlagFIN current has 4558 flow
2025-12-08 14:47:30 DEBUG cic.cs.unb.ca.jnetpcap.FlowGenerator    FlagFIN current has 4558 flow
2025-12-08 14:47:32 INFO  cic.cs.unb.ca.jnetpcap.FlowGenerator    Forward flow closed due to FIN Flag
2025-12-08 14:47:32 DEBUG cic.cs.unb.ca.jnetpcap.FlowGenerator    FlagFIN current has 4564 flow
2025-12-08 14:47:34 INFO  cic.cs.unb.ca.jnetpcap.FlowGenerator    Forward flow closed due to FIN Flag
2025-12-08 14:47:34 DEBUG cic.cs.unb.ca.jnetpcap.FlowGenerator    FlagFIN current has 4585 flow
2025-12-08 14:47:40 DEBUG cic.cs.unb.ca.jnetpcap.FlowGenerator    FlagRST current has 4594 flow
2025-12-08 14:47:40 DEBUG cic.cs.unb.ca.jnetpcap.FlowGenerator    FlagFIN current has 4593 flow
2025-12-08 14:47:40 DEBUG cic.cs.unb.ca.jnetpcap.FlowGenerator    FlagFIN current has 4593 flow
2025-12-08 14:47:40 INFO  cic.cs.unb.ca.jnetpcap.FlowGenerator    Forward flow closed due to FIN Flag
2025-12-08 14:47:47 DEBUG cic.cs.unb.ca.jnetpcap.FlowGenerator    Timeout current has 4600 flow
2025-12-08 14:47:47 DEBUG cic.cs.unb.ca.jnetpcap.FlowGenerator    Timeout current has 4600 flow
2025-12-08 14:47:47 INFO  cic.cs.unb.ca.jnetpcap.FlowGenerator    Forward flow closed due to FIN Flag
2025-12-08 14:47:47 WARN  cic.cs.unb.ca.jnetpcap.FlowGenerator    Forward flow received 2 FIN packets
2025-12-08 14:47:47 WARN  cic.cs.unb.ca.jnetpcap.FlowGenerator    Forward flow received 3 FIN packets
2025-12-08 14:47:53 INFO  cic.cs.unb.ca.jnetpcap.FlowGenerator    Forward flow closed due to FIN Flag
2025-12-08 14:47:53 DEBUG cic.cs.unb.ca.jnetpcap.FlowGenerator    FlagFIN current has 4615 flow
2025-12-08 14:47:56 INFO  cic.cs.unb.ca.jnetpcap.FlowGenerator    Forward flow closed due to FIN Flag
2025-12-08 14:47:56 DEBUG cic.cs.unb.ca.jnetpcap.FlowGenerator    FlagRST current has 4621 flow
2025-12-08 14:48:10 INFO  cic.cs.unb.ca.jnetpcap.FlowGenerator    Forward flow closed due to FIN Flag
2025-12-08 14:48:10 DEBUG cic.cs.unb.ca.jnetpcap.FlowGenerator    FlagFIN current has 4642 flow
2025-12-08 14:48:12 INFO  cic.cs.unb.ca.jnetpcap.FlowGenerator    Forward flow closed due to FIN Flag
2025-12-08 14:48:12 DEBUG cic.cs.unb.ca.jnetpcap.FlowGenerator    FlagFIN current has 4648 flow
2025-12-08 14:48:12 DEBUG cic.cs.unb.ca.jnetpcap.FlowGenerator    Timeout current has 4650 flow
2025-12-08 14:48:12 DEBUG cic.cs.unb.ca.jnetpcap.FlowGenerator    Timeout current has 4650 flow
2025-12-08 14:48:12 DEBUG cic.cs.unb.ca.jnetpcap.FlowGenerator    Timeout current has 4650 flow
2025-12-08 14:48:12 DEBUG cic.cs.unb.ca.jnetpcap.FlowGenerator    Timeout current has 4650 flow
2025-12-08 14:48:30 INFO  cic.cs.unb.ca.jnetpcap.FlowGenerator    Forward flow closed due to FIN Flag
2025-12-08 14:48:30 DEBUG cic.cs.unb.ca.jnetpcap.FlowGenerator    FlagFIN current has 4695 flow
2025-12-08 14:48:32 DEBUG cic.cs.unb.ca.jnetpcap.FlowGenerator    Timeout current has 4700 flow
2025-12-08 14:48:39 INFO  cic.cs.unb.ca.jnetpcap.FlowGenerator    Forward flow closed due to FIN Flag
2025-12-08 14:48:39 DEBUG cic.cs.unb.ca.jnetpcap.FlowGenerator    FlagRST current has 4716 flow
2025-12-08 14:48:39 INFO  cic.cs.unb.ca.jnetpcap.FlowGenerator    Forward flow closed due to FIN Flag
2025-12-08 14:48:39 DEBUG cic.cs.unb.ca.jnetpcap.FlowGenerator    FlagRST current has 4715 flow
2025-12-08 14:48:40 INFO  cic.cs.unb.ca.jnetpcap.FlowGenerator    Forward flow closed due to FIN Flag
2025-12-08 14:48:42 DEBUG cic.cs.unb.ca.jnetpcap.FlowGenerator    FlagFIN current has 4718 flow
2025-12-08 14:48:42 INFO  cic.cs.unb.ca.jnetpcap.FlowGenerator    Forward flow closed due to FIN Flag
2025-12-08 14:48:42 DEBUG cic.cs.unb.ca.jnetpcap.FlowGenerator    FlagRST current has 4719 flow
2025-12-08 14:48:48 INFO  cic.cs.unb.ca.jnetpcap.FlowGenerator    Forward flow closed due to FIN Flag
2025-12-08 14:48:48 DEBUG cic.cs.unb.ca.jnetpcap.FlowGenerator    FlagFIN current has 4728 flow
2025-12-08 14:48:59 DEBUG cic.cs.unb.ca.jnetpcap.FlowGenerator    Timeout current has 4750 flow
2025-12-08 14:49:06 INFO  cic.cs.unb.ca.jnetpcap.FlowGenerator    Forward flow closed due to FIN Flag
2025-12-08 14:49:06 DEBUG cic.cs.unb.ca.jnetpcap.FlowGenerator    FlagFIN current has 4764 flow
2025-12-08 14:49:11 INFO  cic.cs.unb.ca.jnetpcap.FlowGenerator    Forward flow closed due to FIN Flag
2025-12-08 14:49:11 DEBUG cic.cs.unb.ca.jnetpcap.FlowGenerator    FlagFIN current has 4769 flow
2025-12-08 14:49:26 INFO  cic.cs.unb.ca.jnetpcap.FlowGenerator    Forward flow closed due to FIN Flag
2025-12-08 14:49:26 DEBUG cic.cs.unb.ca.jnetpcap.FlowGenerator    FlagFIN current has 4791 flow
2025-12-08 14:49:28 DEBUG cic.cs.unb.ca.jnetpcap.FlowGenerator    Timeout current has 4800 flow
2025-12-08 14:49:33 INFO  cic.cs.unb.ca.jnetpcap.FlowGenerator    Forward flow closed due to FIN Flag
2025-12-08 14:49:33 DEBUG cic.cs.unb.ca.jnetpcap.FlowGenerator    FlagRST current has 4844 flow
2025-12-08 14:49:35 INFO  cic.cs.unb.ca.jnetpcap.FlowGenerator    Forward flow closed due to FIN Flag
2025-12-08 14:49:35 DEBUG cic.cs.unb.ca.jnetpcap.FlowGenerator    FlagFIN current has 4917 flow
2025-12-08 14:49:35 INFO  cic.cs.unb.ca.jnetpcap.FlowGenerator    Forward flow closed due to FIN Flag
2025-12-08 14:49:35 DEBUG cic.cs.unb.ca.jnetpcap.FlowGenerator    FlagFIN current has 4936 flow
2025-12-08 14:49:35 INFO  cic.cs.unb.ca.jnetpcap.FlowGenerator    Forward flow closed due to FIN Flag
2025-12-08 14:49:35 INFO  cic.cs.unb.ca.jnetpcap.FlowGenerator    Forward flow closed due to FIN Flag
2025-12-08 14:49:35 INFO  cic.cs.unb.ca.jnetpcap.FlowGenerator    Forward flow closed due to FIN Flag
2025-12-08 14:49:35 INFO  cic.cs.unb.ca.jnetpcap.FlowGenerator    Forward flow closed due to FIN Flag
2025-12-08 14:49:35 INFO  cic.cs.unb.ca.jnetpcap.FlowGenerator    Forward flow closed due to FIN Flag
2025-12-08 14:49:35 INFO  cic.cs.unb.ca.jnetpcap.FlowGenerator    Forward flow closed due to FIN Flag
2025-12-08 14:49:35 INFO  cic.cs.unb.ca.jnetpcap.FlowGenerator    Forward flow closed due to FIN Flag
2025-12-08 14:49:35 INFO  cic.cs.unb.ca.jnetpcap.FlowGenerator    Forward flow closed due to FIN Flag
2025-12-08 14:49:35 INFO  cic.cs.unb.ca.jnetpcap.FlowGenerator    Forward flow closed due to FIN Flag
2025-12-08 14:49:35 INFO  cic.cs.unb.ca.jnetpcap.FlowGenerator    Forward flow closed due to FIN Flag
2025-12-08 14:49:35 INFO  cic.cs.unb.ca.jnetpcap.FlowGenerator    Forward flow closed due to FIN Flag
2025-12-08 14:49:36 DEBUG cic.cs.unb.ca.jnetpcap.FlowGenerator    FlagFIN current has 4936 flow
2025-12-08 14:49:36 DEBUG cic.cs.unb.ca.jnetpcap.FlowGenerator    FlagFIN current has 4936 flow
2025-12-08 14:49:36 DEBUG cic.cs.unb.ca.jnetpcap.FlowGenerator    FlagFIN current has 4936 flow
2025-12-08 14:49:36 DEBUG cic.cs.unb.ca.jnetpcap.FlowGenerator    FlagFIN current has 4936 flow
2025-12-08 14:49:36 DEBUG cic.cs.unb.ca.jnetpcap.FlowGenerator    FlagFIN current has 4936 flow
2025-12-08 14:49:36 DEBUG cic.cs.unb.ca.jnetpcap.FlowGenerator    FlagFIN current has 4936 flow
2025-12-08 14:49:36 DEBUG cic.cs.unb.ca.jnetpcap.FlowGenerator    FlagFIN current has 4936 flow
2025-12-08 14:49:36 DEBUG cic.cs.unb.ca.jnetpcap.FlowGenerator    FlagFIN current has 4936 flow
2025-12-08 14:49:36 DEBUG cic.cs.unb.ca.jnetpcap.FlowGenerator    FlagFIN current has 4936 flow
2025-12-08 14:49:36 DEBUG cic.cs.unb.ca.jnetpcap.FlowGenerator    FlagFIN current has 4936 flow
2025-12-08 14:49:36 DEBUG cic.cs.unb.ca.jnetpcap.FlowGenerator    FlagFIN current has 4936 flow
2025-12-08 14:49:36 INFO  cic.cs.unb.ca.jnetpcap.FlowGenerator    Forward flow closed due to FIN Flag
2025-12-08 14:49:36 INFO  cic.cs.unb.ca.jnetpcap.FlowGenerator    Forward flow closed due to FIN Flag
2025-12-08 14:49:36 INFO  cic.cs.unb.ca.jnetpcap.FlowGenerator    Forward flow closed due to FIN Flag
2025-12-08 14:49:36 INFO  cic.cs.unb.ca.jnetpcap.FlowGenerator    Forward flow closed due to FIN Flag
2025-12-08 14:49:36 INFO  cic.cs.unb.ca.jnetpcap.FlowGenerator    Forward flow closed due to FIN Flag
2025-12-08 14:49:36 DEBUG cic.cs.unb.ca.jnetpcap.FlowGenerator    FlagFIN current has 4936 flow
2025-12-08 14:49:36 DEBUG cic.cs.unb.ca.jnetpcap.FlowGenerator    FlagFIN current has 4936 flow
2025-12-08 14:49:36 DEBUG cic.cs.unb.ca.jnetpcap.FlowGenerator    FlagFIN current has 4936 flow
2025-12-08 14:49:36 DEBUG cic.cs.unb.ca.jnetpcap.FlowGenerator    FlagFIN current has 4936 flow
2025-12-08 14:49:36 DEBUG cic.cs.unb.ca.jnetpcap.FlowGenerator    FlagFIN current has 4936 flow
2025-12-08 14:49:36 INFO  cic.cs.unb.ca.jnetpcap.FlowGenerator    Forward flow closed due to FIN Flag
2025-12-08 14:49:36 DEBUG cic.cs.unb.ca.jnetpcap.FlowGenerator    FlagRST current has 4938 flow
2025-12-08 14:49:36 INFO  cic.cs.unb.ca.jnetpcap.FlowGenerator    Forward flow closed due to FIN Flag
2025-12-08 14:49:36 DEBUG cic.cs.unb.ca.jnetpcap.FlowGenerator    FlagFIN current has 4944 flow
2025-12-08 14:49:36 INFO  cic.cs.unb.ca.jnetpcap.FlowGenerator    Forward flow closed due to FIN Flag
2025-12-08 14:49:36 DEBUG cic.cs.unb.ca.jnetpcap.FlowGenerator    FlagFIN current has 4948 flow
2025-12-08 14:49:37 INFO  cic.cs.unb.ca.jnetpcap.FlowGenerator    Forward flow closed due to FIN Flag
2025-12-08 14:49:37 DEBUG cic.cs.unb.ca.jnetpcap.FlowGenerator    FlagRST current has 4977 flow
2025-12-08 14:49:37 INFO  cic.cs.unb.ca.jnetpcap.FlowGenerator    Forward flow closed due to FIN Flag
2025-12-08 14:49:37 DEBUG cic.cs.unb.ca.jnetpcap.FlowGenerator    FlagFIN current has 4976 flow
2025-12-08 14:49:37 INFO  cic.cs.unb.ca.jnetpcap.FlowGenerator    Forward flow closed due to FIN Flag
2025-12-08 14:49:37 DEBUG cic.cs.unb.ca.jnetpcap.FlowGenerator    FlagFIN current has 4994 flow
2025-12-08 14:49:37 INFO  cic.cs.unb.ca.jnetpcap.FlowGenerator    Forward flow closed due to FIN Flag
2025-12-08 14:49:37 INFO  cic.cs.unb.ca.jnetpcap.FlowGenerator    Forward flow closed due to FIN Flag
2025-12-08 14:49:37 INFO  cic.cs.unb.ca.jnetpcap.FlowGenerator    Forward flow closed due to FIN Flag
2025-12-08 14:49:37 INFO  cic.cs.unb.ca.jnetpcap.FlowGenerator    Forward flow closed due to FIN Flag
2025-12-08 14:49:37 INFO  cic.cs.unb.ca.jnetpcap.FlowGenerator    Forward flow closed due to FIN Flag
2025-12-08 14:49:37 INFO  cic.cs.unb.ca.jnetpcap.FlowGenerator    Forward flow closed due to FIN Flag
2025-12-08 14:49:37 INFO  cic.cs.unb.ca.jnetpcap.FlowGenerator    Forward flow closed due to FIN Flag
2025-12-08 14:49:37 INFO  cic.cs.unb.ca.jnetpcap.FlowGenerator    Forward flow closed due to FIN Flag
2025-12-08 14:49:37 INFO  cic.cs.unb.ca.jnetpcap.FlowGenerator    Forward flow closed due to FIN Flag
2025-12-08 14:49:37 INFO  cic.cs.unb.ca.jnetpcap.FlowGenerator    Forward flow closed due to FIN Flag
2025-12-08 14:49:37 INFO  cic.cs.unb.ca.jnetpcap.FlowGenerator    Forward flow closed due to FIN Flag
2025-12-08 14:49:37 DEBUG cic.cs.unb.ca.jnetpcap.FlowGenerator    FlagFIN current has 4994 flow
2025-12-08 14:49:37 DEBUG cic.cs.unb.ca.jnetpcap.FlowGenerator    FlagFIN current has 4994 flow
2025-12-08 14:49:37 DEBUG cic.cs.unb.ca.jnetpcap.FlowGenerator    FlagFIN current has 4994 flow
2025-12-08 14:49:37 DEBUG cic.cs.unb.ca.jnetpcap.FlowGenerator    FlagFIN current has 4994 flow
2025-12-08 14:49:37 DEBUG cic.cs.unb.ca.jnetpcap.FlowGenerator    FlagFIN current has 4994 flow
2025-12-08 14:49:37 DEBUG cic.cs.unb.ca.jnetpcap.FlowGenerator    FlagFIN current has 4994 flow
2025-12-08 14:49:37 DEBUG cic.cs.unb.ca.jnetpcap.FlowGenerator    FlagFIN current has 4994 flow
2025-12-08 14:49:37 DEBUG cic.cs.unb.ca.jnetpcap.FlowGenerator    FlagFIN current has 4994 flow
2025-12-08 14:49:37 DEBUG cic.cs.unb.ca.jnetpcap.FlowGenerator    FlagFIN current has 4994 flow
2025-12-08 14:49:37 DEBUG cic.cs.unb.ca.jnetpcap.FlowGenerator    FlagFIN current has 4994 flow
2025-12-08 14:49:37 DEBUG cic.cs.unb.ca.jnetpcap.FlowGenerator    FlagFIN current has 4994 flow
2025-12-08 14:49:37 INFO  cic.cs.unb.ca.jnetpcap.FlowGenerator    Forward flow closed due to FIN Flag
2025-12-08 14:49:37 INFO  cic.cs.unb.ca.jnetpcap.FlowGenerator    Forward flow closed due to FIN Flag
2025-12-08 14:49:37 INFO  cic.cs.unb.ca.jnetpcap.FlowGenerator    Forward flow closed due to FIN Flag
2025-12-08 14:49:37 INFO  cic.cs.unb.ca.jnetpcap.FlowGenerator    Forward flow closed due to FIN Flag
2025-12-08 14:49:37 INFO  cic.cs.unb.ca.jnetpcap.FlowGenerator    Forward flow closed due to FIN Flag
2025-12-08 14:49:37 DEBUG cic.cs.unb.ca.jnetpcap.FlowGenerator    FlagFIN current has 4994 flow
2025-12-08 14:49:37 DEBUG cic.cs.unb.ca.jnetpcap.FlowGenerator    FlagFIN current has 4994 flow
2025-12-08 14:49:37 DEBUG cic.cs.unb.ca.jnetpcap.FlowGenerator    FlagFIN current has 4994 flow
2025-12-08 14:49:37 DEBUG cic.cs.unb.ca.jnetpcap.FlowGenerator    FlagFIN current has 4994 flow
2025-12-08 14:49:37 DEBUG cic.cs.unb.ca.jnetpcap.FlowGenerator    FlagFIN current has 4994 flow
2025-12-08 14:49:42 INFO  cic.cs.unb.ca.jnetpcap.FlowGenerator    Forward flow closed due to FIN Flag
2025-12-08 14:49:42 DEBUG cic.cs.unb.ca.jnetpcap.FlowGenerator    FlagFIN current has 5013 flow
2025-12-08 14:49:42 INFO  cic.cs.unb.ca.jnetpcap.FlowGenerator    Forward flow closed due to FIN Flag
2025-12-08 14:49:42 DEBUG cic.cs.unb.ca.jnetpcap.FlowGenerator    FlagFIN current has 5013 flow
2025-12-08 14:49:52 INFO  cic.cs.unb.ca.jnetpcap.FlowGenerator    Forward flow closed due to FIN Flag
2025-12-08 14:49:52 WARN  cic.cs.unb.ca.jnetpcap.FlowGenerator    Forward flow received 2 FIN packets
2025-12-08 14:49:52 WARN  cic.cs.unb.ca.jnetpcap.FlowGenerator    Forward flow received 3 FIN packets
2025-12-08 14:49:54 WARN  cic.cs.unb.ca.jnetpcap.FlowGenerator    Forward flow received 4 FIN packets
2025-12-08 14:49:57 WARN  cic.cs.unb.ca.jnetpcap.FlowGenerator    Forward flow received 5 FIN packets
2025-12-08 14:50:00 INFO  cic.cs.unb.ca.jnetpcap.FlowGenerator    Forward flow closed due to FIN Flag
2025-12-08 14:50:00 DEBUG cic.cs.unb.ca.jnetpcap.FlowGenerator    FlagFIN current has 5044 flow
2025-12-08 14:50:00 WARN  cic.cs.unb.ca.jnetpcap.FlowGenerator    Forward flow received 6 FIN packets
2025-12-08 14:50:10 WARN  cic.cs.unb.ca.jnetpcap.FlowGenerator    Forward flow received 7 FIN packets
2025-12-08 14:50:12 INFO  cic.cs.unb.ca.jnetpcap.FlowGenerator    Forward flow closed due to FIN Flag
2025-12-08 14:50:12 DEBUG cic.cs.unb.ca.jnetpcap.FlowGenerator    FlagFIN current has 5068 flow
2025-12-08 14:50:14 INFO  cic.cs.unb.ca.jnetpcap.FlowGenerator    Forward flow closed due to FIN Flag
2025-12-08 14:50:14 DEBUG cic.cs.unb.ca.jnetpcap.FlowGenerator    FlagRST current has 5071 flow
2025-12-08 14:50:18 INFO  cic.cs.unb.ca.jnetpcap.FlowGenerator    Forward flow closed due to FIN Flag
2025-12-08 14:50:18 DEBUG cic.cs.unb.ca.jnetpcap.FlowGenerator    FlagFIN current has 5080 flow
2025-12-08 14:50:26 WARN  cic.cs.unb.ca.jnetpcap.FlowGenerator    Forward flow received 8 FIN packets
2025-12-08 14:50:38 INFO  cic.cs.unb.ca.jnetpcap.FlowGenerator    Forward flow closed due to FIN Flag
2025-12-08 14:50:38 DEBUG cic.cs.unb.ca.jnetpcap.FlowGenerator    FlagFIN current has 5114 flow
2025-12-08 14:50:43 INFO  cic.cs.unb.ca.jnetpcap.FlowGenerator    Forward flow closed due to FIN Flag
2025-12-08 14:50:43 DEBUG cic.cs.unb.ca.jnetpcap.FlowGenerator    FlagFIN current has 5129 flow
2025-12-08 14:50:54 INFO  cic.cs.unb.ca.jnetpcap.FlowGenerator    Forward flow closed due to FIN Flag
2025-12-08 14:50:54 DEBUG cic.cs.unb.ca.jnetpcap.FlowGenerator    FlagFIN current has 5148 flow
2025-12-08 14:51:01 DEBUG cic.cs.unb.ca.jnetpcap.FlowGenerator    Timeout current has 5150 flow
2025-12-08 14:51:01 DEBUG cic.cs.unb.ca.jnetpcap.FlowGenerator    Timeout current has 5150 flow
2025-12-08 14:51:01 DEBUG cic.cs.unb.ca.jnetpcap.FlowGenerator    Timeout current has 5150 flow
2025-12-08 14:51:01 DEBUG cic.cs.unb.ca.jnetpcap.FlowGenerator    Timeout current has 5150 flow
2025-12-08 14:51:12 INFO  cic.cs.unb.ca.jnetpcap.FlowGenerator    Forward flow closed due to FIN Flag
2025-12-08 14:51:12 DEBUG cic.cs.unb.ca.jnetpcap.FlowGenerator    FlagFIN current has 5173 flow
2025-12-08 14:51:14 INFO  cic.cs.unb.ca.jnetpcap.FlowGenerator    Forward flow closed due to FIN Flag
2025-12-08 14:51:14 DEBUG cic.cs.unb.ca.jnetpcap.FlowGenerator    FlagFIN current has 5174 flow
2025-12-08 14:51:14 DEBUG cic.cs.unb.ca.jnetpcap.FlowGenerator    FlagFIN current has 5176 flow
2025-12-08 14:51:32 INFO  cic.cs.unb.ca.jnetpcap.FlowGenerator    Forward flow closed due to FIN Flag
2025-12-08 14:51:32 DEBUG cic.cs.unb.ca.jnetpcap.FlowGenerator    FlagFIN current has 5214 flow
2025-12-08 14:51:44 INFO  cic.cs.unb.ca.jnetpcap.FlowGenerator    Forward flow closed due to FIN Flag
2025-12-08 14:51:44 DEBUG cic.cs.unb.ca.jnetpcap.FlowGenerator    FlagFIN current has 5236 flow
2025-12-08 14:51:44 DEBUG cic.cs.unb.ca.jnetpcap.FlowGenerator    FlagFIN current has 5236 flow
2025-12-08 14:51:51 INFO  cic.cs.unb.ca.jnetpcap.FlowGenerator    Forward flow closed due to FIN Flag
2025-12-08 14:51:51 DEBUG cic.cs.unb.ca.jnetpcap.FlowGenerator    FlagFIN current has 5243 flow
2025-12-08 14:51:55 DEBUG cic.cs.unb.ca.jnetpcap.FlowGenerator    Timeout current has 5250 flow
2025-12-08 14:52:07 INFO  cic.cs.unb.ca.jnetpcap.FlowGenerator    Forward flow closed due to FIN Flag
2025-12-08 14:52:07 DEBUG cic.cs.unb.ca.jnetpcap.FlowGenerator    FlagFIN current has 5276 flow
2025-12-08 14:52:15 INFO  cic.cs.unb.ca.jnetpcap.FlowGenerator    Forward flow closed due to FIN Flag
2025-12-08 14:52:15 DEBUG cic.cs.unb.ca.jnetpcap.FlowGenerator    FlagFIN current has 5294 flow
2025-12-08 14:52:26 INFO  cic.cs.unb.ca.jnetpcap.FlowGenerator    Forward flow closed due to FIN Flag
2025-12-08 14:52:26 DEBUG cic.cs.unb.ca.jnetpcap.FlowGenerator    FlagFIN current has 5309 flow
2025-12-08 14:52:34 INFO  cic.cs.unb.ca.jnetpcap.FlowGenerator    Forward flow closed due to FIN Flag
2025-12-08 14:52:34 DEBUG cic.cs.unb.ca.jnetpcap.FlowGenerator    FlagFIN current has 5326 flow
2025-12-08 14:52:37 INFO  cic.cs.unb.ca.jnetpcap.FlowGenerator    Forward flow closed due to FIN Flag
2025-12-08 14:52:37 DEBUG cic.cs.unb.ca.jnetpcap.FlowGenerator    FlagFIN current has 5350 flow
2025-12-08 14:52:38 INFO  cic.cs.unb.ca.jnetpcap.FlowGenerator    Forward flow closed due to FIN Flag
2025-12-08 14:52:38 DEBUG cic.cs.unb.ca.jnetpcap.FlowGenerator    Timeout current has 5350 flow
2025-12-08 14:52:38 DEBUG cic.cs.unb.ca.jnetpcap.FlowGenerator    FlagFIN current has 5356 flow
2025-12-08 14:52:38 INFO  cic.cs.unb.ca.jnetpcap.FlowGenerator    Forward flow closed due to FIN Flag
2025-12-08 14:52:43 INFO  cic.cs.unb.ca.jnetpcap.FlowGenerator    Forward flow closed due to FIN Flag
2025-12-08 14:52:43 DEBUG cic.cs.unb.ca.jnetpcap.FlowGenerator    FlagFIN current has 5363 flow
2025-12-08 14:52:44 INFO  cic.cs.unb.ca.jnetpcap.FlowGenerator    Forward flow closed due to FIN Flag
2025-12-08 14:52:44 DEBUG cic.cs.unb.ca.jnetpcap.FlowGenerator    FlagFIN current has 5369 flow
2025-12-08 14:52:44 DEBUG cic.cs.unb.ca.jnetpcap.FlowGenerator    FlagRST current has 5369 flow
2025-12-08 14:52:57 DEBUG cic.cs.unb.ca.jnetpcap.FlowGenerator    FlagFIN current has 5386 flow
2025-12-08 14:52:57 INFO  cic.cs.unb.ca.jnetpcap.FlowGenerator    Forward flow closed due to FIN Flag
2025-12-08 14:53:01 INFO  cic.cs.unb.ca.jnetpcap.FlowGenerator    Forward flow closed due to FIN Flag
2025-12-08 14:53:01 DEBUG cic.cs.unb.ca.jnetpcap.FlowGenerator    FlagFIN current has 5391 flow
2025-12-08 14:53:13 DEBUG cic.cs.unb.ca.jnetpcap.FlowGenerator    Timeout current has 5400 flow
2025-12-08 14:53:14 INFO  cic.cs.unb.ca.jnetpcap.FlowGenerator    Forward flow closed due to FIN Flag
2025-12-08 14:53:14 DEBUG cic.cs.unb.ca.jnetpcap.FlowGenerator    FlagFIN current has 5407 flow
2025-12-08 14:53:20 INFO  cic.cs.unb.ca.jnetpcap.FlowGenerator    Forward flow closed due to FIN Flag
2025-12-08 14:53:20 DEBUG cic.cs.unb.ca.jnetpcap.FlowGenerator    FlagFIN current has 5414 flow
2025-12-08 14:53:35 DEBUG cic.cs.unb.ca.jnetpcap.FlowGenerator    Timeout current has 5450 flow
2025-12-08 14:53:37 INFO  cic.cs.unb.ca.jnetpcap.FlowGenerator    Forward flow closed due to FIN Flag
2025-12-08 14:53:37 DEBUG cic.cs.unb.ca.jnetpcap.FlowGenerator    FlagFIN current has 5456 flow
2025-12-08 14:53:41 INFO  cic.cs.unb.ca.jnetpcap.FlowGenerator    Forward flow closed due to FIN Flag
2025-12-08 14:53:42 WARN  cic.cs.unb.ca.jnetpcap.FlowGenerator    Forward flow received 2 FIN packets
2025-12-08 14:53:42 WARN  cic.cs.unb.ca.jnetpcap.FlowGenerator    Forward flow received 3 FIN packets
2025-12-08 14:53:43 WARN  cic.cs.unb.ca.jnetpcap.FlowGenerator    Forward flow received 4 FIN packets
2025-12-08 14:53:44 WARN  cic.cs.unb.ca.jnetpcap.FlowGenerator    Forward flow received 5 FIN packets
2025-12-08 14:53:45 INFO  cic.cs.unb.ca.jnetpcap.FlowGenerator    Forward flow closed due to FIN Flag
2025-12-08 14:53:45 DEBUG cic.cs.unb.ca.jnetpcap.FlowGenerator    FlagFIN current has 5472 flow
2025-12-08 14:53:46 WARN  cic.cs.unb.ca.jnetpcap.FlowGenerator    Forward flow received 6 FIN packets
2025-12-08 14:53:51 WARN  cic.cs.unb.ca.jnetpcap.FlowGenerator    Forward flow received 7 FIN packets
2025-12-08 14:53:56 INFO  cic.cs.unb.ca.jnetpcap.FlowGenerator    Forward flow closed due to FIN Flag
2025-12-08 14:53:56 DEBUG cic.cs.unb.ca.jnetpcap.FlowGenerator    FlagFIN current has 5489 flow
2025-12-08 14:54:01 DEBUG cic.cs.unb.ca.jnetpcap.FlowGenerator    FlagRST current has 5492 flow
2025-12-08 14:54:14 INFO  cic.cs.unb.ca.jnetpcap.FlowGenerator    Forward flow closed due to FIN Flag
2025-12-08 14:54:14 DEBUG cic.cs.unb.ca.jnetpcap.FlowGenerator    FlagFIN current has 5515 flow
2025-12-08 14:54:15 INFO  cic.cs.unb.ca.jnetpcap.FlowGenerator    Forward flow closed due to FIN Flag
2025-12-08 14:54:15 DEBUG cic.cs.unb.ca.jnetpcap.FlowGenerator    FlagFIN current has 5519 flow
2025-12-08 14:54:33 INFO  cic.cs.unb.ca.jnetpcap.FlowGenerator    Forward flow closed due to FIN Flag
2025-12-08 14:54:33 DEBUG cic.cs.unb.ca.jnetpcap.FlowGenerator    FlagFIN current has 5541 flow
2025-12-08 14:54:46 INFO  cic.cs.unb.ca.jnetpcap.FlowGenerator    Forward flow closed due to FIN Flag
2025-12-08 14:54:46 DEBUG cic.cs.unb.ca.jnetpcap.FlowGenerator    FlagFIN current has 5571 flow
2025-12-08 14:54:51 INFO  cic.cs.unb.ca.jnetpcap.FlowGenerator    Forward flow closed due to FIN Flag
2025-12-08 14:54:51 DEBUG cic.cs.unb.ca.jnetpcap.FlowGenerator    FlagFIN current has 5582 flow
2025-12-08 14:54:57 DEBUG cic.cs.unb.ca.jnetpcap.FlowGenerator    FlagFIN current has 5601 flow
2025-12-08 14:55:08 INFO  cic.cs.unb.ca.jnetpcap.FlowGenerator    Forward flow closed due to FIN Flag
2025-12-08 14:55:08 DEBUG cic.cs.unb.ca.jnetpcap.FlowGenerator    FlagFIN current has 5616 flow
2025-12-08 14:55:16 INFO  cic.cs.unb.ca.jnetpcap.FlowGenerator    Forward flow closed due to FIN Flag
2025-12-08 14:55:16 DEBUG cic.cs.unb.ca.jnetpcap.FlowGenerator    FlagFIN current has 5632 flow
2025-12-08 14:55:26 INFO  cic.cs.unb.ca.jnetpcap.FlowGenerator    Forward flow closed due to FIN Flag
2025-12-08 14:55:26 DEBUG cic.cs.unb.ca.jnetpcap.FlowGenerator    FlagFIN current has 5661 flow
2025-12-08 14:55:45 INFO  cic.cs.unb.ca.jnetpcap.FlowGenerator    Forward flow closed due to FIN Flag
2025-12-08 14:55:45 DEBUG cic.cs.unb.ca.jnetpcap.FlowGenerator    FlagFIN current has 5701 flow
2025-12-08 14:55:47 INFO  cic.cs.unb.ca.jnetpcap.FlowGenerator    Forward flow closed due to FIN Flag
2025-12-08 14:55:47 DEBUG cic.cs.unb.ca.jnetpcap.FlowGenerator    FlagFIN current has 5703 flow
2025-12-08 14:55:47 DEBUG cic.cs.unb.ca.jnetpcap.FlowGenerator    FlagFIN current has 5703 flow
2025-12-08 14:55:47 DEBUG cic.cs.unb.ca.jnetpcap.FlowGenerator    FlagRST current has 5703 flow
2025-12-08 14:56:03 INFO  cic.cs.unb.ca.jnetpcap.FlowGenerator    Forward flow closed due to FIN Flag
2025-12-08 14:56:03 DEBUG cic.cs.unb.ca.jnetpcap.FlowGenerator    FlagFIN current has 5731 flow
2025-12-08 14:56:17 INFO  cic.cs.unb.ca.jnetpcap.FlowGenerator    Forward flow closed due to FIN Flag
2025-12-08 14:56:17 DEBUG cic.cs.unb.ca.jnetpcap.FlowGenerator    FlagFIN current has 5769 flow
2025-12-08 14:56:17 DEBUG cic.cs.unb.ca.jnetpcap.FlowGenerator    FlagFIN current has 5769 flow
2025-12-08 14:56:21 INFO  cic.cs.unb.ca.jnetpcap.FlowGenerator    Forward flow closed due to FIN Flag
2025-12-08 14:56:21 DEBUG cic.cs.unb.ca.jnetpcap.FlowGenerator    FlagFIN current has 5772 flow
2025-12-08 14:56:34 DEBUG cic.cs.unb.ca.jnetpcap.FlowGenerator    FlagFIN current has 5796 flow
2025-12-08 14:56:39 INFO  cic.cs.unb.ca.jnetpcap.FlowGenerator    Forward flow closed due to FIN Flag
2025-12-08 14:56:39 DEBUG cic.cs.unb.ca.jnetpcap.FlowGenerator    FlagFIN current has 5800 flow
2025-12-08 14:56:39 DEBUG cic.cs.unb.ca.jnetpcap.FlowGenerator    Timeout current has 5800 flow
2025-12-08 14:56:39 INFO  cic.cs.unb.ca.jnetpcap.FlowGenerator    Forward flow closed due to FIN Flag
2025-12-08 14:56:39 INFO  cic.cs.unb.ca.jnetpcap.FlowGenerator    Forward flow closed due to FIN Flag
2025-12-08 14:56:39 INFO  cic.cs.unb.ca.jnetpcap.FlowGenerator    Forward flow closed due to FIN Flag
2025-12-08 14:56:39 INFO  cic.cs.unb.ca.jnetpcap.FlowGenerator    Forward flow closed due to FIN Flag
2025-12-08 14:56:39 INFO  cic.cs.unb.ca.jnetpcap.FlowGenerator    Forward flow closed due to FIN Flag
2025-12-08 14:56:39 INFO  cic.cs.unb.ca.jnetpcap.FlowGenerator    Forward flow closed due to FIN Flag
2025-12-08 14:56:39 INFO  cic.cs.unb.ca.jnetpcap.FlowGenerator    Forward flow closed due to FIN Flag
2025-12-08 14:56:39 INFO  cic.cs.unb.ca.jnetpcap.FlowGenerator    Forward flow closed due to FIN Flag
2025-12-08 14:56:39 INFO  cic.cs.unb.ca.jnetpcap.FlowGenerator    Forward flow closed due to FIN Flag
2025-12-08 14:56:39 INFO  cic.cs.unb.ca.jnetpcap.FlowGenerator    Forward flow closed due to FIN Flag
2025-12-08 14:56:39 INFO  cic.cs.unb.ca.jnetpcap.FlowGenerator    Forward flow closed due to FIN Flag
2025-12-08 14:56:40 DEBUG cic.cs.unb.ca.jnetpcap.FlowGenerator    FlagFIN current has 5823 flow
2025-12-08 14:56:40 DEBUG cic.cs.unb.ca.jnetpcap.FlowGenerator    FlagFIN current has 5823 flow
2025-12-08 14:56:40 DEBUG cic.cs.unb.ca.jnetpcap.FlowGenerator    FlagFIN current has 5823 flow
2025-12-08 14:56:40 DEBUG cic.cs.unb.ca.jnetpcap.FlowGenerator    FlagFIN current has 5823 flow
2025-12-08 14:56:40 DEBUG cic.cs.unb.ca.jnetpcap.FlowGenerator    FlagFIN current has 5823 flow
2025-12-08 14:56:40 DEBUG cic.cs.unb.ca.jnetpcap.FlowGenerator    FlagFIN current has 5823 flow
2025-12-08 14:56:40 DEBUG cic.cs.unb.ca.jnetpcap.FlowGenerator    FlagFIN current has 5823 flow
2025-12-08 14:56:40 DEBUG cic.cs.unb.ca.jnetpcap.FlowGenerator    FlagFIN current has 5823 flow
2025-12-08 14:56:40 DEBUG cic.cs.unb.ca.jnetpcap.FlowGenerator    FlagFIN current has 5823 flow
2025-12-08 14:56:40 DEBUG cic.cs.unb.ca.jnetpcap.FlowGenerator    FlagFIN current has 5823 flow
2025-12-08 14:56:40 DEBUG cic.cs.unb.ca.jnetpcap.FlowGenerator    FlagFIN current has 5823 flow
2025-12-08 14:56:40 DEBUG cic.cs.unb.ca.jnetpcap.FlowGenerator    FlagRST current has 5826 flow
2025-12-08 14:56:46 INFO  cic.cs.unb.ca.jnetpcap.FlowGenerator    Forward flow closed due to FIN Flag
2025-12-08 14:56:46 DEBUG cic.cs.unb.ca.jnetpcap.FlowGenerator    FlagFIN current has 5835 flow
2025-12-08 14:56:48 INFO  cic.cs.unb.ca.jnetpcap.FlowGenerator    Forward flow closed due to FIN Flag
2025-12-08 14:56:48 DEBUG cic.cs.unb.ca.jnetpcap.FlowGenerator    FlagFIN current has 5842 flow
2025-12-08 14:56:57 DEBUG cic.cs.unb.ca.jnetpcap.FlowGenerator    Timeout current has 5850 flow
2025-12-08 14:56:58 INFO  cic.cs.unb.ca.jnetpcap.FlowGenerator    Forward flow closed due to FIN Flag
2025-12-08 14:56:58 DEBUG cic.cs.unb.ca.jnetpcap.FlowGenerator    FlagFIN current has 5853 flow
2025-12-08 14:57:16 INFO  cic.cs.unb.ca.jnetpcap.FlowGenerator    Forward flow closed due to FIN Flag
2025-12-08 14:57:16 DEBUG cic.cs.unb.ca.jnetpcap.FlowGenerator    FlagFIN current has 5879 flow
2025-12-08 14:57:18 INFO  cic.cs.unb.ca.jnetpcap.FlowGenerator    Forward flow closed due to FIN Flag
2025-12-08 14:57:19 DEBUG cic.cs.unb.ca.jnetpcap.FlowGenerator    FlagFIN current has 5884 flow
2025-12-08 14:57:19 INFO  cic.cs.unb.ca.jnetpcap.FlowGenerator    Forward flow closed due to FIN Flag
2025-12-08 14:57:19 DEBUG cic.cs.unb.ca.jnetpcap.FlowGenerator    FlagRST current has 5884 flow
2025-12-08 14:57:28 DEBUG cic.cs.unb.ca.jnetpcap.FlowGenerator    Timeout current has 5900 flow
2025-12-08 14:57:28 DEBUG cic.cs.unb.ca.jnetpcap.FlowGenerator    Timeout current has 5900 flow
2025-12-08 14:57:32 INFO  cic.cs.unb.ca.jnetpcap.FlowGenerator    Forward flow closed due to FIN Flag
2025-12-08 14:57:32 DEBUG cic.cs.unb.ca.jnetpcap.FlowGenerator    FlagFIN current has 5908 flow
2025-12-08 14:57:34 INFO  cic.cs.unb.ca.jnetpcap.FlowGenerator    Forward flow closed due to FIN Flag
2025-12-08 14:57:34 DEBUG cic.cs.unb.ca.jnetpcap.FlowGenerator    FlagFIN current has 5926 flow
2025-12-08 14:57:39 DEBUG cic.cs.unb.ca.jnetpcap.FlowGenerator    FlagRST current has 5933 flow
2025-12-08 14:57:48 INFO  cic.cs.unb.ca.jnetpcap.FlowGenerator    Forward flow closed due to FIN Flag
2025-12-08 14:57:48 DEBUG cic.cs.unb.ca.jnetpcap.FlowGenerator    FlagFIN current has 5945 flow
2025-12-08 14:57:51 DEBUG cic.cs.unb.ca.jnetpcap.FlowGenerator    Timeout current has 5950 flow
2025-12-08 14:57:51 DEBUG cic.cs.unb.ca.jnetpcap.FlowGenerator    Timeout current has 5950 flow
2025-12-08 14:57:52 INFO  cic.cs.unb.ca.jnetpcap.FlowGenerator    Forward flow closed due to FIN Flag
2025-12-08 14:57:52 DEBUG cic.cs.unb.ca.jnetpcap.FlowGenerator    FlagFIN current has 5953 flow
2025-12-08 14:58:10 INFO  cic.cs.unb.ca.jnetpcap.FlowGenerator    Forward flow closed due to FIN Flag
2025-12-08 14:58:10 DEBUG cic.cs.unb.ca.jnetpcap.FlowGenerator    FlagFIN current has 5995 flow
2025-12-08 14:58:19 INFO  cic.cs.unb.ca.jnetpcap.FlowGenerator    Forward flow closed due to FIN Flag
2025-12-08 14:58:19 DEBUG cic.cs.unb.ca.jnetpcap.FlowGenerator    FlagFIN current has 6017 flow
2025-12-08 14:58:19 DEBUG cic.cs.unb.ca.jnetpcap.FlowGenerator    FlagFIN current has 6017 flow
2025-12-08 14:58:28 INFO  cic.cs.unb.ca.jnetpcap.FlowGenerator    Forward flow closed due to FIN Flag
2025-12-08 14:58:28 DEBUG cic.cs.unb.ca.jnetpcap.FlowGenerator    FlagFIN current has 6038 flow
2025-12-08 14:58:46 INFO  cic.cs.unb.ca.jnetpcap.FlowGenerator    Forward flow closed due to FIN Flag
2025-12-08 14:58:46 DEBUG cic.cs.unb.ca.jnetpcap.FlowGenerator    FlagFIN current has 6065 flow
2025-12-08 14:58:49 INFO  cic.cs.unb.ca.jnetpcap.FlowGenerator    Forward flow closed due to FIN Flag
2025-12-08 14:58:49 DEBUG cic.cs.unb.ca.jnetpcap.FlowGenerator    FlagFIN current has 6068 flow
2025-12-08 14:58:50 INFO  cic.cs.unb.ca.jnetpcap.FlowGenerator    Forward flow closed due to FIN Flag
2025-12-08 14:59:05 INFO  cic.cs.unb.ca.jnetpcap.FlowGenerator    Forward flow closed due to FIN Flag
2025-12-08 14:59:05 DEBUG cic.cs.unb.ca.jnetpcap.FlowGenerator    FlagFIN current has 6090 flow
2025-12-08 14:59:12 DEBUG cic.cs.unb.ca.jnetpcap.FlowGenerator    Timeout current has 6100 flow
2025-12-08 14:59:20 INFO  cic.cs.unb.ca.jnetpcap.FlowGenerator    Forward flow closed due to FIN Flag
2025-12-08 14:59:20 DEBUG cic.cs.unb.ca.jnetpcap.FlowGenerator    FlagFIN current has 6112 flow
2025-12-08 14:59:23 INFO  cic.cs.unb.ca.jnetpcap.FlowGenerator    Forward flow closed due to FIN Flag
2025-12-08 14:59:23 DEBUG cic.cs.unb.ca.jnetpcap.FlowGenerator    FlagFIN current has 6119 flow
2025-12-08 14:59:41 INFO  cic.cs.unb.ca.jnetpcap.FlowGenerator    Forward flow closed due to FIN Flag
2025-12-08 14:59:41 DEBUG cic.cs.unb.ca.jnetpcap.FlowGenerator    FlagFIN current has 6149 flow
2025-12-08 14:59:51 INFO  cic.cs.unb.ca.jnetpcap.FlowGenerator    Forward flow closed due to FIN Flag
2025-12-08 14:59:51 DEBUG cic.cs.unb.ca.jnetpcap.FlowGenerator    FlagFIN current has 6163 flow
2025-12-08 14:59:59 INFO  cic.cs.unb.ca.jnetpcap.FlowGenerator    Forward flow closed due to FIN Flag
2025-12-08 14:59:59 DEBUG cic.cs.unb.ca.jnetpcap.FlowGenerator    FlagFIN current has 6181 flow
2025-12-08 15:00:17 INFO  cic.cs.unb.ca.jnetpcap.FlowGenerator    Forward flow closed due to FIN Flag
2025-12-08 15:00:17 DEBUG cic.cs.unb.ca.jnetpcap.FlowGenerator    FlagFIN current has 6215 flow
2025-12-08 15:00:21 INFO  cic.cs.unb.ca.jnetpcap.FlowGenerator    Forward flow closed due to FIN Flag
2025-12-08 15:00:21 DEBUG cic.cs.unb.ca.jnetpcap.FlowGenerator    FlagFIN current has 6221 flow
2025-12-08 15:00:35 INFO  cic.cs.unb.ca.jnetpcap.FlowGenerator    Forward flow closed due to FIN Flag
2025-12-08 15:00:35 DEBUG cic.cs.unb.ca.jnetpcap.FlowGenerator    FlagFIN current has 6253 flow
2025-12-08 15:00:52 INFO  cic.cs.unb.ca.jnetpcap.FlowGenerator    Forward flow closed due to FIN Flag
2025-12-08 15:00:52 DEBUG cic.cs.unb.ca.jnetpcap.FlowGenerator    FlagFIN current has 6279 flow
2025-12-08 15:00:54 INFO  cic.cs.unb.ca.jnetpcap.FlowGenerator    Forward flow closed due to FIN Flag
2025-12-08 15:00:54 DEBUG cic.cs.unb.ca.jnetpcap.FlowGenerator    FlagFIN current has 6285 flow
2025-12-08 15:01:11 INFO  cic.cs.unb.ca.jnetpcap.FlowGenerator    Forward flow closed due to FIN Flag
2025-12-08 15:01:11 DEBUG cic.cs.unb.ca.jnetpcap.FlowGenerator    FlagFIN current has 6312 flow
2025-12-08 15:01:22 INFO  cic.cs.unb.ca.jnetpcap.FlowGenerator    Forward flow closed due to FIN Flag
2025-12-08 15:01:22 DEBUG cic.cs.unb.ca.jnetpcap.FlowGenerator    FlagFIN current has 6329 flow
2025-12-08 15:01:30 INFO  cic.cs.unb.ca.jnetpcap.FlowGenerator    Forward flow closed due to FIN Flag
2025-12-08 15:01:30 DEBUG cic.cs.unb.ca.jnetpcap.FlowGenerator    FlagFIN current has 6342 flow
2025-12-08 15:01:34 DEBUG cic.cs.unb.ca.jnetpcap.FlowGenerator    Timeout current has 6350 flow
2025-12-08 15:01:48 INFO  cic.cs.unb.ca.jnetpcap.FlowGenerator    Forward flow closed due to FIN Flag
2025-12-08 15:01:48 DEBUG cic.cs.unb.ca.jnetpcap.FlowGenerator    FlagFIN current has 6373 flow
2025-12-08 15:01:53 INFO  cic.cs.unb.ca.jnetpcap.FlowGenerator    Forward flow closed due to FIN Flag
2025-12-08 15:01:53 DEBUG cic.cs.unb.ca.jnetpcap.FlowGenerator    FlagFIN current has 6378 flow
2025-12-08 15:02:04 INFO  cic.cs.unb.ca.jnetpcap.FlowGenerator    Forward flow closed due to FIN Flag
2025-12-08 15:02:05 WARN  cic.cs.unb.ca.jnetpcap.FlowGenerator    Forward flow received 2 FIN packets
2025-12-08 15:02:05 WARN  cic.cs.unb.ca.jnetpcap.FlowGenerator    Forward flow received 3 FIN packets
2025-12-08 15:02:06 WARN  cic.cs.unb.ca.jnetpcap.FlowGenerator    Forward flow received 4 FIN packets
2025-12-08 15:02:06 INFO  cic.cs.unb.ca.jnetpcap.FlowGenerator    Forward flow closed due to FIN Flag
2025-12-08 15:02:06 DEBUG cic.cs.unb.ca.jnetpcap.FlowGenerator    FlagFIN current has 6420 flow
2025-12-08 15:02:07 WARN  cic.cs.unb.ca.jnetpcap.FlowGenerator    Forward flow received 5 FIN packets
2025-12-08 15:02:08 WARN  cic.cs.unb.ca.jnetpcap.FlowGenerator    Forward flow received 6 FIN packets
2025-12-08 15:02:09 WARN  cic.cs.unb.ca.jnetpcap.FlowGenerator    Forward flow received 7 FIN packets
2025-12-08 15:02:12 WARN  cic.cs.unb.ca.jnetpcap.FlowGenerator    Forward flow received 8 FIN packets
2025-12-08 15:02:17 WARN  cic.cs.unb.ca.jnetpcap.FlowGenerator    Forward flow received 9 FIN packets
2025-12-08 15:02:23 INFO  cic.cs.unb.ca.jnetpcap.FlowGenerator    Forward flow closed due to FIN Flag
2025-12-08 15:02:23 DEBUG cic.cs.unb.ca.jnetpcap.FlowGenerator    FlagFIN current has 6461 flow
2025-12-08 15:02:24 INFO  cic.cs.unb.ca.jnetpcap.FlowGenerator    Forward flow closed due to FIN Flag
2025-12-08 15:02:24 DEBUG cic.cs.unb.ca.jnetpcap.FlowGenerator    FlagFIN current has 6466 flow
2025-12-08 15:02:26 DEBUG cic.cs.unb.ca.jnetpcap.FlowGenerator    FlagRST current has 6473 flow
2025-12-08 15:02:41 DEBUG cic.cs.unb.ca.jnetpcap.FlowGenerator    Timeout current has 6500 flow
2025-12-08 15:02:41 DEBUG cic.cs.unb.ca.jnetpcap.FlowGenerator    Timeout current has 6500 flow
2025-12-08 15:02:42 INFO  cic.cs.unb.ca.jnetpcap.FlowGenerator    Forward flow closed due to FIN Flag
2025-12-08 15:02:43 DEBUG cic.cs.unb.ca.jnetpcap.FlowGenerator    FlagFIN current has 6502 flow
2025-12-08 15:02:53 INFO  cic.cs.unb.ca.jnetpcap.FlowGenerator    Forward flow closed due to FIN Flag
2025-12-08 15:02:53 DEBUG cic.cs.unb.ca.jnetpcap.FlowGenerator    FlagFIN current has 6521 flow
2025-12-08 15:03:01 INFO  cic.cs.unb.ca.jnetpcap.FlowGenerator    Forward flow closed due to FIN Flag
2025-12-08 15:03:01 DEBUG cic.cs.unb.ca.jnetpcap.FlowGenerator    FlagFIN current has 6530 flow
2025-12-08 15:03:19 INFO  cic.cs.unb.ca.jnetpcap.FlowGenerator    Forward flow closed due to FIN Flag
2025-12-08 15:03:19 DEBUG cic.cs.unb.ca.jnetpcap.FlowGenerator    FlagFIN current has 6578 flow
2025-12-08 15:03:23 INFO  cic.cs.unb.ca.jnetpcap.FlowGenerator    Forward flow closed due to FIN Flag
2025-12-08 15:03:23 DEBUG cic.cs.unb.ca.jnetpcap.FlowGenerator    FlagFIN current has 6589 flow
2025-12-08 15:03:32 DEBUG cic.cs.unb.ca.jnetpcap.FlowGenerator    Timeout current has 6600 flow
2025-12-08 15:03:36 INFO  cic.cs.unb.ca.jnetpcap.FlowGenerator    Forward flow closed due to FIN Flag
2025-12-08 15:03:36 INFO  cic.cs.unb.ca.jnetpcap.FlowGenerator    Forward flow closed due to FIN Flag
2025-12-08 15:03:36 DEBUG cic.cs.unb.ca.jnetpcap.FlowGenerator    FlagFIN current has 6628 flow
2025-12-08 15:03:36 DEBUG cic.cs.unb.ca.jnetpcap.FlowGenerator    FlagFIN current has 6628 flow
2025-12-08 15:03:36 INFO  cic.cs.unb.ca.jnetpcap.FlowGenerator    Forward flow closed due to FIN Flag
2025-12-08 15:03:37 INFO  cic.cs.unb.ca.jnetpcap.FlowGenerator    Forward flow closed due to FIN Flag
2025-12-08 15:03:37 DEBUG cic.cs.unb.ca.jnetpcap.FlowGenerator    FlagFIN current has 6644 flow
2025-12-08 15:03:37 INFO  cic.cs.unb.ca.jnetpcap.FlowGenerator    Forward flow closed due to FIN Flag
2025-12-08 15:03:37 DEBUG cic.cs.unb.ca.jnetpcap.FlowGenerator    FlagRST current has 6644 flow
2025-12-08 15:03:44 INFO  cic.cs.unb.ca.jnetpcap.FlowGenerator    Forward flow closed due to FIN Flag
2025-12-08 15:03:44 DEBUG cic.cs.unb.ca.jnetpcap.FlowGenerator    FlagFIN current has 6655 flow
2025-12-08 15:03:44 INFO  cic.cs.unb.ca.jnetpcap.FlowGenerator    Forward flow closed due to FIN Flag
2025-12-08 15:03:54 INFO  cic.cs.unb.ca.jnetpcap.FlowGenerator    Forward flow closed due to FIN Flag
2025-12-08 15:03:54 DEBUG cic.cs.unb.ca.jnetpcap.FlowGenerator    FlagFIN current has 6672 flow
2025-12-08 15:03:55 INFO  cic.cs.unb.ca.jnetpcap.FlowGenerator    Forward flow closed due to FIN Flag
2025-12-08 15:03:55 DEBUG cic.cs.unb.ca.jnetpcap.FlowGenerator    FlagFIN current has 6674 flow
2025-12-08 15:03:55 DEBUG cic.cs.unb.ca.jnetpcap.FlowGenerator    FlagRST current has 6674 flow
2025-12-08 15:04:13 INFO  cic.cs.unb.ca.jnetpcap.FlowGenerator    Forward flow closed due to FIN Flag
2025-12-08 15:04:13 DEBUG cic.cs.unb.ca.jnetpcap.FlowGenerator    FlagFIN current has 6694 flow
2025-12-08 15:04:18 DEBUG cic.cs.unb.ca.jnetpcap.FlowGenerator    Timeout current has 6700 flow
2025-12-08 15:04:18 DEBUG cic.cs.unb.ca.jnetpcap.FlowGenerator    Timeout current has 6700 flow
2025-12-08 15:04:18 DEBUG cic.cs.unb.ca.jnetpcap.FlowGenerator    Timeout current has 6700 flow
2025-12-08 15:04:20 DEBUG cic.cs.unb.ca.jnetpcap.FlowGenerator    Timeout current has 6700 flow
2025-12-08 15:04:22 DEBUG cic.cs.unb.ca.jnetpcap.FlowGenerator    FlagFIN current has 6703 flow
2025-12-08 15:04:22 INFO  cic.cs.unb.ca.jnetpcap.FlowGenerator    Forward flow closed due to FIN Flag
2025-12-08 15:04:24 INFO  cic.cs.unb.ca.jnetpcap.FlowGenerator    Forward flow closed due to FIN Flag
2025-12-08 15:04:24 DEBUG cic.cs.unb.ca.jnetpcap.FlowGenerator    FlagFIN current has 6709 flow
2025-12-08 15:04:31 INFO  cic.cs.unb.ca.jnetpcap.FlowGenerator    Forward flow closed due to FIN Flag
2025-12-08 15:04:31 DEBUG cic.cs.unb.ca.jnetpcap.FlowGenerator    FlagFIN current has 6718 flow
2025-12-08 15:04:44 INFO  cic.cs.unb.ca.jnetpcap.FlowGenerator    Forward flow closed due to FIN Flag
2025-12-08 15:04:44 DEBUG cic.cs.unb.ca.jnetpcap.FlowGenerator    FlagFIN current has 6738 flow
2025-12-08 15:04:47 INFO  cic.cs.unb.ca.jnetpcap.FlowGenerator    Forward flow closed due to FIN Flag
2025-12-08 15:04:47 DEBUG cic.cs.unb.ca.jnetpcap.FlowGenerator    FlagFIN current has 6754 flow
2025-12-08 15:04:47 INFO  cic.cs.unb.ca.jnetpcap.FlowGenerator    Forward flow closed due to FIN Flag
2025-12-08 15:04:47 DEBUG cic.cs.unb.ca.jnetpcap.FlowGenerator    FlagFIN current has 6757 flow
2025-12-08 15:04:48 DEBUG cic.cs.unb.ca.jnetpcap.FlowGenerator    FlagFIN current has 6759 flow
2025-12-08 15:04:48 INFO  cic.cs.unb.ca.jnetpcap.FlowGenerator    Forward flow closed due to FIN Flag
2025-12-08 15:04:48 INFO  cic.cs.unb.ca.jnetpcap.FlowGenerator    Forward flow closed due to FIN Flag
2025-12-08 15:04:48 DEBUG cic.cs.unb.ca.jnetpcap.FlowGenerator    FlagFIN current has 6760 flow
2025-12-08 15:04:51 INFO  cic.cs.unb.ca.jnetpcap.FlowGenerator    Forward flow closed due to FIN Flag
2025-12-08 15:04:51 DEBUG cic.cs.unb.ca.jnetpcap.FlowGenerator    FlagFIN current has 6765 flow
2025-12-08 15:04:54 INFO  cic.cs.unb.ca.jnetpcap.FlowGenerator    Forward flow closed due to FIN Flag
2025-12-08 15:04:54 DEBUG cic.cs.unb.ca.jnetpcap.FlowGenerator    FlagFIN current has 6872 flow
2025-12-08 15:04:55 INFO  cic.cs.unb.ca.jnetpcap.FlowGenerator    Forward flow closed due to FIN Flag
2025-12-08 15:04:55 INFO  cic.cs.unb.ca.jnetpcap.FlowGenerator    Forward flow closed due to FIN Flag
2025-12-08 15:04:55 DEBUG cic.cs.unb.ca.jnetpcap.FlowGenerator    FlagRST current has 6874 flow
2025-12-08 15:04:55 DEBUG cic.cs.unb.ca.jnetpcap.FlowGenerator    FlagFIN current has 6875 flow
2025-12-08 15:04:55 INFO  cic.cs.unb.ca.jnetpcap.FlowGenerator    Forward flow closed due to FIN Flag
2025-12-08 15:04:55 DEBUG cic.cs.unb.ca.jnetpcap.FlowGenerator    FlagFIN current has 6903 flow
2025-12-08 15:04:56 INFO  cic.cs.unb.ca.jnetpcap.FlowGenerator    Forward flow closed due to FIN Flag
2025-12-08 15:04:56 INFO  cic.cs.unb.ca.jnetpcap.FlowGenerator    Forward flow closed due to FIN Flag
2025-12-08 15:04:56 INFO  cic.cs.unb.ca.jnetpcap.FlowGenerator    Forward flow closed due to FIN Flag
2025-12-08 15:04:56 INFO  cic.cs.unb.ca.jnetpcap.FlowGenerator    Forward flow closed due to FIN Flag
2025-12-08 15:04:56 INFO  cic.cs.unb.ca.jnetpcap.FlowGenerator    Forward flow closed due to FIN Flag
2025-12-08 15:04:56 INFO  cic.cs.unb.ca.jnetpcap.FlowGenerator    Forward flow closed due to FIN Flag
2025-12-08 15:04:56 INFO  cic.cs.unb.ca.jnetpcap.FlowGenerator    Forward flow closed due to FIN Flag
2025-12-08 15:04:56 INFO  cic.cs.unb.ca.jnetpcap.FlowGenerator    Forward flow closed due to FIN Flag
2025-12-08 15:04:56 INFO  cic.cs.unb.ca.jnetpcap.FlowGenerator    Forward flow closed due to FIN Flag
2025-12-08 15:04:56 INFO  cic.cs.unb.ca.jnetpcap.FlowGenerator    Forward flow closed due to FIN Flag
2025-12-08 15:04:56 INFO  cic.cs.unb.ca.jnetpcap.FlowGenerator    Forward flow closed due to FIN Flag
2025-12-08 15:04:56 DEBUG cic.cs.unb.ca.jnetpcap.FlowGenerator    FlagFIN current has 6903 flow
2025-12-08 15:04:56 DEBUG cic.cs.unb.ca.jnetpcap.FlowGenerator    FlagFIN current has 6903 flow
2025-12-08 15:04:56 DEBUG cic.cs.unb.ca.jnetpcap.FlowGenerator    FlagFIN current has 6903 flow
2025-12-08 15:04:56 DEBUG cic.cs.unb.ca.jnetpcap.FlowGenerator    FlagFIN current has 6903 flow
2025-12-08 15:04:56 DEBUG cic.cs.unb.ca.jnetpcap.FlowGenerator    FlagFIN current has 6903 flow
2025-12-08 15:04:56 DEBUG cic.cs.unb.ca.jnetpcap.FlowGenerator    FlagFIN current has 6903 flow
2025-12-08 15:04:56 DEBUG cic.cs.unb.ca.jnetpcap.FlowGenerator    FlagFIN current has 6903 flow
2025-12-08 15:04:56 DEBUG cic.cs.unb.ca.jnetpcap.FlowGenerator    FlagFIN current has 6903 flow
2025-12-08 15:04:56 DEBUG cic.cs.unb.ca.jnetpcap.FlowGenerator    FlagFIN current has 6903 flow
2025-12-08 15:04:56 DEBUG cic.cs.unb.ca.jnetpcap.FlowGenerator    FlagFIN current has 6902 flow
2025-12-08 15:04:56 DEBUG cic.cs.unb.ca.jnetpcap.FlowGenerator    FlagFIN current has 6903 flow
2025-12-08 15:04:56 INFO  cic.cs.unb.ca.jnetpcap.FlowGenerator    Forward flow closed due to FIN Flag
2025-12-08 15:04:56 INFO  cic.cs.unb.ca.jnetpcap.FlowGenerator    Forward flow closed due to FIN Flag
2025-12-08 15:04:56 INFO  cic.cs.unb.ca.jnetpcap.FlowGenerator    Forward flow closed due to FIN Flag
2025-12-08 15:04:56 INFO  cic.cs.unb.ca.jnetpcap.FlowGenerator    Forward flow closed due to FIN Flag
2025-12-08 15:04:56 INFO  cic.cs.unb.ca.jnetpcap.FlowGenerator    Forward flow closed due to FIN Flag
2025-12-08 15:04:56 DEBUG cic.cs.unb.ca.jnetpcap.FlowGenerator    FlagFIN current has 6903 flow
2025-12-08 15:04:56 DEBUG cic.cs.unb.ca.jnetpcap.FlowGenerator    FlagFIN current has 6903 flow
2025-12-08 15:04:56 DEBUG cic.cs.unb.ca.jnetpcap.FlowGenerator    FlagFIN current has 6903 flow
2025-12-08 15:04:56 DEBUG cic.cs.unb.ca.jnetpcap.FlowGenerator    FlagFIN current has 6903 flow
2025-12-08 15:04:56 DEBUG cic.cs.unb.ca.jnetpcap.FlowGenerator    FlagFIN current has 6903 flow
2025-12-08 15:04:56 INFO  cic.cs.unb.ca.jnetpcap.FlowGenerator    Forward flow closed due to FIN Flag
2025-12-08 15:04:56 DEBUG cic.cs.unb.ca.jnetpcap.FlowGenerator    FlagRST current has 6910 flow
2025-12-08 15:04:56 INFO  cic.cs.unb.ca.jnetpcap.FlowGenerator    Forward flow closed due to FIN Flag
2025-12-08 15:04:56 DEBUG cic.cs.unb.ca.jnetpcap.FlowGenerator    FlagFIN current has 6915 flow
2025-12-08 15:04:56 INFO  cic.cs.unb.ca.jnetpcap.FlowGenerator    Forward flow closed due to FIN Flag
2025-12-08 15:04:56 DEBUG cic.cs.unb.ca.jnetpcap.FlowGenerator    FlagFIN current has 6919 flow
2025-12-08 15:04:56 INFO  cic.cs.unb.ca.jnetpcap.FlowGenerator    Forward flow closed due to FIN Flag
2025-12-08 15:04:57 DEBUG cic.cs.unb.ca.jnetpcap.FlowGenerator    FlagFIN current has 6919 flow
2025-12-08 15:04:58 INFO  cic.cs.unb.ca.jnetpcap.FlowGenerator    Forward flow closed due to FIN Flag
2025-12-08 15:04:58 DEBUG cic.cs.unb.ca.jnetpcap.FlowGenerator    FlagRST current has 6927 flow
2025-12-08 15:04:58 INFO  cic.cs.unb.ca.jnetpcap.FlowGenerator    Forward flow closed due to FIN Flag
2025-12-08 15:04:58 DEBUG cic.cs.unb.ca.jnetpcap.FlowGenerator    FlagFIN current has 6926 flow
2025-12-08 15:04:58 INFO  cic.cs.unb.ca.jnetpcap.FlowGenerator    Forward flow closed due to FIN Flag
2025-12-08 15:04:58 DEBUG cic.cs.unb.ca.jnetpcap.FlowGenerator    FlagFIN current has 6947 flow
2025-12-08 15:04:59 INFO  cic.cs.unb.ca.jnetpcap.FlowGenerator    Forward flow closed due to FIN Flag
2025-12-08 15:04:59 INFO  cic.cs.unb.ca.jnetpcap.FlowGenerator    Forward flow closed due to FIN Flag
2025-12-08 15:04:59 INFO  cic.cs.unb.ca.jnetpcap.FlowGenerator    Forward flow closed due to FIN Flag
2025-12-08 15:04:59 INFO  cic.cs.unb.ca.jnetpcap.FlowGenerator    Forward flow closed due to FIN Flag
2025-12-08 15:04:59 INFO  cic.cs.unb.ca.jnetpcap.FlowGenerator    Forward flow closed due to FIN Flag
2025-12-08 15:04:59 INFO  cic.cs.unb.ca.jnetpcap.FlowGenerator    Forward flow closed due to FIN Flag
2025-12-08 15:04:59 INFO  cic.cs.unb.ca.jnetpcap.FlowGenerator    Forward flow closed due to FIN Flag
2025-12-08 15:04:59 INFO  cic.cs.unb.ca.jnetpcap.FlowGenerator    Forward flow closed due to FIN Flag
2025-12-08 15:04:59 INFO  cic.cs.unb.ca.jnetpcap.FlowGenerator    Forward flow closed due to FIN Flag
2025-12-08 15:04:59 INFO  cic.cs.unb.ca.jnetpcap.FlowGenerator    Forward flow closed due to FIN Flag
2025-12-08 15:04:59 INFO  cic.cs.unb.ca.jnetpcap.FlowGenerator    Forward flow closed due to FIN Flag
2025-12-08 15:04:59 DEBUG cic.cs.unb.ca.jnetpcap.FlowGenerator    FlagFIN current has 6947 flow
2025-12-08 15:04:59 DEBUG cic.cs.unb.ca.jnetpcap.FlowGenerator    FlagFIN current has 6947 flow
2025-12-08 15:04:59 DEBUG cic.cs.unb.ca.jnetpcap.FlowGenerator    FlagFIN current has 6946 flow
2025-12-08 15:04:59 DEBUG cic.cs.unb.ca.jnetpcap.FlowGenerator    FlagFIN current has 6947 flow
2025-12-08 15:04:59 DEBUG cic.cs.unb.ca.jnetpcap.FlowGenerator    FlagFIN current has 6947 flow
2025-12-08 15:04:59 DEBUG cic.cs.unb.ca.jnetpcap.FlowGenerator    FlagFIN current has 6947 flow
2025-12-08 15:04:59 DEBUG cic.cs.unb.ca.jnetpcap.FlowGenerator    FlagFIN current has 6947 flow
2025-12-08 15:04:59 DEBUG cic.cs.unb.ca.jnetpcap.FlowGenerator    FlagFIN current has 6947 flow
2025-12-08 15:04:59 DEBUG cic.cs.unb.ca.jnetpcap.FlowGenerator    FlagFIN current has 6947 flow
2025-12-08 15:04:59 DEBUG cic.cs.unb.ca.jnetpcap.FlowGenerator    FlagFIN current has 6947 flow
2025-12-08 15:04:59 DEBUG cic.cs.unb.ca.jnetpcap.FlowGenerator    FlagFIN current has 6947 flow
2025-12-08 15:04:59 INFO  cic.cs.unb.ca.jnetpcap.FlowGenerator    Forward flow closed due to FIN Flag
2025-12-08 15:04:59 INFO  cic.cs.unb.ca.jnetpcap.FlowGenerator    Forward flow closed due to FIN Flag
2025-12-08 15:04:59 INFO  cic.cs.unb.ca.jnetpcap.FlowGenerator    Forward flow closed due to FIN Flag
2025-12-08 15:04:59 INFO  cic.cs.unb.ca.jnetpcap.FlowGenerator    Forward flow closed due to FIN Flag
2025-12-08 15:04:59 INFO  cic.cs.unb.ca.jnetpcap.FlowGenerator    Forward flow closed due to FIN Flag
2025-12-08 15:04:59 DEBUG cic.cs.unb.ca.jnetpcap.FlowGenerator    FlagFIN current has 6947 flow
2025-12-08 15:04:59 DEBUG cic.cs.unb.ca.jnetpcap.FlowGenerator    FlagFIN current has 6947 flow
2025-12-08 15:04:59 DEBUG cic.cs.unb.ca.jnetpcap.FlowGenerator    FlagFIN current has 6947 flow
2025-12-08 15:04:59 DEBUG cic.cs.unb.ca.jnetpcap.FlowGenerator    FlagFIN current has 6947 flow
2025-12-08 15:04:59 DEBUG cic.cs.unb.ca.jnetpcap.FlowGenerator    FlagFIN current has 6947 flow
2025-12-08 15:05:04 DEBUG cic.cs.unb.ca.jnetpcap.FlowGenerator    Timeout current has 6950 flow
2025-12-08 15:05:04 DEBUG cic.cs.unb.ca.jnetpcap.FlowGenerator    Timeout current has 6950 flow
2025-12-08 15:05:06 INFO  cic.cs.unb.ca.jnetpcap.FlowGenerator    Forward flow closed due to FIN Flag
2025-12-08 15:05:06 DEBUG cic.cs.unb.ca.jnetpcap.FlowGenerator    FlagFIN current has 6957 flow
2025-12-08 15:05:08 INFO  cic.cs.unb.ca.jnetpcap.FlowGenerator    Forward flow closed due to FIN Flag
2025-12-08 15:05:08 DEBUG cic.cs.unb.ca.jnetpcap.FlowGenerator    FlagRST current has 6957 flow
2025-12-08 15:05:08 INFO  cic.cs.unb.ca.jnetpcap.FlowGenerator    Forward flow closed due to FIN Flag
2025-12-08 15:05:08 DEBUG cic.cs.unb.ca.jnetpcap.FlowGenerator    FlagFIN current has 6959 flow
2025-12-08 15:05:26 INFO  cic.cs.unb.ca.jnetpcap.FlowGenerator    Forward flow closed due to FIN Flag
2025-12-08 15:05:26 INFO  cic.cs.unb.ca.jnetpcap.FlowGenerator    Forward flow closed due to FIN Flag
2025-12-08 15:05:26 DEBUG cic.cs.unb.ca.jnetpcap.FlowGenerator    FlagFIN current has 7008 flow
2025-12-08 15:05:26 DEBUG cic.cs.unb.ca.jnetpcap.FlowGenerator    FlagFIN current has 7008 flow
2025-12-08 15:05:44 INFO  cic.cs.unb.ca.jnetpcap.FlowGenerator    Forward flow closed due to FIN Flag
2025-12-08 15:05:44 DEBUG cic.cs.unb.ca.jnetpcap.FlowGenerator    FlagFIN current has 7032 flow
2025-12-08 15:05:55 INFO  cic.cs.unb.ca.jnetpcap.FlowGenerator    Forward flow closed due to FIN Flag
2025-12-08 15:05:55 DEBUG cic.cs.unb.ca.jnetpcap.FlowGenerator    FlagFIN current has 7052 flow
2025-12-08 15:05:59 DEBUG cic.cs.unb.ca.jnetpcap.FlowGenerator    FlagRST current has 7054 flow
2025-12-08 15:06:02 INFO  cic.cs.unb.ca.jnetpcap.FlowGenerator    Forward flow closed due to FIN Flag
2025-12-08 15:06:02 DEBUG cic.cs.unb.ca.jnetpcap.FlowGenerator    FlagFIN current has 7062 flow
2025-12-08 15:06:21 INFO  cic.cs.unb.ca.jnetpcap.FlowGenerator    Forward flow closed due to FIN Flag
2025-12-08 15:06:21 DEBUG cic.cs.unb.ca.jnetpcap.FlowGenerator    FlagFIN current has 7089 flow
2025-12-08 15:06:24 INFO  cic.cs.unb.ca.jnetpcap.FlowGenerator    Forward flow closed due to FIN Flag
2025-12-08 15:06:26 WARN  cic.cs.unb.ca.jnetpcap.FlowGenerator    Forward flow received 2 FIN packets
2025-12-08 15:06:26 DEBUG cic.cs.unb.ca.jnetpcap.FlowGenerator    Timeout current has 7100 flow
2025-12-08 15:06:27 INFO  cic.cs.unb.ca.jnetpcap.FlowGenerator    Forward flow closed due to FIN Flag
2025-12-08 15:06:29 DEBUG cic.cs.unb.ca.jnetpcap.FlowGenerator    FlagFIN current has 7102 flow
2025-12-08 15:06:29 DEBUG cic.cs.unb.ca.jnetpcap.FlowGenerator    FlagFIN current has 7102 flow
2025-12-08 15:06:38 INFO  cic.cs.unb.ca.jnetpcap.FlowGenerator    Forward flow closed due to FIN Flag
2025-12-08 15:06:38 DEBUG cic.cs.unb.ca.jnetpcap.FlowGenerator    FlagFIN current has 7132 flow
2025-12-08 15:06:41 INFO  cic.cs.unb.ca.jnetpcap.FlowGenerator    Forward flow closed due to FIN Flag
2025-12-08 15:06:41 INFO  cic.cs.unb.ca.jnetpcap.FlowGenerator    Forward flow closed due to FIN Flag
2025-12-08 15:06:41 INFO  cic.cs.unb.ca.jnetpcap.FlowGenerator    Forward flow closed due to FIN Flag
2025-12-08 15:06:41 INFO  cic.cs.unb.ca.jnetpcap.FlowGenerator    Forward flow closed due to FIN Flag
2025-12-08 15:06:41 INFO  cic.cs.unb.ca.jnetpcap.FlowGenerator    Forward flow closed due to FIN Flag
2025-12-08 15:06:41 INFO  cic.cs.unb.ca.jnetpcap.FlowGenerator    Forward flow closed due to FIN Flag
2025-12-08 15:06:41 INFO  cic.cs.unb.ca.jnetpcap.FlowGenerator    Forward flow closed due to FIN Flag
2025-12-08 15:06:41 INFO  cic.cs.unb.ca.jnetpcap.FlowGenerator    Forward flow closed due to FIN Flag
2025-12-08 15:06:41 INFO  cic.cs.unb.ca.jnetpcap.FlowGenerator    Forward flow closed due to FIN Flag
2025-12-08 15:06:41 INFO  cic.cs.unb.ca.jnetpcap.FlowGenerator    Forward flow closed due to FIN Flag
2025-12-08 15:06:41 INFO  cic.cs.unb.ca.jnetpcap.FlowGenerator    Forward flow closed due to FIN Flag
2025-12-08 15:06:41 DEBUG cic.cs.unb.ca.jnetpcap.FlowGenerator    FlagFIN current has 7156 flow
2025-12-08 15:06:41 DEBUG cic.cs.unb.ca.jnetpcap.FlowGenerator    FlagFIN current has 7156 flow
2025-12-08 15:06:41 DEBUG cic.cs.unb.ca.jnetpcap.FlowGenerator    FlagFIN current has 7156 flow
2025-12-08 15:06:41 DEBUG cic.cs.unb.ca.jnetpcap.FlowGenerator    FlagFIN current has 7156 flow
2025-12-08 15:06:41 DEBUG cic.cs.unb.ca.jnetpcap.FlowGenerator    FlagFIN current has 7156 flow
2025-12-08 15:06:41 DEBUG cic.cs.unb.ca.jnetpcap.FlowGenerator    FlagFIN current has 7156 flow
2025-12-08 15:06:41 DEBUG cic.cs.unb.ca.jnetpcap.FlowGenerator    FlagFIN current has 7156 flow
2025-12-08 15:06:41 DEBUG cic.cs.unb.ca.jnetpcap.FlowGenerator    FlagFIN current has 7156 flow
2025-12-08 15:06:41 DEBUG cic.cs.unb.ca.jnetpcap.FlowGenerator    FlagFIN current has 7155 flow
2025-12-08 15:06:41 DEBUG cic.cs.unb.ca.jnetpcap.FlowGenerator    FlagFIN current has 7156 flow
2025-12-08 15:06:41 DEBUG cic.cs.unb.ca.jnetpcap.FlowGenerator    FlagFIN current has 7156 flow
2025-12-08 15:06:42 DEBUG cic.cs.unb.ca.jnetpcap.FlowGenerator    FlagRST current has 7159 flow
2025-12-08 15:06:47 INFO  cic.cs.unb.ca.jnetpcap.FlowGenerator    Forward flow closed due to FIN Flag
2025-12-08 15:06:47 DEBUG cic.cs.unb.ca.jnetpcap.FlowGenerator    FlagFIN current has 7162 flow
2025-12-08 15:06:50 INFO  cic.cs.unb.ca.jnetpcap.FlowGenerator    Forward flow closed due to FIN Flag
2025-12-08 15:06:50 DEBUG cic.cs.unb.ca.jnetpcap.FlowGenerator    FlagFIN current has 7178 flow
2025-12-08 15:06:50 INFO  cic.cs.unb.ca.jnetpcap.FlowGenerator    Forward flow closed due to FIN Flag
2025-12-08 15:06:57 INFO  cic.cs.unb.ca.jnetpcap.FlowGenerator    Forward flow closed due to FIN Flag
2025-12-08 15:06:57 DEBUG cic.cs.unb.ca.jnetpcap.FlowGenerator    FlagFIN current has 7190 flow
2025-12-08 15:06:59 INFO  cic.cs.unb.ca.jnetpcap.FlowGenerator    Forward flow closed due to FIN Flag
2025-12-08 15:06:59 DEBUG cic.cs.unb.ca.jnetpcap.FlowGenerator    FlagFIN current has 7195 flow
2025-12-08 15:07:06 DEBUG cic.cs.unb.ca.jnetpcap.FlowGenerator    FlagFIN current has 7209 flow
2025-12-08 15:07:15 INFO  cic.cs.unb.ca.jnetpcap.FlowGenerator    Forward flow closed due to FIN Flag
2025-12-08 15:07:15 DEBUG cic.cs.unb.ca.jnetpcap.FlowGenerator    FlagFIN current has 7221 flow
2025-12-08 15:07:29 INFO  cic.cs.unb.ca.jnetpcap.FlowGenerator    Forward flow closed due to FIN Flag
2025-12-08 15:07:29 DEBUG cic.cs.unb.ca.jnetpcap.FlowGenerator    FlagFIN current has 7248 flow
2025-12-08 15:07:32 INFO  cic.cs.unb.ca.jnetpcap.FlowGenerator    Forward flow closed due to FIN Flag
2025-12-08 15:07:32 DEBUG cic.cs.unb.ca.jnetpcap.FlowGenerator    FlagFIN current has 7255 flow
2025-12-08 15:07:33 INFO  cic.cs.unb.ca.jnetpcap.FlowGenerator    Forward flow closed due to FIN Flag
2025-12-08 15:07:33 DEBUG cic.cs.unb.ca.jnetpcap.FlowGenerator    FlagFIN current has 7272 flow
2025-12-08 15:07:40 DEBUG cic.cs.unb.ca.jnetpcap.FlowGenerator    FlagRST current has 7281 flow
2025-12-08 15:07:50 INFO  cic.cs.unb.ca.jnetpcap.FlowGenerator    Forward flow closed due to FIN Flag
2025-12-08 15:07:50 DEBUG cic.cs.unb.ca.jnetpcap.FlowGenerator    FlagRST current has 7291 flow
2025-12-08 15:07:51 INFO  cic.cs.unb.ca.jnetpcap.FlowGenerator    Forward flow closed due to FIN Flag
2025-12-08 15:07:51 DEBUG cic.cs.unb.ca.jnetpcap.FlowGenerator    FlagFIN current has 7292 flow
2025-12-08 15:07:56 DEBUG cic.cs.unb.ca.jnetpcap.FlowGenerator    FlagFIN current has 7299 flow
2025-12-08 15:07:56 DEBUG cic.cs.unb.ca.jnetpcap.FlowGenerator    FlagFIN current has 7299 flow
2025-12-08 15:07:57 DEBUG cic.cs.unb.ca.jnetpcap.FlowGenerator    Timeout current has 7300 flow
2025-12-08 15:07:58 DEBUG cic.cs.unb.ca.jnetpcap.FlowGenerator    Timeout current has 7300 flow
2025-12-08 15:07:59 INFO  cic.cs.unb.ca.jnetpcap.FlowGenerator    Forward flow closed due to FIN Flag
2025-12-08 15:07:59 DEBUG cic.cs.unb.ca.jnetpcap.FlowGenerator    FlagFIN current has 7304 flow
2025-12-08 15:08:09 INFO  cic.cs.unb.ca.jnetpcap.FlowGenerator    Forward flow closed due to FIN Flag
2025-12-08 15:08:09 DEBUG cic.cs.unb.ca.jnetpcap.FlowGenerator    FlagFIN current has 7323 flow
2025-12-08 15:08:27 INFO  cic.cs.unb.ca.jnetpcap.FlowGenerator    Forward flow closed due to FIN Flag
2025-12-08 15:08:27 DEBUG cic.cs.unb.ca.jnetpcap.FlowGenerator    FlagFIN current has 7340 flow
2025-12-08 15:08:30 INFO  cic.cs.unb.ca.jnetpcap.FlowGenerator    Forward flow closed due to FIN Flag
2025-12-08 15:08:30 DEBUG cic.cs.unb.ca.jnetpcap.FlowGenerator    FlagFIN current has 7347 flow
2025-12-08 15:08:31 DEBUG cic.cs.unb.ca.jnetpcap.FlowGenerator    Timeout current has 7350 flow
2025-12-08 15:08:45 INFO  cic.cs.unb.ca.jnetpcap.FlowGenerator    Forward flow closed due to FIN Flag
2025-12-08 15:08:45 DEBUG cic.cs.unb.ca.jnetpcap.FlowGenerator    FlagFIN current has 7366 flow
2025-12-08 15:09:00 INFO  cic.cs.unb.ca.jnetpcap.FlowGenerator    Forward flow closed due to FIN Flag
2025-12-08 15:09:00 DEBUG cic.cs.unb.ca.jnetpcap.FlowGenerator    FlagFIN current has 7394 flow
2025-12-08 15:09:01 INFO  cic.cs.unb.ca.jnetpcap.FlowGenerator    Forward flow closed due to FIN Flag
2025-12-08 15:09:04 INFO  cic.cs.unb.ca.jnetpcap.FlowGenerator    Forward flow closed due to FIN Flag
2025-12-08 15:09:04 DEBUG cic.cs.unb.ca.jnetpcap.FlowGenerator    FlagFIN current has 7405 flow
2025-12-08 15:09:22 INFO  cic.cs.unb.ca.jnetpcap.FlowGenerator    Forward flow closed due to FIN Flag
2025-12-08 15:09:22 DEBUG cic.cs.unb.ca.jnetpcap.FlowGenerator    FlagFIN current has 7435 flow
2025-12-08 15:09:30 INFO  cic.cs.unb.ca.jnetpcap.FlowGenerator    Forward flow closed due to FIN Flag
2025-12-08 15:09:30 DEBUG cic.cs.unb.ca.jnetpcap.FlowGenerator    FlagFIN current has 7450 flow
2025-12-08 15:09:30 DEBUG cic.cs.unb.ca.jnetpcap.FlowGenerator    Timeout current has 7450 flow
2025-12-08 15:09:40 INFO  cic.cs.unb.ca.jnetpcap.FlowGenerator    Forward flow closed due to FIN Flag
2025-12-08 15:09:40 DEBUG cic.cs.unb.ca.jnetpcap.FlowGenerator    FlagFIN current has 7472 flow
2025-12-08 15:09:47 INFO  cic.cs.unb.ca.jnetpcap.FlowGenerator    Forward flow closed due to FIN Flag
2025-12-08 15:09:47 INFO  cic.cs.unb.ca.jnetpcap.FlowGenerator    Forward flow closed due to FIN Flag
2025-12-08 15:09:47 DEBUG cic.cs.unb.ca.jnetpcap.FlowGenerator    FlagRST current has 7527 flow
2025-12-08 15:09:47 DEBUG cic.cs.unb.ca.jnetpcap.FlowGenerator    FlagFIN current has 7526 flow
2025-12-08 15:09:48 INFO  cic.cs.unb.ca.jnetpcap.FlowGenerator    Forward flow closed due to FIN Flag
2025-12-08 15:09:58 INFO  cic.cs.unb.ca.jnetpcap.FlowGenerator    Forward flow closed due to FIN Flag
2025-12-08 15:09:58 DEBUG cic.cs.unb.ca.jnetpcap.FlowGenerator    FlagFIN current has 7543 flow
2025-12-08 15:10:00 DEBUG cic.cs.unb.ca.jnetpcap.FlowGenerator    FlagFIN current has 7543 flow
2025-12-08 15:10:00 INFO  cic.cs.unb.ca.jnetpcap.FlowGenerator    Forward flow closed due to FIN Flag
2025-12-08 15:10:00 DEBUG cic.cs.unb.ca.jnetpcap.FlowGenerator    FlagRST current has 7543 flow
2025-12-08 15:10:01 DEBUG cic.cs.unb.ca.jnetpcap.FlowGenerator    FlagFIN current has 7544 flow
2025-12-08 15:10:01 DEBUG cic.cs.unb.ca.jnetpcap.FlowGenerator    FlagFIN current has 7544 flow
2025-12-08 15:10:01 DEBUG cic.cs.unb.ca.jnetpcap.FlowGenerator    FlagFIN current has 7544 flow
2025-12-08 15:10:01 INFO  cic.cs.unb.ca.jnetpcap.FlowGenerator    Forward flow closed due to FIN Flag
2025-12-08 15:10:03 WARN  cic.cs.unb.ca.jnetpcap.FlowGenerator    Forward flow received 2 FIN packets
2025-12-08 15:10:08 DEBUG cic.cs.unb.ca.jnetpcap.FlowGenerator    Timeout current has 7550 flow
2025-12-08 15:10:08 DEBUG cic.cs.unb.ca.jnetpcap.FlowGenerator    Timeout current has 7550 flow
2025-12-08 15:10:16 INFO  cic.cs.unb.ca.jnetpcap.FlowGenerator    Forward flow closed due to FIN Flag
2025-12-08 15:10:16 DEBUG cic.cs.unb.ca.jnetpcap.FlowGenerator    FlagFIN current has 7564 flow
2025-12-08 15:10:32 INFO  cic.cs.unb.ca.jnetpcap.FlowGenerator    Forward flow closed due to FIN Flag
2025-12-08 15:10:32 DEBUG cic.cs.unb.ca.jnetpcap.FlowGenerator    FlagFIN current has 7588 flow
2025-12-08 15:10:34 INFO  cic.cs.unb.ca.jnetpcap.FlowGenerator    Forward flow closed due to FIN Flag
2025-12-08 15:10:34 DEBUG cic.cs.unb.ca.jnetpcap.FlowGenerator    FlagFIN current has 7595 flow
2025-12-08 15:10:53 INFO  cic.cs.unb.ca.jnetpcap.FlowGenerator    Forward flow closed due to FIN Flag
2025-12-08 15:10:53 DEBUG cic.cs.unb.ca.jnetpcap.FlowGenerator    FlagFIN current has 7635 flow
2025-12-08 15:10:57 DEBUG cic.cs.unb.ca.jnetpcap.FlowGenerator    Timeout current has 7650 flow
2025-12-08 15:10:57 DEBUG cic.cs.unb.ca.jnetpcap.FlowGenerator    Timeout current has 7650 flow
2025-12-08 15:11:00 DEBUG cic.cs.unb.ca.jnetpcap.FlowGenerator    FlagFIN current has 7654 flow
2025-12-08 15:11:02 INFO  cic.cs.unb.ca.jnetpcap.FlowGenerator    Forward flow closed due to FIN Flag
2025-12-08 15:11:03 DEBUG cic.cs.unb.ca.jnetpcap.FlowGenerator    FlagFIN current has 7658 flow
2025-12-08 15:11:11 INFO  cic.cs.unb.ca.jnetpcap.FlowGenerator    Forward flow closed due to FIN Flag
2025-12-08 15:11:11 DEBUG cic.cs.unb.ca.jnetpcap.FlowGenerator    FlagFIN current has 7672 flow
2025-12-08 15:11:29 INFO  cic.cs.unb.ca.jnetpcap.FlowGenerator    Forward flow closed due to FIN Flag
2025-12-08 15:11:29 DEBUG cic.cs.unb.ca.jnetpcap.FlowGenerator    FlagFIN current has 7707 flow
2025-12-08 15:11:33 INFO  cic.cs.unb.ca.jnetpcap.FlowGenerator    Forward flow closed due to FIN Flag
2025-12-08 15:11:33 DEBUG cic.cs.unb.ca.jnetpcap.FlowGenerator    FlagFIN current has 7713 flow
2025-12-08 15:11:33 INFO  cic.cs.unb.ca.jnetpcap.FlowGenerator    Forward flow closed due to FIN Flag
2025-12-08 15:11:47 INFO  cic.cs.unb.ca.jnetpcap.FlowGenerator    Forward flow closed due to FIN Flag
2025-12-08 15:11:47 DEBUG cic.cs.unb.ca.jnetpcap.FlowGenerator    FlagFIN current has 7740 flow
2025-12-08 15:11:52 DEBUG cic.cs.unb.ca.jnetpcap.FlowGenerator    FlagFIN current has 7746 flow
2025-12-08 15:12:04 INFO  cic.cs.unb.ca.jnetpcap.FlowGenerator    Forward flow closed due to FIN Flag
2025-12-08 15:12:04 DEBUG cic.cs.unb.ca.jnetpcap.FlowGenerator    FlagFIN current has 7764 flow
2025-12-08 15:12:05 INFO  cic.cs.unb.ca.jnetpcap.FlowGenerator    Forward flow closed due to FIN Flag
2025-12-08 15:12:05 DEBUG cic.cs.unb.ca.jnetpcap.FlowGenerator    FlagFIN current has 7766 flow
2025-12-08 15:12:23 INFO  cic.cs.unb.ca.jnetpcap.FlowGenerator    Forward flow closed due to FIN Flag
2025-12-08 15:12:23 DEBUG cic.cs.unb.ca.jnetpcap.FlowGenerator    FlagFIN current has 7800 flow
2025-12-08 15:12:34 INFO  cic.cs.unb.ca.jnetpcap.FlowGenerator    Forward flow closed due to FIN Flag
2025-12-08 15:12:34 DEBUG cic.cs.unb.ca.jnetpcap.FlowGenerator    FlagFIN current has 7829 flow
2025-12-08 15:12:41 INFO  cic.cs.unb.ca.jnetpcap.FlowGenerator    Forward flow closed due to FIN Flag
2025-12-08 15:12:41 DEBUG cic.cs.unb.ca.jnetpcap.FlowGenerator    FlagFIN current has 7842 flow
2025-12-08 15:12:59 INFO  cic.cs.unb.ca.jnetpcap.FlowGenerator    Forward flow closed due to FIN Flag
2025-12-08 15:12:59 DEBUG cic.cs.unb.ca.jnetpcap.FlowGenerator    FlagFIN current has 7877 flow
2025-12-08 15:13:05 INFO  cic.cs.unb.ca.jnetpcap.FlowGenerator    Forward flow closed due to FIN Flag
2025-12-08 15:13:05 DEBUG cic.cs.unb.ca.jnetpcap.FlowGenerator    FlagFIN current has 7886 flow
2025-12-08 15:13:18 INFO  cic.cs.unb.ca.jnetpcap.FlowGenerator    Forward flow closed due to FIN Flag
2025-12-08 15:13:18 DEBUG cic.cs.unb.ca.jnetpcap.FlowGenerator    FlagFIN current has 7907 flow
2025-12-08 15:13:35 INFO  cic.cs.unb.ca.jnetpcap.FlowGenerator    Forward flow closed due to FIN Flag
2025-12-08 15:13:35 DEBUG cic.cs.unb.ca.jnetpcap.FlowGenerator    FlagFIN current has 7956 flow
2025-12-08 15:13:36 INFO  cic.cs.unb.ca.jnetpcap.FlowGenerator    Forward flow closed due to FIN Flag
2025-12-08 15:13:36 DEBUG cic.cs.unb.ca.jnetpcap.FlowGenerator    FlagFIN current has 7958 flow
2025-12-08 15:13:54 INFO  cic.cs.unb.ca.jnetpcap.FlowGenerator    Forward flow closed due to FIN Flag
2025-12-08 15:13:54 DEBUG cic.cs.unb.ca.jnetpcap.FlowGenerator    FlagFIN current has 8023 flow
2025-12-08 15:14:06 INFO  cic.cs.unb.ca.jnetpcap.FlowGenerator    Forward flow closed due to FIN Flag
2025-12-08 15:14:06 DEBUG cic.cs.unb.ca.jnetpcap.FlowGenerator    FlagFIN current has 8033 flow
2025-12-08 15:14:12 INFO  cic.cs.unb.ca.jnetpcap.FlowGenerator    Forward flow closed due to FIN Flag
2025-12-08 15:14:12 DEBUG cic.cs.unb.ca.jnetpcap.FlowGenerator    FlagFIN current has 8049 flow
2025-12-08 15:14:12 DEBUG cic.cs.unb.ca.jnetpcap.FlowGenerator    Timeout current has 8050 flow
2025-12-08 15:14:30 INFO  cic.cs.unb.ca.jnetpcap.FlowGenerator    Forward flow closed due to FIN Flag
2025-12-08 15:14:30 DEBUG cic.cs.unb.ca.jnetpcap.FlowGenerator    FlagFIN current has 8093 flow
2025-12-08 15:14:37 INFO  cic.cs.unb.ca.jnetpcap.FlowGenerator    Forward flow closed due to FIN Flag
2025-12-08 15:14:37 DEBUG cic.cs.unb.ca.jnetpcap.FlowGenerator    FlagFIN current has 8112 flow
2025-12-08 15:14:42 DEBUG cic.cs.unb.ca.jnetpcap.FlowGenerator    FlagRST current has 8126 flow
2025-12-08 15:14:49 INFO  cic.cs.unb.ca.jnetpcap.FlowGenerator    Forward flow closed due to FIN Flag
2025-12-08 15:14:49 DEBUG cic.cs.unb.ca.jnetpcap.FlowGenerator    FlagFIN current has 8139 flow
2025-12-08 15:15:07 INFO  cic.cs.unb.ca.jnetpcap.FlowGenerator    Forward flow closed due to FIN Flag
2025-12-08 15:15:07 DEBUG cic.cs.unb.ca.jnetpcap.FlowGenerator    FlagFIN current has 8165 flow
2025-12-08 15:15:07 INFO  cic.cs.unb.ca.jnetpcap.FlowGenerator    Forward flow closed due to FIN Flag
2025-12-08 15:15:07 DEBUG cic.cs.unb.ca.jnetpcap.FlowGenerator    FlagFIN current has 8165 flow
2025-12-08 15:15:24 INFO  cic.cs.unb.ca.jnetpcap.FlowGenerator    Forward flow closed due to FIN Flag
2025-12-08 15:15:24 DEBUG cic.cs.unb.ca.jnetpcap.FlowGenerator    FlagFIN current has 8201 flow
2025-12-08 15:15:38 INFO  cic.cs.unb.ca.jnetpcap.FlowGenerator    Forward flow closed due to FIN Flag
2025-12-08 15:15:38 DEBUG cic.cs.unb.ca.jnetpcap.FlowGenerator    FlagFIN current has 8219 flow
2025-12-08 15:15:42 INFO  cic.cs.unb.ca.jnetpcap.FlowGenerator    Forward flow closed due to FIN Flag
2025-12-08 15:15:42 DEBUG cic.cs.unb.ca.jnetpcap.FlowGenerator    FlagFIN current has 8226 flow
2025-12-08 15:16:01 INFO  cic.cs.unb.ca.jnetpcap.FlowGenerator    Forward flow closed due to FIN Flag
2025-12-08 15:16:01 DEBUG cic.cs.unb.ca.jnetpcap.FlowGenerator    FlagFIN current has 8261 flow
2025-12-08 15:16:08 INFO  cic.cs.unb.ca.jnetpcap.FlowGenerator    Forward flow closed due to FIN Flag
2025-12-08 15:16:08 DEBUG cic.cs.unb.ca.jnetpcap.FlowGenerator    FlagFIN current has 8269 flow
2025-12-08 15:16:20 INFO  cic.cs.unb.ca.jnetpcap.FlowGenerator    Forward flow closed due to FIN Flag
2025-12-08 15:16:20 DEBUG cic.cs.unb.ca.jnetpcap.FlowGenerator    FlagFIN current has 8289 flow
2025-12-08 15:16:22 DEBUG cic.cs.unb.ca.jnetpcap.FlowGenerator    Timeout current has 8300 flow
2025-12-08 15:16:24 INFO  cic.cs.unb.ca.jnetpcap.FlowGenerator    Forward flow closed due to FIN Flag
2025-12-08 15:16:24 DEBUG cic.cs.unb.ca.jnetpcap.FlowGenerator    FlagFIN current has 8325 flow
2025-12-08 15:16:24 INFO  cic.cs.unb.ca.jnetpcap.FlowGenerator    Forward flow closed due to FIN Flag
2025-12-08 15:16:24 DEBUG cic.cs.unb.ca.jnetpcap.FlowGenerator    FlagFIN current has 8330 flow
2025-12-08 15:16:24 DEBUG cic.cs.unb.ca.jnetpcap.FlowGenerator    FlagFIN current has 8330 flow
2025-12-08 15:16:24 INFO  cic.cs.unb.ca.jnetpcap.FlowGenerator    Forward flow closed due to FIN Flag
2025-12-08 15:16:24 INFO  cic.cs.unb.ca.jnetpcap.FlowGenerator    Forward flow closed due to FIN Flag
2025-12-08 15:16:24 DEBUG cic.cs.unb.ca.jnetpcap.FlowGenerator    FlagFIN current has 8333 flow
2025-12-08 15:16:25 INFO  cic.cs.unb.ca.jnetpcap.FlowGenerator    Forward flow closed due to FIN Flag
2025-12-08 15:16:25 DEBUG cic.cs.unb.ca.jnetpcap.FlowGenerator    FlagFIN current has 8334 flow
2025-12-08 15:16:25 INFO  cic.cs.unb.ca.jnetpcap.FlowGenerator    Forward flow closed due to FIN Flag
2025-12-08 15:16:25 DEBUG cic.cs.unb.ca.jnetpcap.FlowGenerator    FlagFIN current has 8334 flow
2025-12-08 15:16:26 INFO  cic.cs.unb.ca.jnetpcap.FlowGenerator    Forward flow closed due to FIN Flag
2025-12-08 15:16:26 DEBUG cic.cs.unb.ca.jnetpcap.FlowGenerator    FlagFIN current has 8335 flow
2025-12-08 15:16:26 DEBUG cic.cs.unb.ca.jnetpcap.FlowGenerator    FlagRST current has 8336 flow
2025-12-08 15:16:26 DEBUG cic.cs.unb.ca.jnetpcap.FlowGenerator    FlagRST current has 8335 flow
2025-12-08 15:16:26 DEBUG cic.cs.unb.ca.jnetpcap.FlowGenerator    FlagRST current has 8334 flow
2025-12-08 15:16:26 INFO  cic.cs.unb.ca.jnetpcap.FlowGenerator    Forward flow closed due to FIN Flag
2025-12-08 15:16:26 INFO  cic.cs.unb.ca.jnetpcap.FlowGenerator    Forward flow closed due to FIN Flag
2025-12-08 15:16:27 DEBUG cic.cs.unb.ca.jnetpcap.FlowGenerator    FlagFIN current has 8333 flow
2025-12-08 15:16:27 INFO  cic.cs.unb.ca.jnetpcap.FlowGenerator    Forward flow closed due to FIN Flag
2025-12-08 15:16:28 DEBUG cic.cs.unb.ca.jnetpcap.FlowGenerator    FlagRST current has 8341 flow
2025-12-08 15:16:37 INFO  cic.cs.unb.ca.jnetpcap.FlowGenerator    Forward flow closed due to FIN Flag
2025-12-08 15:16:37 DEBUG cic.cs.unb.ca.jnetpcap.FlowGenerator    FlagFIN current has 8439 flow
2025-12-08 15:16:40 DEBUG cic.cs.unb.ca.jnetpcap.FlowGenerator    FlagFIN current has 8441 flow
2025-12-08 15:16:40 DEBUG cic.cs.unb.ca.jnetpcap.FlowGenerator    FlagFIN current has 8441 flow
2025-12-08 15:16:40 DEBUG cic.cs.unb.ca.jnetpcap.FlowGenerator    FlagFIN current has 8442 flow
2025-12-08 15:16:40 INFO  cic.cs.unb.ca.jnetpcap.FlowGenerator    Forward flow closed due to FIN Flag
2025-12-08 15:16:42 DEBUG cic.cs.unb.ca.jnetpcap.FlowGenerator    Timeout current has 8450 flow
2025-12-08 15:16:42 DEBUG cic.cs.unb.ca.jnetpcap.FlowGenerator    Timeout current has 8450 flow
2025-12-08 15:16:42 INFO  cic.cs.unb.ca.jnetpcap.FlowGenerator    Forward flow closed due to FIN Flag
2025-12-08 15:16:42 INFO  cic.cs.unb.ca.jnetpcap.FlowGenerator    Forward flow closed due to FIN Flag
2025-12-08 15:16:42 INFO  cic.cs.unb.ca.jnetpcap.FlowGenerator    Forward flow closed due to FIN Flag
2025-12-08 15:16:42 INFO  cic.cs.unb.ca.jnetpcap.FlowGenerator    Forward flow closed due to FIN Flag
2025-12-08 15:16:42 INFO  cic.cs.unb.ca.jnetpcap.FlowGenerator    Forward flow closed due to FIN Flag
2025-12-08 15:16:42 INFO  cic.cs.unb.ca.jnetpcap.FlowGenerator    Forward flow closed due to FIN Flag
2025-12-08 15:16:42 INFO  cic.cs.unb.ca.jnetpcap.FlowGenerator    Forward flow closed due to FIN Flag
2025-12-08 15:16:42 INFO  cic.cs.unb.ca.jnetpcap.FlowGenerator    Forward flow closed due to FIN Flag
2025-12-08 15:16:42 INFO  cic.cs.unb.ca.jnetpcap.FlowGenerator    Forward flow closed due to FIN Flag
2025-12-08 15:16:42 INFO  cic.cs.unb.ca.jnetpcap.FlowGenerator    Forward flow closed due to FIN Flag
2025-12-08 15:16:42 INFO  cic.cs.unb.ca.jnetpcap.FlowGenerator    Forward flow closed due to FIN Flag
2025-12-08 15:16:42 DEBUG cic.cs.unb.ca.jnetpcap.FlowGenerator    FlagFIN current has 8468 flow
2025-12-08 15:16:42 DEBUG cic.cs.unb.ca.jnetpcap.FlowGenerator    FlagFIN current has 8468 flow
2025-12-08 15:16:42 DEBUG cic.cs.unb.ca.jnetpcap.FlowGenerator    FlagFIN current has 8468 flow
2025-12-08 15:16:42 DEBUG cic.cs.unb.ca.jnetpcap.FlowGenerator    FlagFIN current has 8468 flow
2025-12-08 15:16:42 DEBUG cic.cs.unb.ca.jnetpcap.FlowGenerator    FlagFIN current has 8468 flow
2025-12-08 15:16:42 DEBUG cic.cs.unb.ca.jnetpcap.FlowGenerator    FlagFIN current has 8468 flow
2025-12-08 15:16:42 DEBUG cic.cs.unb.ca.jnetpcap.FlowGenerator    FlagFIN current has 8468 flow
2025-12-08 15:16:42 DEBUG cic.cs.unb.ca.jnetpcap.FlowGenerator    FlagFIN current has 8467 flow
2025-12-08 15:16:42 DEBUG cic.cs.unb.ca.jnetpcap.FlowGenerator    FlagFIN current has 8468 flow
2025-12-08 15:16:42 DEBUG cic.cs.unb.ca.jnetpcap.FlowGenerator    FlagFIN current has 8468 flow
2025-12-08 15:16:42 DEBUG cic.cs.unb.ca.jnetpcap.FlowGenerator    FlagFIN current has 8468 flow
2025-12-08 15:16:44 DEBUG cic.cs.unb.ca.jnetpcap.FlowGenerator    FlagRST current has 8472 flow
2025-12-08 15:16:56 INFO  cic.cs.unb.ca.jnetpcap.FlowGenerator    Forward flow closed due to FIN Flag
2025-12-08 15:16:56 DEBUG cic.cs.unb.ca.jnetpcap.FlowGenerator    FlagFIN current has 8487 flow
2025-12-08 15:17:12 INFO  cic.cs.unb.ca.jnetpcap.FlowGenerator    Forward flow closed due to FIN Flag
2025-12-08 15:17:12 DEBUG cic.cs.unb.ca.jnetpcap.FlowGenerator    FlagFIN current has 8523 flow
2025-12-08 15:17:15 INFO  cic.cs.unb.ca.jnetpcap.FlowGenerator    Forward flow closed due to FIN Flag
2025-12-08 15:17:15 DEBUG cic.cs.unb.ca.jnetpcap.FlowGenerator    FlagFIN current has 8530 flow
2025-12-08 15:17:29 DEBUG cic.cs.unb.ca.jnetpcap.FlowGenerator    FlagFIN current has 8561 flow
2025-12-08 15:17:32 INFO  cic.cs.unb.ca.jnetpcap.FlowGenerator    Forward flow closed due to FIN Flag
2025-12-08 15:17:32 DEBUG cic.cs.unb.ca.jnetpcap.FlowGenerator    FlagFIN current has 8573 flow
2025-12-08 15:17:32 INFO  cic.cs.unb.ca.jnetpcap.FlowGenerator    Forward flow closed due to FIN Flag
2025-12-08 15:17:32 DEBUG cic.cs.unb.ca.jnetpcap.FlowGenerator    FlagFIN current has 8575 flow
2025-12-08 15:17:38 DEBUG cic.cs.unb.ca.jnetpcap.FlowGenerator    FlagFIN current has 8596 flow
2025-12-08 15:17:41 INFO  cic.cs.unb.ca.jnetpcap.FlowGenerator    Forward flow closed due to FIN Flag
2025-12-08 15:17:41 DEBUG cic.cs.unb.ca.jnetpcap.FlowGenerator    FlagFIN current has 8605 flow
2025-12-08 15:17:41 DEBUG cic.cs.unb.ca.jnetpcap.FlowGenerator    FlagRST current has 8605 flow
2025-12-08 15:17:48 DEBUG cic.cs.unb.ca.jnetpcap.FlowGenerator    FlagFIN current has 8613 flow
2025-12-08 15:17:48 DEBUG cic.cs.unb.ca.jnetpcap.FlowGenerator    FlagFIN current has 8613 flow
2025-12-08 15:17:48 INFO  cic.cs.unb.ca.jnetpcap.FlowGenerator    Forward flow closed due to FIN Flag
2025-12-08 15:17:48 DEBUG cic.cs.unb.ca.jnetpcap.FlowGenerator    FlagRST current has 8613 flow
2025-12-08 15:17:50 INFO  cic.cs.unb.ca.jnetpcap.FlowGenerator    Forward flow closed due to FIN Flag
2025-12-08 15:17:50 DEBUG cic.cs.unb.ca.jnetpcap.FlowGenerator    FlagFIN current has 8621 flow
2025-12-08 15:18:09 INFO  cic.cs.unb.ca.jnetpcap.FlowGenerator    Forward flow closed due to FIN Flag
2025-12-08 15:18:09 DEBUG cic.cs.unb.ca.jnetpcap.FlowGenerator    FlagFIN current has 8654 flow
2025-12-08 15:18:13 INFO  cic.cs.unb.ca.jnetpcap.FlowGenerator    Forward flow closed due to FIN Flag
2025-12-08 15:18:13 WARN  cic.cs.unb.ca.jnetpcap.FlowGenerator    Forward flow received 2 FIN packets
2025-12-08 15:18:13 DEBUG cic.cs.unb.ca.jnetpcap.FlowGenerator    FlagFIN current has 8659 flow
2025-12-08 15:18:13 INFO  cic.cs.unb.ca.jnetpcap.FlowGenerator    Forward flow closed due to FIN Flag
2025-12-08 15:18:13 DEBUG cic.cs.unb.ca.jnetpcap.FlowGenerator    FlagRST current has 8660 flow
2025-12-08 15:18:13 INFO  cic.cs.unb.ca.jnetpcap.FlowGenerator    Forward flow closed due to FIN Flag
2025-12-08 15:18:13 DEBUG cic.cs.unb.ca.jnetpcap.FlowGenerator    FlagRST current has 8659 flow
2025-12-08 15:18:28 INFO  cic.cs.unb.ca.jnetpcap.FlowGenerator    Forward flow closed due to FIN Flag
2025-12-08 15:18:28 DEBUG cic.cs.unb.ca.jnetpcap.FlowGenerator    FlagFIN current has 8676 flow
2025-12-08 15:18:43 DEBUG cic.cs.unb.ca.jnetpcap.FlowGenerator    FlagFIN current has 8702 flow
2025-12-08 15:18:43 DEBUG cic.cs.unb.ca.jnetpcap.FlowGenerator    FlagFIN current has 8703 flow
2025-12-08 15:18:43 DEBUG cic.cs.unb.ca.jnetpcap.FlowGenerator    FlagFIN current has 8704 flow
2025-12-08 15:18:43 INFO  cic.cs.unb.ca.jnetpcap.FlowGenerator    Forward flow closed due to FIN Flag
2025-12-08 15:18:45 INFO  cic.cs.unb.ca.jnetpcap.FlowGenerator    Forward flow closed due to FIN Flag
2025-12-08 15:18:45 DEBUG cic.cs.unb.ca.jnetpcap.FlowGenerator    FlagFIN current has 8709 flow
2025-12-08 15:18:59 INFO  cic.cs.unb.ca.jnetpcap.FlowGenerator    Forward flow closed due to FIN Flag
2025-12-08 15:18:59 DEBUG cic.cs.unb.ca.jnetpcap.FlowGenerator    FlagFIN current has 8724 flow
2025-12-08 15:19:03 INFO  cic.cs.unb.ca.jnetpcap.FlowGenerator    Forward flow closed due to FIN Flag
2025-12-08 15:19:03 DEBUG cic.cs.unb.ca.jnetpcap.FlowGenerator    FlagFIN current has 8735 flow
2025-12-08 15:19:10 INFO  cic.cs.unb.ca.jnetpcap.FlowGenerator    Forward flow closed due to FIN Flag
2025-12-08 15:19:10 DEBUG cic.cs.unb.ca.jnetpcap.FlowGenerator    FlagFIN current has 8759 flow
2025-12-08 15:19:10 DEBUG cic.cs.unb.ca.jnetpcap.FlowGenerator    FlagRST current has 8759 flow
2025-12-08 15:19:12 INFO  cic.cs.unb.ca.jnetpcap.FlowGenerator    Forward flow closed due to FIN Flag
2025-12-08 15:19:12 DEBUG cic.cs.unb.ca.jnetpcap.FlowGenerator    FlagFIN current has 8763 flow
2025-12-08 15:19:20 INFO  cic.cs.unb.ca.jnetpcap.FlowGenerator    Forward flow closed due to FIN Flag
2025-12-08 15:19:20 DEBUG cic.cs.unb.ca.jnetpcap.FlowGenerator    FlagFIN current has 8777 flow
2025-12-08 15:19:39 INFO  cic.cs.unb.ca.jnetpcap.FlowGenerator    Forward flow closed due to FIN Flag
2025-12-08 15:19:39 DEBUG cic.cs.unb.ca.jnetpcap.FlowGenerator    FlagFIN current has 8835 flow
2025-12-08 15:19:42 DEBUG cic.cs.unb.ca.jnetpcap.FlowGenerator    Timeout current has 8850 flow
2025-12-08 15:19:42 INFO  cic.cs.unb.ca.jnetpcap.FlowGenerator    Forward flow closed due to FIN Flag
2025-12-08 15:19:42 DEBUG cic.cs.unb.ca.jnetpcap.FlowGenerator    FlagFIN current has 8850 flow
2025-12-08 15:19:57 INFO  cic.cs.unb.ca.jnetpcap.FlowGenerator    Forward flow closed due to FIN Flag
2025-12-08 15:19:57 DEBUG cic.cs.unb.ca.jnetpcap.FlowGenerator    FlagFIN current has 8876 flow
2025-12-08 15:20:09 DEBUG cic.cs.unb.ca.jnetpcap.FlowGenerator    Timeout current has 8900 flow
2025-12-08 15:20:13 INFO  cic.cs.unb.ca.jnetpcap.FlowGenerator    Forward flow closed due to FIN Flag
2025-12-08 15:20:13 DEBUG cic.cs.unb.ca.jnetpcap.FlowGenerator    FlagFIN current has 8907 flow
2025-12-08 15:20:15 INFO  cic.cs.unb.ca.jnetpcap.FlowGenerator    Forward flow closed due to FIN Flag
2025-12-08 15:20:15 DEBUG cic.cs.unb.ca.jnetpcap.FlowGenerator    FlagFIN current has 8915 flow
2025-12-08 15:20:33 INFO  cic.cs.unb.ca.jnetpcap.FlowGenerator    Forward flow closed due to FIN Flag
2025-12-08 15:20:33 DEBUG cic.cs.unb.ca.jnetpcap.FlowGenerator    FlagFIN current has 8947 flow
2025-12-08 15:20:43 INFO  cic.cs.unb.ca.jnetpcap.FlowGenerator    Forward flow closed due to FIN Flag
2025-12-08 15:20:43 DEBUG cic.cs.unb.ca.jnetpcap.FlowGenerator    FlagFIN current has 8972 flow
2025-12-08 15:20:44 INFO  cic.cs.unb.ca.jnetpcap.FlowGenerator    Forward flow closed due to FIN Flag
2025-12-08 15:20:44 INFO  cic.cs.unb.ca.jnetpcap.FlowGenerator    Forward flow closed due to FIN Flag
2025-12-08 15:20:44 DEBUG cic.cs.unb.ca.jnetpcap.FlowGenerator    FlagFIN current has 8974 flow
2025-12-08 15:20:44 DEBUG cic.cs.unb.ca.jnetpcap.FlowGenerator    FlagRST current has 8974 flow
2025-12-08 15:20:44 DEBUG cic.cs.unb.ca.jnetpcap.FlowGenerator    FlagRST current has 8974 flow
2025-12-08 15:20:52 INFO  cic.cs.unb.ca.jnetpcap.FlowGenerator    Forward flow closed due to FIN Flag
2025-12-08 15:20:52 DEBUG cic.cs.unb.ca.jnetpcap.FlowGenerator    FlagFIN current has 8985 flow
2025-12-08 15:20:56 INFO  cic.cs.unb.ca.jnetpcap.FlowGenerator    Forward flow closed due to FIN Flag
2025-12-08 15:20:56 INFO  cic.cs.unb.ca.jnetpcap.FlowGenerator    Forward flow closed due to FIN Flag
2025-12-08 15:20:56 DEBUG cic.cs.unb.ca.jnetpcap.FlowGenerator    FlagFIN current has 8991 flow
2025-12-08 15:20:56 DEBUG cic.cs.unb.ca.jnetpcap.FlowGenerator    FlagFIN current has 8991 flow
2025-12-08 15:21:10 INFO  cic.cs.unb.ca.jnetpcap.FlowGenerator    Forward flow closed due to FIN Flag
2025-12-08 15:21:10 DEBUG cic.cs.unb.ca.jnetpcap.FlowGenerator    FlagFIN current has 9016 flow
2025-12-08 15:21:14 INFO  cic.cs.unb.ca.jnetpcap.FlowGenerator    Forward flow closed due to FIN Flag
2025-12-08 15:21:14 DEBUG cic.cs.unb.ca.jnetpcap.FlowGenerator    FlagFIN current has 9026 flow
2025-12-08 15:21:28 INFO  cic.cs.unb.ca.jnetpcap.FlowGenerator    Forward flow closed due to FIN Flag
2025-12-08 15:21:28 DEBUG cic.cs.unb.ca.jnetpcap.FlowGenerator    FlagFIN current has 9051 flow
2025-12-08 15:21:30 INFO  cic.cs.unb.ca.jnetpcap.FlowGenerator    Forward flow closed due to FIN Flag
2025-12-08 15:21:30 WARN  cic.cs.unb.ca.jnetpcap.FlowGenerator    Forward flow received 2 FIN packets
2025-12-08 15:21:30 WARN  cic.cs.unb.ca.jnetpcap.FlowGenerator    Forward flow received 3 FIN packets
2025-12-08 15:21:31 WARN  cic.cs.unb.ca.jnetpcap.FlowGenerator    Forward flow received 4 FIN packets
2025-12-08 15:21:32 WARN  cic.cs.unb.ca.jnetpcap.FlowGenerator    Forward flow received 5 FIN packets
2025-12-08 15:21:35 WARN  cic.cs.unb.ca.jnetpcap.FlowGenerator    Forward flow received 6 FIN packets
2025-12-08 15:21:39 WARN  cic.cs.unb.ca.jnetpcap.FlowGenerator    Forward flow received 7 FIN packets
2025-12-08 15:21:44 INFO  cic.cs.unb.ca.jnetpcap.FlowGenerator    Forward flow closed due to FIN Flag
2025-12-08 15:21:44 DEBUG cic.cs.unb.ca.jnetpcap.FlowGenerator    FlagFIN current has 9098 flow
2025-12-08 15:21:45 DEBUG cic.cs.unb.ca.jnetpcap.FlowGenerator    Timeout current has 9100 flow
2025-12-08 15:21:46 INFO  cic.cs.unb.ca.jnetpcap.FlowGenerator    Forward flow closed due to FIN Flag
2025-12-08 15:21:46 DEBUG cic.cs.unb.ca.jnetpcap.FlowGenerator    FlagFIN current has 9103 flow
2025-12-08 15:21:49 DEBUG cic.cs.unb.ca.jnetpcap.FlowGenerator    FlagRST current has 9110 flow
2025-12-08 15:21:49 INFO  cic.cs.unb.ca.jnetpcap.FlowGenerator    Forward flow closed due to FIN Flag
2025-12-08 15:21:49 DEBUG cic.cs.unb.ca.jnetpcap.FlowGenerator    FlagFIN current has 9110 flow
2025-12-08 15:21:49 DEBUG cic.cs.unb.ca.jnetpcap.FlowGenerator    FlagRST current has 9110 flow
2025-12-08 15:21:49 DEBUG cic.cs.unb.ca.jnetpcap.FlowGenerator    FlagRST current has 9110 flow
2025-12-08 15:22:04 INFO  cic.cs.unb.ca.jnetpcap.FlowGenerator    Forward flow closed due to FIN Flag
2025-12-08 15:22:04 DEBUG cic.cs.unb.ca.jnetpcap.FlowGenerator    FlagFIN current has 9138 flow
2025-12-08 15:22:15 INFO  cic.cs.unb.ca.jnetpcap.FlowGenerator    Forward flow closed due to FIN Flag
2025-12-08 15:22:15 DEBUG cic.cs.unb.ca.jnetpcap.FlowGenerator    FlagFIN current has 9185 flow
2025-12-08 15:22:21 DEBUG cic.cs.unb.ca.jnetpcap.FlowGenerator    Timeout current has 9200 flow
2025-12-08 15:22:21 DEBUG cic.cs.unb.ca.jnetpcap.FlowGenerator    FlagFIN current has 9200 flow
2025-12-08 15:22:21 INFO  cic.cs.unb.ca.jnetpcap.FlowGenerator    Forward flow closed due to FIN Flag
2025-12-08 15:22:21 DEBUG cic.cs.unb.ca.jnetpcap.FlowGenerator    FlagRST current has 9200 flow
2025-12-08 15:22:21 DEBUG cic.cs.unb.ca.jnetpcap.FlowGenerator    FlagFIN current has 9199 flow
2025-12-08 15:22:21 INFO  cic.cs.unb.ca.jnetpcap.FlowGenerator    Forward flow closed due to FIN Flag
2025-12-08 15:22:21 DEBUG cic.cs.unb.ca.jnetpcap.FlowGenerator    FlagRST current has 9199 flow
2025-12-08 15:22:22 DEBUG cic.cs.unb.ca.jnetpcap.FlowGenerator    Timeout current has 9200 flow
2025-12-08 15:22:22 INFO  cic.cs.unb.ca.jnetpcap.FlowGenerator    Forward flow closed due to FIN Flag
2025-12-08 15:22:22 DEBUG cic.cs.unb.ca.jnetpcap.FlowGenerator    FlagFIN current has 9202 flow
2025-12-08 15:22:40 INFO  cic.cs.unb.ca.jnetpcap.FlowGenerator    Forward flow closed due to FIN Flag
2025-12-08 15:22:40 DEBUG cic.cs.unb.ca.jnetpcap.FlowGenerator    FlagFIN current has 9240 flow
2025-12-08 15:22:45 INFO  cic.cs.unb.ca.jnetpcap.FlowGenerator    Forward flow closed due to FIN Flag
2025-12-08 15:22:45 DEBUG cic.cs.unb.ca.jnetpcap.FlowGenerator    FlagFIN current has 9254 flow
2025-12-08 15:22:57 DEBUG cic.cs.unb.ca.jnetpcap.FlowGenerator    FlagFIN current has 9273 flow
2025-12-08 15:22:57 INFO  cic.cs.unb.ca.jnetpcap.FlowGenerator    Forward flow closed due to FIN Flag
2025-12-08 15:22:59 INFO  cic.cs.unb.ca.jnetpcap.FlowGenerator    Forward flow closed due to FIN Flag
2025-12-08 15:22:59 DEBUG cic.cs.unb.ca.jnetpcap.FlowGenerator    FlagFIN current has 9277 flow
2025-12-08 15:23:12 DEBUG cic.cs.unb.ca.jnetpcap.FlowGenerator    FlagFIN current has 9288 flow
2025-12-08 15:23:16 INFO  cic.cs.unb.ca.jnetpcap.FlowGenerator    Forward flow closed due to FIN Flag
2025-12-08 15:23:16 DEBUG cic.cs.unb.ca.jnetpcap.FlowGenerator    FlagFIN current has 9293 flow
2025-12-08 15:23:17 INFO  cic.cs.unb.ca.jnetpcap.FlowGenerator    Forward flow closed due to FIN Flag
2025-12-08 15:23:17 DEBUG cic.cs.unb.ca.jnetpcap.FlowGenerator    FlagFIN current has 9298 flow
2025-12-08 15:23:35 INFO  cic.cs.unb.ca.jnetpcap.FlowGenerator    Forward flow closed due to FIN Flag
2025-12-08 15:23:35 DEBUG cic.cs.unb.ca.jnetpcap.FlowGenerator    FlagFIN current has 9325 flow
2025-12-08 15:23:46 INFO  cic.cs.unb.ca.jnetpcap.FlowGenerator    Forward flow closed due to FIN Flag
2025-12-08 15:23:46 DEBUG cic.cs.unb.ca.jnetpcap.FlowGenerator    FlagFIN current has 9338 flow
2025-12-08 15:23:47 INFO  cic.cs.unb.ca.jnetpcap.FlowGenerator    Forward flow closed due to FIN Flag
2025-12-08 15:23:53 INFO  cic.cs.unb.ca.jnetpcap.FlowGenerator    Forward flow closed due to FIN Flag
2025-12-08 15:23:53 DEBUG cic.cs.unb.ca.jnetpcap.FlowGenerator    FlagFIN current has 9361 flow
2025-12-08 15:24:11 INFO  cic.cs.unb.ca.jnetpcap.FlowGenerator    Forward flow closed due to FIN Flag
2025-12-08 15:24:11 DEBUG cic.cs.unb.ca.jnetpcap.FlowGenerator    FlagFIN current has 9382 flow
2025-12-08 15:24:17 INFO  cic.cs.unb.ca.jnetpcap.FlowGenerator    Forward flow closed due to FIN Flag
2025-12-08 15:24:17 DEBUG cic.cs.unb.ca.jnetpcap.FlowGenerator    FlagFIN current has 9388 flow
2025-12-08 15:24:24 DEBUG cic.cs.unb.ca.jnetpcap.FlowGenerator    Timeout current has 9400 flow
2025-12-08 15:24:24 DEBUG cic.cs.unb.ca.jnetpcap.FlowGenerator    Timeout current has 9400 flow
2025-12-08 15:24:29 INFO  cic.cs.unb.ca.jnetpcap.FlowGenerator    Forward flow closed due to FIN Flag
2025-12-08 15:24:29 DEBUG cic.cs.unb.ca.jnetpcap.FlowGenerator    FlagFIN current has 9412 flow
2025-12-08 15:24:47 INFO  cic.cs.unb.ca.jnetpcap.FlowGenerator    Forward flow closed due to FIN Flag
2025-12-08 15:24:47 DEBUG cic.cs.unb.ca.jnetpcap.FlowGenerator    FlagFIN current has 9450 flow
2025-12-08 15:24:48 INFO  cic.cs.unb.ca.jnetpcap.FlowGenerator    Forward flow closed due to FIN Flag
2025-12-08 15:24:48 DEBUG cic.cs.unb.ca.jnetpcap.FlowGenerator    FlagFIN current has 9454 flow
2025-12-08 15:25:05 INFO  cic.cs.unb.ca.jnetpcap.FlowGenerator    Forward flow closed due to FIN Flag
2025-12-08 15:25:05 DEBUG cic.cs.unb.ca.jnetpcap.FlowGenerator    FlagFIN current has 9483 flow
2025-12-08 15:25:15 DEBUG cic.cs.unb.ca.jnetpcap.FlowGenerator    Timeout current has 9500 flow
2025-12-08 15:25:15 DEBUG cic.cs.unb.ca.jnetpcap.FlowGenerator    Timeout current has 9500 flow
2025-12-08 15:25:16 DEBUG cic.cs.unb.ca.jnetpcap.FlowGenerator    Timeout current has 9500 flow
2025-12-08 15:25:17 INFO  cic.cs.unb.ca.jnetpcap.FlowGenerator    Forward flow closed due to FIN Flag
2025-12-08 15:25:17 DEBUG cic.cs.unb.ca.jnetpcap.FlowGenerator    FlagFIN current has 9506 flow
2025-12-08 15:25:23 INFO  cic.cs.unb.ca.jnetpcap.FlowGenerator    Forward flow closed due to FIN Flag
2025-12-08 15:25:23 DEBUG cic.cs.unb.ca.jnetpcap.FlowGenerator    FlagFIN current has 9548 flow
2025-12-08 15:25:42 INFO  cic.cs.unb.ca.jnetpcap.FlowGenerator    Forward flow closed due to FIN Flag
2025-12-08 15:25:42 DEBUG cic.cs.unb.ca.jnetpcap.FlowGenerator    FlagFIN current has 9587 flow
2025-12-08 15:25:47 INFO  cic.cs.unb.ca.jnetpcap.FlowGenerator    Forward flow closed due to FIN Flag
2025-12-08 15:25:47 DEBUG cic.cs.unb.ca.jnetpcap.FlowGenerator    FlagFIN current has 9600 flow
2025-12-08 15:25:47 DEBUG cic.cs.unb.ca.jnetpcap.FlowGenerator    Timeout current has 9600 flow
2025-12-08 15:26:00 INFO  cic.cs.unb.ca.jnetpcap.FlowGenerator    Forward flow closed due to FIN Flag
2025-12-08 15:26:00 DEBUG cic.cs.unb.ca.jnetpcap.FlowGenerator    FlagFIN current has 9628 flow
2025-12-08 15:26:18 INFO  cic.cs.unb.ca.jnetpcap.FlowGenerator    Forward flow closed due to FIN Flag
2025-12-08 15:26:18 DEBUG cic.cs.unb.ca.jnetpcap.FlowGenerator    FlagFIN current has 9668 flow
2025-12-08 15:26:18 INFO  cic.cs.unb.ca.jnetpcap.FlowGenerator    Forward flow closed due to FIN Flag
2025-12-08 15:26:18 DEBUG cic.cs.unb.ca.jnetpcap.FlowGenerator    FlagFIN current has 9672 flow
2025-12-08 15:26:23 INFO  cic.cs.unb.ca.jnetpcap.FlowGenerator    Forward flow closed due to FIN Flag
2025-12-08 15:26:24 DEBUG cic.cs.unb.ca.jnetpcap.FlowGenerator    FlagFIN current has 9697 flow
2025-12-08 15:26:36 INFO  cic.cs.unb.ca.jnetpcap.FlowGenerator    Forward flow closed due to FIN Flag
2025-12-08 15:26:36 DEBUG cic.cs.unb.ca.jnetpcap.FlowGenerator    FlagFIN current has 9761 flow
2025-12-08 15:26:43 INFO  cic.cs.unb.ca.jnetpcap.FlowGenerator    Forward flow closed due to FIN Flag
2025-12-08 15:26:43 INFO  cic.cs.unb.ca.jnetpcap.FlowGenerator    Forward flow closed due to FIN Flag
2025-12-08 15:26:43 INFO  cic.cs.unb.ca.jnetpcap.FlowGenerator    Forward flow closed due to FIN Flag
2025-12-08 15:26:43 INFO  cic.cs.unb.ca.jnetpcap.FlowGenerator    Forward flow closed due to FIN Flag
2025-12-08 15:26:43 INFO  cic.cs.unb.ca.jnetpcap.FlowGenerator    Forward flow closed due to FIN Flag
2025-12-08 15:26:43 INFO  cic.cs.unb.ca.jnetpcap.FlowGenerator    Forward flow closed due to FIN Flag
2025-12-08 15:26:43 INFO  cic.cs.unb.ca.jnetpcap.FlowGenerator    Forward flow closed due to FIN Flag
2025-12-08 15:26:43 INFO  cic.cs.unb.ca.jnetpcap.FlowGenerator    Forward flow closed due to FIN Flag
2025-12-08 15:26:43 INFO  cic.cs.unb.ca.jnetpcap.FlowGenerator    Forward flow closed due to FIN Flag
2025-12-08 15:26:43 INFO  cic.cs.unb.ca.jnetpcap.FlowGenerator    Forward flow closed due to FIN Flag
2025-12-08 15:26:43 INFO  cic.cs.unb.ca.jnetpcap.FlowGenerator    Forward flow closed due to FIN Flag
2025-12-08 15:26:43 DEBUG cic.cs.unb.ca.jnetpcap.FlowGenerator    FlagFIN current has 9794 flow
2025-12-08 15:26:43 DEBUG cic.cs.unb.ca.jnetpcap.FlowGenerator    FlagFIN current has 9794 flow
2025-12-08 15:26:43 DEBUG cic.cs.unb.ca.jnetpcap.FlowGenerator    FlagFIN current has 9794 flow
2025-12-08 15:26:43 DEBUG cic.cs.unb.ca.jnetpcap.FlowGenerator    FlagFIN current has 9794 flow
2025-12-08 15:26:43 DEBUG cic.cs.unb.ca.jnetpcap.FlowGenerator    FlagFIN current has 9794 flow
2025-12-08 15:26:43 DEBUG cic.cs.unb.ca.jnetpcap.FlowGenerator    FlagFIN current has 9794 flow
2025-12-08 15:26:43 DEBUG cic.cs.unb.ca.jnetpcap.FlowGenerator    FlagFIN current has 9794 flow
2025-12-08 15:26:43 DEBUG cic.cs.unb.ca.jnetpcap.FlowGenerator    FlagFIN current has 9794 flow
2025-12-08 15:26:43 DEBUG cic.cs.unb.ca.jnetpcap.FlowGenerator    FlagFIN current has 9794 flow
2025-12-08 15:26:43 DEBUG cic.cs.unb.ca.jnetpcap.FlowGenerator    FlagFIN current has 9794 flow
2025-12-08 15:26:43 DEBUG cic.cs.unb.ca.jnetpcap.FlowGenerator    FlagFIN current has 9794 flow
2025-12-08 15:26:44 DEBUG cic.cs.unb.ca.jnetpcap.FlowGenerator    FlagRST current has 9796 flow
2025-12-08 15:26:48 INFO  cic.cs.unb.ca.jnetpcap.FlowGenerator    Forward flow closed due to FIN Flag
2025-12-08 15:26:48 DEBUG cic.cs.unb.ca.jnetpcap.FlowGenerator    FlagFIN current has 9803 flow
2025-12-08 15:26:49 INFO  cic.cs.unb.ca.jnetpcap.FlowGenerator    Forward flow closed due to FIN Flag
2025-12-08 15:26:55 INFO  cic.cs.unb.ca.jnetpcap.FlowGenerator    Forward flow closed due to FIN Flag
2025-12-08 15:26:55 DEBUG cic.cs.unb.ca.jnetpcap.FlowGenerator    FlagFIN current has 9816 flow
2025-12-08 15:27:13 INFO  cic.cs.unb.ca.jnetpcap.FlowGenerator    Forward flow closed due to FIN Flag
2025-12-08 15:27:13 DEBUG cic.cs.unb.ca.jnetpcap.FlowGenerator    FlagFIN current has 9849 flow
2025-12-08 15:27:19 DEBUG cic.cs.unb.ca.jnetpcap.FlowGenerator    FlagFIN current has 9864 flow
2025-12-08 15:27:19 DEBUG cic.cs.unb.ca.jnetpcap.FlowGenerator    FlagFIN current has 9864 flow
2025-12-08 15:27:19 DEBUG cic.cs.unb.ca.jnetpcap.FlowGenerator    FlagFIN current has 9866 flow
2025-12-08 15:27:19 INFO  cic.cs.unb.ca.jnetpcap.FlowGenerator    Forward flow closed due to FIN Flag
2025-12-08 15:27:31 INFO  cic.cs.unb.ca.jnetpcap.FlowGenerator    Forward flow closed due to FIN Flag
2025-12-08 15:27:31 DEBUG cic.cs.unb.ca.jnetpcap.FlowGenerator    FlagFIN current has 9884 flow
2025-12-08 15:27:32 INFO  cic.cs.unb.ca.jnetpcap.FlowGenerator    Forward flow closed due to FIN Flag
2025-12-08 15:27:32 DEBUG cic.cs.unb.ca.jnetpcap.FlowGenerator    FlagFIN current has 9892 flow
2025-12-08 15:27:40 DEBUG cic.cs.unb.ca.jnetpcap.FlowGenerator    FlagRST current has 9921 flow
2025-12-08 15:27:50 INFO  cic.cs.unb.ca.jnetpcap.FlowGenerator    Forward flow closed due to FIN Flag
2025-12-08 15:27:50 DEBUG cic.cs.unb.ca.jnetpcap.FlowGenerator    FlagFIN current has 9935 flow
2025-12-08 15:27:50 INFO  cic.cs.unb.ca.jnetpcap.FlowGenerator    Forward flow closed due to FIN Flag
2025-12-08 15:27:50 DEBUG cic.cs.unb.ca.jnetpcap.FlowGenerator    FlagFIN current has 9939 flow
2025-12-08 15:27:57 DEBUG cic.cs.unb.ca.jnetpcap.FlowGenerator    Timeout current has 9950 flow
2025-12-08 15:27:57 DEBUG cic.cs.unb.ca.jnetpcap.FlowGenerator    Timeout current has 9950 flow
2025-12-08 15:27:58 DEBUG cic.cs.unb.ca.jnetpcap.FlowGenerator    Timeout current has 9950 flow
2025-12-08 15:28:07 INFO  cic.cs.unb.ca.jnetpcap.FlowGenerator    Forward flow closed due to FIN Flag
2025-12-08 15:28:07 DEBUG cic.cs.unb.ca.jnetpcap.FlowGenerator    FlagFIN current has 9969 flow
2025-12-08 15:28:08 DEBUG cic.cs.unb.ca.jnetpcap.FlowGenerator    FlagFIN current has 9972 flow
2025-12-08 15:28:20 INFO  cic.cs.unb.ca.jnetpcap.FlowGenerator    Forward flow closed due to FIN Flag
2025-12-08 15:28:20 DEBUG cic.cs.unb.ca.jnetpcap.FlowGenerator    FlagFIN current has 9997 flow
2025-12-08 15:28:26 INFO  cic.cs.unb.ca.jnetpcap.FlowGenerator    Forward flow closed due to FIN Flag
2025-12-08 15:28:26 DEBUG cic.cs.unb.ca.jnetpcap.FlowGenerator    FlagFIN current has 10006 flow
2025-12-08 15:28:44 INFO  cic.cs.unb.ca.jnetpcap.FlowGenerator    Forward flow closed due to FIN Flag
2025-12-08 15:28:44 DEBUG cic.cs.unb.ca.jnetpcap.FlowGenerator    FlagFIN current has 10044 flow
2025-12-08 15:28:51 INFO  cic.cs.unb.ca.jnetpcap.FlowGenerator    Forward flow closed due to FIN Flag
2025-12-08 15:28:51 DEBUG cic.cs.unb.ca.jnetpcap.FlowGenerator    FlagFIN current has 10051 flow
2025-12-08 15:28:53 INFO  cic.cs.unb.ca.jnetpcap.FlowGenerator    Forward flow closed due to FIN Flag
2025-12-08 15:28:53 DEBUG cic.cs.unb.ca.jnetpcap.FlowGenerator    FlagRST current has 10054 flow
2025-12-08 15:29:02 INFO  cic.cs.unb.ca.jnetpcap.FlowGenerator    Forward flow closed due to FIN Flag
2025-12-08 15:29:02 DEBUG cic.cs.unb.ca.jnetpcap.FlowGenerator    FlagFIN current has 10068 flow
2025-12-08 15:29:20 INFO  cic.cs.unb.ca.jnetpcap.FlowGenerator    Forward flow closed due to FIN Flag
2025-12-08 15:29:20 DEBUG cic.cs.unb.ca.jnetpcap.FlowGenerator    FlagFIN current has 10114 flow
2025-12-08 15:29:21 INFO  cic.cs.unb.ca.jnetpcap.FlowGenerator    Forward flow closed due to FIN Flag
2025-12-08 15:29:21 DEBUG cic.cs.unb.ca.jnetpcap.FlowGenerator    FlagFIN current has 10116 flow
2025-12-08 15:29:39 INFO  cic.cs.unb.ca.jnetpcap.FlowGenerator    Forward flow closed due to FIN Flag
2025-12-08 15:29:39 DEBUG cic.cs.unb.ca.jnetpcap.FlowGenerator    FlagFIN current has 10156 flow
2025-12-08 15:29:52 INFO  cic.cs.unb.ca.jnetpcap.FlowGenerator    Forward flow closed due to FIN Flag
2025-12-08 15:29:52 DEBUG cic.cs.unb.ca.jnetpcap.FlowGenerator    FlagFIN current has 10184 flow
2025-12-08 15:29:57 INFO  cic.cs.unb.ca.jnetpcap.FlowGenerator    Forward flow closed due to FIN Flag
2025-12-08 15:29:57 DEBUG cic.cs.unb.ca.jnetpcap.FlowGenerator    FlagFIN current has 10193 flow
2025-12-08 15:29:58 DEBUG cic.cs.unb.ca.jnetpcap.FlowGenerator    Timeout current has 10200 flow
2025-12-08 15:29:58 DEBUG cic.cs.unb.ca.jnetpcap.FlowGenerator    Timeout current has 10200 flow
2025-12-08 15:29:58 DEBUG cic.cs.unb.ca.jnetpcap.FlowGenerator    Timeout current has 10200 flow
2025-12-08 15:29:58 DEBUG cic.cs.unb.ca.jnetpcap.FlowGenerator    Timeout current has 10200 flow
2025-12-08 15:29:58 DEBUG cic.cs.unb.ca.jnetpcap.FlowGenerator    Timeout current has 10200 flow
2025-12-08 15:29:58 DEBUG cic.cs.unb.ca.jnetpcap.FlowGenerator    Timeout current has 10200 flow
2025-12-08 15:29:58 DEBUG cic.cs.unb.ca.jnetpcap.FlowGenerator    Timeout current has 10200 flow
2025-12-08 15:29:58 DEBUG cic.cs.unb.ca.jnetpcap.FlowGenerator    Timeout current has 10200 flow
2025-12-08 15:29:58 DEBUG cic.cs.unb.ca.jnetpcap.FlowGenerator    Timeout current has 10200 flow
2025-12-08 15:29:58 DEBUG cic.cs.unb.ca.jnetpcap.FlowGenerator    Timeout current has 10200 flow
2025-12-08 15:29:58 DEBUG cic.cs.unb.ca.jnetpcap.FlowGenerator    Timeout current has 10200 flow
2025-12-08 15:29:58 DEBUG cic.cs.unb.ca.jnetpcap.FlowGenerator    Timeout current has 10200 flow
2025-12-08 15:29:58 DEBUG cic.cs.unb.ca.jnetpcap.FlowGenerator    Timeout current has 10200 flow
2025-12-08 15:29:58 DEBUG cic.cs.unb.ca.jnetpcap.FlowGenerator    Timeout current has 10200 flow
2025-12-08 15:29:58 DEBUG cic.cs.unb.ca.jnetpcap.FlowGenerator    Timeout current has 10200 flow
2025-12-08 15:29:58 DEBUG cic.cs.unb.ca.jnetpcap.FlowGenerator    Timeout current has 10200 flow
2025-12-08 15:29:58 DEBUG cic.cs.unb.ca.jnetpcap.FlowGenerator    Timeout current has 10200 flow
2025-12-08 15:29:58 DEBUG cic.cs.unb.ca.jnetpcap.FlowGenerator    Timeout current has 10200 flow
2025-12-08 15:30:15 INFO  cic.cs.unb.ca.jnetpcap.FlowGenerator    Forward flow closed due to FIN Flag
2025-12-08 15:30:15 DEBUG cic.cs.unb.ca.jnetpcap.FlowGenerator    FlagFIN current has 10244 flow
2025-12-08 15:30:21 DEBUG cic.cs.unb.ca.jnetpcap.FlowGenerator    Timeout current has 10250 flow
2025-12-08 15:30:22 INFO  cic.cs.unb.ca.jnetpcap.FlowGenerator    Forward flow closed due to FIN Flag
2025-12-08 15:30:22 DEBUG cic.cs.unb.ca.jnetpcap.FlowGenerator    FlagFIN current has 10254 flow
2025-12-08 15:30:23 INFO  cic.cs.unb.ca.jnetpcap.FlowGenerator    Forward flow closed due to FIN Flag
2025-12-08 15:30:23 DEBUG cic.cs.unb.ca.jnetpcap.FlowGenerator    FlagFIN current has 10258 flow
2025-12-08 15:30:33 INFO  cic.cs.unb.ca.jnetpcap.FlowGenerator    Forward flow closed due to FIN Flag
2025-12-08 15:30:33 DEBUG cic.cs.unb.ca.jnetpcap.FlowGenerator    FlagFIN current has 10278 flow
2025-12-08 15:30:47 DEBUG cic.cs.unb.ca.jnetpcap.FlowGenerator    Timeout current has 10300 flow
2025-12-08 15:30:47 DEBUG cic.cs.unb.ca.jnetpcap.FlowGenerator    Timeout current has 10300 flow
2025-12-08 15:30:47 DEBUG cic.cs.unb.ca.jnetpcap.FlowGenerator    Timeout current has 10300 flow
2025-12-08 15:30:47 DEBUG cic.cs.unb.ca.jnetpcap.FlowGenerator    Timeout current has 10300 flow
2025-12-08 15:30:47 DEBUG cic.cs.unb.ca.jnetpcap.FlowGenerator    Timeout current has 10300 flow
2025-12-08 15:30:48 DEBUG cic.cs.unb.ca.jnetpcap.FlowGenerator    Timeout current has 10300 flow
2025-12-08 15:30:51 INFO  cic.cs.unb.ca.jnetpcap.FlowGenerator    Forward flow closed due to FIN Flag
2025-12-08 15:30:51 DEBUG cic.cs.unb.ca.jnetpcap.FlowGenerator    FlagFIN current has 10307 flow
2025-12-08 15:30:52 INFO  cic.cs.unb.ca.jnetpcap.FlowGenerator    Forward flow closed due to FIN Flag
2025-12-08 15:30:52 DEBUG cic.cs.unb.ca.jnetpcap.FlowGenerator    FlagFIN current has 10311 flow
2025-12-08 15:31:09 INFO  cic.cs.unb.ca.jnetpcap.FlowGenerator    Forward flow closed due to FIN Flag
2025-12-08 15:31:09 DEBUG cic.cs.unb.ca.jnetpcap.FlowGenerator    FlagFIN current has 10340 flow
2025-12-08 15:31:23 INFO  cic.cs.unb.ca.jnetpcap.FlowGenerator    Forward flow closed due to FIN Flag
2025-12-08 15:31:23 DEBUG cic.cs.unb.ca.jnetpcap.FlowGenerator    FlagFIN current has 10368 flow
2025-12-08 15:31:27 INFO  cic.cs.unb.ca.jnetpcap.FlowGenerator    Forward flow closed due to FIN Flag
2025-12-08 15:31:27 DEBUG cic.cs.unb.ca.jnetpcap.FlowGenerator    FlagFIN current has 10379 flow
2025-12-08 15:31:38 INFO  cic.cs.unb.ca.jnetpcap.FlowGenerator    Forward flow closed due to FIN Flag
2025-12-08 15:31:38 DEBUG cic.cs.unb.ca.jnetpcap.FlowGenerator    FlagFIN current has 10398 flow
2025-12-08 15:31:38 DEBUG cic.cs.unb.ca.jnetpcap.FlowGenerator    Timeout current has 10400 flow
2025-12-08 15:31:38 INFO  cic.cs.unb.ca.jnetpcap.FlowGenerator    Forward flow closed due to FIN Flag
2025-12-08 15:31:38 DEBUG cic.cs.unb.ca.jnetpcap.FlowGenerator    FlagFIN current has 10403 flow
2025-12-08 15:31:38 INFO  cic.cs.unb.ca.jnetpcap.FlowGenerator    Forward flow closed due to FIN Flag
2025-12-08 15:31:39 DEBUG cic.cs.unb.ca.jnetpcap.FlowGenerator    FlagFIN current has 10408 flow
2025-12-08 15:31:39 DEBUG cic.cs.unb.ca.jnetpcap.FlowGenerator    FlagFIN current has 10408 flow
2025-12-08 15:31:39 INFO  cic.cs.unb.ca.jnetpcap.FlowGenerator    Forward flow closed due to FIN Flag
2025-12-08 15:31:39 INFO  cic.cs.unb.ca.jnetpcap.FlowGenerator    Forward flow closed due to FIN Flag
2025-12-08 15:31:39 DEBUG cic.cs.unb.ca.jnetpcap.FlowGenerator    FlagFIN current has 10408 flow
2025-12-08 15:31:39 INFO  cic.cs.unb.ca.jnetpcap.FlowGenerator    Forward flow closed due to FIN Flag
2025-12-08 15:31:39 DEBUG cic.cs.unb.ca.jnetpcap.FlowGenerator    FlagFIN current has 10412 flow
2025-12-08 15:31:46 INFO  cic.cs.unb.ca.jnetpcap.FlowGenerator    Forward flow closed due to FIN Flag
2025-12-08 15:31:46 DEBUG cic.cs.unb.ca.jnetpcap.FlowGenerator    FlagFIN current has 10498 flow
2025-12-08 15:31:54 INFO  cic.cs.unb.ca.jnetpcap.FlowGenerator    Forward flow closed due to FIN Flag
2025-12-08 15:31:54 DEBUG cic.cs.unb.ca.jnetpcap.FlowGenerator    FlagFIN current has 10522 flow
2025-12-08 15:31:54 INFO  cic.cs.unb.ca.jnetpcap.FlowGenerator    Forward flow closed due to FIN Flag
2025-12-08 15:31:54 DEBUG cic.cs.unb.ca.jnetpcap.FlowGenerator    FlagFIN current has 10522 flow
2025-12-08 15:31:54 DEBUG cic.cs.unb.ca.jnetpcap.FlowGenerator    FlagRST current has 10522 flow
2025-12-08 15:31:56 INFO  cic.cs.unb.ca.jnetpcap.FlowGenerator    Forward flow closed due to FIN Flag
2025-12-08 15:31:56 DEBUG cic.cs.unb.ca.jnetpcap.FlowGenerator    FlagFIN current has 10528 flow
2025-12-08 15:31:56 DEBUG cic.cs.unb.ca.jnetpcap.FlowGenerator    FlagRST current has 10528 flow
2025-12-08 15:32:04 INFO  cic.cs.unb.ca.jnetpcap.FlowGenerator    Forward flow closed due to FIN Flag
2025-12-08 15:32:04 DEBUG cic.cs.unb.ca.jnetpcap.FlowGenerator    FlagFIN current has 10538 flow
2025-12-08 15:32:16 INFO  cic.cs.unb.ca.jnetpcap.FlowGenerator    Forward flow closed due to FIN Flag
2025-12-08 15:32:16 DEBUG cic.cs.unb.ca.jnetpcap.FlowGenerator    FlagFIN current has 10545 flow
2025-12-08 15:32:23 INFO  cic.cs.unb.ca.jnetpcap.FlowGenerator    Forward flow closed due to FIN Flag
2025-12-08 15:32:23 DEBUG cic.cs.unb.ca.jnetpcap.FlowGenerator    FlagFIN current has 10558 flow
2025-12-08 15:32:33 INFO  cic.cs.unb.ca.jnetpcap.FlowGenerator    Forward flow closed due to FIN Flag
2025-12-08 15:32:33 DEBUG cic.cs.unb.ca.jnetpcap.FlowGenerator    FlagFIN current has 10573 flow
2025-12-08 15:32:41 DEBUG cic.cs.unb.ca.jnetpcap.FlowGenerator    Timeout current has 10600 flow
2025-12-08 15:32:41 INFO  cic.cs.unb.ca.jnetpcap.FlowGenerator    Forward flow closed due to FIN Flag
2025-12-08 15:32:41 DEBUG cic.cs.unb.ca.jnetpcap.FlowGenerator    FlagFIN current has 10601 flow
2025-12-08 15:32:45 INFO  cic.cs.unb.ca.jnetpcap.FlowGenerator    Forward flow closed due to FIN Flag
2025-12-08 15:32:45 DEBUG cic.cs.unb.ca.jnetpcap.FlowGenerator    FlagFIN current has 10608 flow
2025-12-08 15:32:54 INFO  cic.cs.unb.ca.jnetpcap.FlowGenerator    Forward flow closed due to FIN Flag
2025-12-08 15:32:54 DEBUG cic.cs.unb.ca.jnetpcap.FlowGenerator    FlagFIN current has 10632 flow
2025-12-08 15:32:56 INFO  cic.cs.unb.ca.jnetpcap.FlowGenerator    Forward flow closed due to FIN Flag
2025-12-08 15:32:56 DEBUG cic.cs.unb.ca.jnetpcap.FlowGenerator    FlagFIN current has 10634 flow
2025-12-08 15:32:56 DEBUG cic.cs.unb.ca.jnetpcap.FlowGenerator    FlagRST current has 10634 flow
2025-12-08 15:32:58 INFO  cic.cs.unb.ca.jnetpcap.FlowGenerator    Forward flow closed due to FIN Flag
2025-12-08 15:32:58 DEBUG cic.cs.unb.ca.jnetpcap.FlowGenerator    FlagFIN current has 10636 flow
2025-12-08 15:33:14 DEBUG cic.cs.unb.ca.jnetpcap.FlowGenerator    Timeout current has 10650 flow
2025-12-08 15:33:15 INFO  cic.cs.unb.ca.jnetpcap.FlowGenerator    Forward flow closed due to FIN Flag
2025-12-08 15:33:15 DEBUG cic.cs.unb.ca.jnetpcap.FlowGenerator    FlagFIN current has 10666 flow
2025-12-08 15:33:17 INFO  cic.cs.unb.ca.jnetpcap.FlowGenerator    Forward flow closed due to FIN Flag
2025-12-08 15:33:17 DEBUG cic.cs.unb.ca.jnetpcap.FlowGenerator    FlagFIN current has 10670 flow
2025-12-08 15:33:35 INFO  cic.cs.unb.ca.jnetpcap.FlowGenerator    Forward flow closed due to FIN Flag
2025-12-08 15:33:35 DEBUG cic.cs.unb.ca.jnetpcap.FlowGenerator    FlagFIN current has 10748 flow
2025-12-08 15:33:35 DEBUG cic.cs.unb.ca.jnetpcap.FlowGenerator    Timeout current has 10750 flow
2025-12-08 15:33:35 DEBUG cic.cs.unb.ca.jnetpcap.FlowGenerator    Timeout current has 10750 flow
2025-12-08 15:33:36 INFO  cic.cs.unb.ca.jnetpcap.FlowGenerator    Forward flow closed due to FIN Flag
2025-12-08 15:33:36 INFO  cic.cs.unb.ca.jnetpcap.FlowGenerator    Forward flow closed due to FIN Flag
2025-12-08 15:33:36 DEBUG cic.cs.unb.ca.jnetpcap.FlowGenerator    FlagFIN current has 10770 flow
2025-12-08 15:33:36 DEBUG cic.cs.unb.ca.jnetpcap.FlowGenerator    FlagFIN current has 10770 flow
2025-12-08 15:33:36 INFO  cic.cs.unb.ca.jnetpcap.FlowGenerator    Forward flow closed due to FIN Flag
2025-12-08 15:33:36 WARN  cic.cs.unb.ca.jnetpcap.FlowGenerator    Forward flow received 2 FIN packets
2025-12-08 15:33:36 WARN  cic.cs.unb.ca.jnetpcap.FlowGenerator    Forward flow received 3 FIN packets
2025-12-08 15:33:36 DEBUG cic.cs.unb.ca.jnetpcap.FlowGenerator    FlagFIN current has 10784 flow
2025-12-08 15:33:36 INFO  cic.cs.unb.ca.jnetpcap.FlowGenerator    Forward flow closed due to FIN Flag
2025-12-08 15:33:36 INFO  cic.cs.unb.ca.jnetpcap.FlowGenerator    Forward flow closed due to FIN Flag
2025-12-08 15:33:36 DEBUG cic.cs.unb.ca.jnetpcap.FlowGenerator    FlagRST current has 10784 flow
2025-12-08 15:33:37 WARN  cic.cs.unb.ca.jnetpcap.FlowGenerator    Forward flow received 4 FIN packets
2025-12-08 15:33:38 WARN  cic.cs.unb.ca.jnetpcap.FlowGenerator    Forward flow received 5 FIN packets
2025-12-08 15:33:41 WARN  cic.cs.unb.ca.jnetpcap.FlowGenerator    Forward flow received 6 FIN packets
2025-12-08 15:33:44 INFO  cic.cs.unb.ca.jnetpcap.FlowGenerator    Forward flow closed due to FIN Flag
2025-12-08 15:33:44 DEBUG cic.cs.unb.ca.jnetpcap.FlowGenerator    FlagFIN current has 10802 flow
2025-12-08 15:33:45 WARN  cic.cs.unb.ca.jnetpcap.FlowGenerator    Forward flow received 7 FIN packets
2025-12-08 15:33:46 DEBUG cic.cs.unb.ca.jnetpcap.FlowGenerator    FlagFIN current has 10804 flow
2025-12-08 15:33:46 DEBUG cic.cs.unb.ca.jnetpcap.FlowGenerator    FlagFIN current has 10804 flow
2025-12-08 15:33:46 DEBUG cic.cs.unb.ca.jnetpcap.FlowGenerator    FlagFIN current has 10804 flow
2025-12-08 15:33:46 INFO  cic.cs.unb.ca.jnetpcap.FlowGenerator    Forward flow closed due to FIN Flag
2025-12-08 15:33:48 WARN  cic.cs.unb.ca.jnetpcap.FlowGenerator    Forward flow received 2 FIN packets
2025-12-08 15:33:53 INFO  cic.cs.unb.ca.jnetpcap.FlowGenerator    Forward flow closed due to FIN Flag
2025-12-08 15:33:53 DEBUG cic.cs.unb.ca.jnetpcap.FlowGenerator    FlagFIN current has 10819 flow
2025-12-08 15:33:55 DEBUG cic.cs.unb.ca.jnetpcap.FlowGenerator    FlagRST current has 10824 flow
2025-12-08 15:34:11 INFO  cic.cs.unb.ca.jnetpcap.FlowGenerator    Forward flow closed due to FIN Flag
2025-12-08 15:34:11 DEBUG cic.cs.unb.ca.jnetpcap.FlowGenerator    FlagFIN current has 10843 flow
2025-12-08 15:34:17 DEBUG cic.cs.unb.ca.jnetpcap.FlowGenerator    FlagFIN current has 10856 flow
2025-12-08 15:34:17 DEBUG cic.cs.unb.ca.jnetpcap.FlowGenerator    FlagFIN current has 10856 flow
2025-12-08 15:34:17 DEBUG cic.cs.unb.ca.jnetpcap.FlowGenerator    FlagFIN current has 10856 flow
2025-12-08 15:34:17 INFO  cic.cs.unb.ca.jnetpcap.FlowGenerator    Forward flow closed due to FIN Flag
2025-12-08 15:34:29 INFO  cic.cs.unb.ca.jnetpcap.FlowGenerator    Forward flow closed due to FIN Flag
2025-12-08 15:34:29 DEBUG cic.cs.unb.ca.jnetpcap.FlowGenerator    FlagFIN current has 10875 flow
2025-12-08 15:34:44 INFO  cic.cs.unb.ca.jnetpcap.FlowGenerator    Forward flow closed due to FIN Flag
2025-12-08 15:34:44 DEBUG cic.cs.unb.ca.jnetpcap.FlowGenerator    FlagFIN current has 10896 flow
2025-12-08 15:34:45 INFO  cic.cs.unb.ca.jnetpcap.FlowGenerator    Forward flow closed due to FIN Flag
2025-12-08 15:34:45 DEBUG cic.cs.unb.ca.jnetpcap.FlowGenerator    FlagFIN current has 10909 flow
2025-12-08 15:34:46 INFO  cic.cs.unb.ca.jnetpcap.FlowGenerator    Forward flow closed due to FIN Flag
2025-12-08 15:34:46 DEBUG cic.cs.unb.ca.jnetpcap.FlowGenerator    FlagRST current has 10911 flow
2025-12-08 15:34:46 INFO  cic.cs.unb.ca.jnetpcap.FlowGenerator    Forward flow closed due to FIN Flag
2025-12-08 15:34:47 INFO  cic.cs.unb.ca.jnetpcap.FlowGenerator    Forward flow closed due to FIN Flag
2025-12-08 15:34:47 DEBUG cic.cs.unb.ca.jnetpcap.FlowGenerator    FlagFIN current has 10913 flow
2025-12-08 15:34:48 INFO  cic.cs.unb.ca.jnetpcap.FlowGenerator    Forward flow closed due to FIN Flag
2025-12-08 15:34:48 DEBUG cic.cs.unb.ca.jnetpcap.FlowGenerator    FlagFIN current has 10917 flow
2025-12-08 15:34:58 DEBUG cic.cs.unb.ca.jnetpcap.FlowGenerator    FlagFIN current has 10933 flow
2025-12-08 15:35:06 INFO  cic.cs.unb.ca.jnetpcap.FlowGenerator    Forward flow closed due to FIN Flag
2025-12-08 15:35:06 DEBUG cic.cs.unb.ca.jnetpcap.FlowGenerator    FlagFIN current has 10947 flow
2025-12-08 15:35:06 INFO  cic.cs.unb.ca.jnetpcap.FlowGenerator    Forward flow closed due to FIN Flag
2025-12-08 15:35:06 DEBUG cic.cs.unb.ca.jnetpcap.FlowGenerator    FlagFIN current has 10952 flow
2025-12-08 15:35:06 INFO  cic.cs.unb.ca.jnetpcap.FlowGenerator    Forward flow closed due to FIN Flag
2025-12-08 15:35:06 DEBUG cic.cs.unb.ca.jnetpcap.FlowGenerator    FlagRST current has 10952 flow
2025-12-08 15:35:06 INFO  cic.cs.unb.ca.jnetpcap.FlowGenerator    Forward flow closed due to FIN Flag
2025-12-08 15:35:17 DEBUG cic.cs.unb.ca.jnetpcap.FlowGenerator    FlagFIN current has 10962 flow
2025-12-08 15:35:18 INFO  cic.cs.unb.ca.jnetpcap.FlowGenerator    Forward flow closed due to FIN Flag
2025-12-08 15:35:18 DEBUG cic.cs.unb.ca.jnetpcap.FlowGenerator    FlagFIN current has 10965 flow
2025-12-08 15:35:18 INFO  cic.cs.unb.ca.jnetpcap.FlowGenerator    Forward flow closed due to FIN Flag
2025-12-08 15:35:24 INFO  cic.cs.unb.ca.jnetpcap.FlowGenerator    Forward flow closed due to FIN Flag
2025-12-08 15:35:24 DEBUG cic.cs.unb.ca.jnetpcap.FlowGenerator    FlagFIN current has 10978 flow
2025-12-08 15:35:38 DEBUG cic.cs.unb.ca.jnetpcap.FlowGenerator    Timeout current has 11000 flow
2025-12-08 15:35:42 INFO  cic.cs.unb.ca.jnetpcap.FlowGenerator    Forward flow closed due to FIN Flag
2025-12-08 15:35:42 DEBUG cic.cs.unb.ca.jnetpcap.FlowGenerator    FlagFIN current has 11009 flow
2025-12-08 15:35:49 INFO  cic.cs.unb.ca.jnetpcap.FlowGenerator    Forward flow closed due to FIN Flag
2025-12-08 15:35:49 DEBUG cic.cs.unb.ca.jnetpcap.FlowGenerator    FlagFIN current has 11021 flow
2025-12-08 15:36:00 INFO  cic.cs.unb.ca.jnetpcap.FlowGenerator    Forward flow closed due to FIN Flag
2025-12-08 15:36:00 DEBUG cic.cs.unb.ca.jnetpcap.FlowGenerator    FlagFIN current has 11042 flow
2025-12-08 15:36:18 INFO  cic.cs.unb.ca.jnetpcap.FlowGenerator    Forward flow closed due to FIN Flag
2025-12-08 15:36:18 DEBUG cic.cs.unb.ca.jnetpcap.FlowGenerator    FlagFIN current has 11066 flow
2025-12-08 15:36:19 INFO  cic.cs.unb.ca.jnetpcap.FlowGenerator    Forward flow closed due to FIN Flag
2025-12-08 15:36:19 DEBUG cic.cs.unb.ca.jnetpcap.FlowGenerator    FlagFIN current has 11068 flow
2025-12-08 15:36:37 INFO  cic.cs.unb.ca.jnetpcap.FlowGenerator    Forward flow closed due to FIN Flag
2025-12-08 15:36:37 DEBUG cic.cs.unb.ca.jnetpcap.FlowGenerator    FlagFIN current has 11102 flow
2025-12-08 15:36:43 INFO  cic.cs.unb.ca.jnetpcap.FlowGenerator    Forward flow closed due to FIN Flag
2025-12-08 15:36:43 INFO  cic.cs.unb.ca.jnetpcap.FlowGenerator    Forward flow closed due to FIN Flag
2025-12-08 15:36:43 INFO  cic.cs.unb.ca.jnetpcap.FlowGenerator    Forward flow closed due to FIN Flag
2025-12-08 15:36:43 INFO  cic.cs.unb.ca.jnetpcap.FlowGenerator    Forward flow closed due to FIN Flag
2025-12-08 15:36:43 INFO  cic.cs.unb.ca.jnetpcap.FlowGenerator    Forward flow closed due to FIN Flag
2025-12-08 15:36:43 INFO  cic.cs.unb.ca.jnetpcap.FlowGenerator    Forward flow closed due to FIN Flag
2025-12-08 15:36:43 INFO  cic.cs.unb.ca.jnetpcap.FlowGenerator    Forward flow closed due to FIN Flag
2025-12-08 15:36:43 INFO  cic.cs.unb.ca.jnetpcap.FlowGenerator    Forward flow closed due to FIN Flag
2025-12-08 15:36:43 INFO  cic.cs.unb.ca.jnetpcap.FlowGenerator    Forward flow closed due to FIN Flag
2025-12-08 15:36:43 INFO  cic.cs.unb.ca.jnetpcap.FlowGenerator    Forward flow closed due to FIN Flag
2025-12-08 15:36:43 INFO  cic.cs.unb.ca.jnetpcap.FlowGenerator    Forward flow closed due to FIN Flag
2025-12-08 15:36:43 DEBUG cic.cs.unb.ca.jnetpcap.FlowGenerator    FlagFIN current has 11139 flow
2025-12-08 15:36:43 DEBUG cic.cs.unb.ca.jnetpcap.FlowGenerator    FlagFIN current has 11139 flow
2025-12-08 15:36:43 DEBUG cic.cs.unb.ca.jnetpcap.FlowGenerator    FlagFIN current has 11138 flow
2025-12-08 15:36:43 DEBUG cic.cs.unb.ca.jnetpcap.FlowGenerator    FlagFIN current has 11139 flow
2025-12-08 15:36:43 DEBUG cic.cs.unb.ca.jnetpcap.FlowGenerator    FlagFIN current has 11139 flow
2025-12-08 15:36:43 DEBUG cic.cs.unb.ca.jnetpcap.FlowGenerator    FlagFIN current has 11139 flow
2025-12-08 15:36:43 DEBUG cic.cs.unb.ca.jnetpcap.FlowGenerator    FlagFIN current has 11139 flow
2025-12-08 15:36:43 DEBUG cic.cs.unb.ca.jnetpcap.FlowGenerator    FlagFIN current has 11138 flow
2025-12-08 15:36:43 DEBUG cic.cs.unb.ca.jnetpcap.FlowGenerator    FlagFIN current has 11139 flow
2025-12-08 15:36:43 DEBUG cic.cs.unb.ca.jnetpcap.FlowGenerator    FlagFIN current has 11138 flow
2025-12-08 15:36:43 DEBUG cic.cs.unb.ca.jnetpcap.FlowGenerator    FlagFIN current has 11139 flow
2025-12-08 15:36:45 DEBUG cic.cs.unb.ca.jnetpcap.FlowGenerator    FlagRST current has 11141 flow
2025-12-08 15:36:50 INFO  cic.cs.unb.ca.jnetpcap.FlowGenerator    Forward flow closed due to FIN Flag
2025-12-08 15:36:50 DEBUG cic.cs.unb.ca.jnetpcap.FlowGenerator    FlagFIN current has 11150 flow
2025-12-08 15:36:50 DEBUG cic.cs.unb.ca.jnetpcap.FlowGenerator    FlagFIN current has 11150 flow
2025-12-08 15:36:50 DEBUG cic.cs.unb.ca.jnetpcap.FlowGenerator    Timeout current has 11150 flow
2025-12-08 15:36:51 DEBUG cic.cs.unb.ca.jnetpcap.FlowGenerator    Timeout current has 11150 flow
2025-12-08 15:36:55 INFO  cic.cs.unb.ca.jnetpcap.FlowGenerator    Forward flow closed due to FIN Flag
2025-12-08 15:36:55 DEBUG cic.cs.unb.ca.jnetpcap.FlowGenerator    FlagFIN current has 11154 flow
2025-12-08 15:37:13 INFO  cic.cs.unb.ca.jnetpcap.FlowGenerator    Forward flow closed due to FIN Flag
2025-12-08 15:37:13 DEBUG cic.cs.unb.ca.jnetpcap.FlowGenerator    FlagFIN current has 11176 flow
2025-12-08 15:37:20 INFO  cic.cs.unb.ca.jnetpcap.FlowGenerator    Forward flow closed due to FIN Flag
2025-12-08 15:37:21 DEBUG cic.cs.unb.ca.jnetpcap.FlowGenerator    FlagFIN current has 11190 flow
2025-12-08 15:37:28 DEBUG cic.cs.unb.ca.jnetpcap.FlowGenerator    Timeout current has 11200 flow
2025-12-08 15:37:29 DEBUG cic.cs.unb.ca.jnetpcap.FlowGenerator    Timeout current has 11200 flow
2025-12-08 15:37:29 DEBUG cic.cs.unb.ca.jnetpcap.FlowGenerator    Timeout current has 11200 flow
2025-12-08 15:37:31 INFO  cic.cs.unb.ca.jnetpcap.FlowGenerator    Forward flow closed due to FIN Flag
2025-12-08 15:37:31 DEBUG cic.cs.unb.ca.jnetpcap.FlowGenerator    FlagFIN current has 11205 flow
2025-12-08 15:37:33 INFO  cic.cs.unb.ca.jnetpcap.FlowGenerator    Forward flow closed due to FIN Flag
2025-12-08 15:37:33 DEBUG cic.cs.unb.ca.jnetpcap.FlowGenerator    FlagFIN current has 11210 flow
2025-12-08 15:37:40 DEBUG cic.cs.unb.ca.jnetpcap.FlowGenerator    FlagRST current has 11237 flow
2025-12-08 15:37:49 INFO  cic.cs.unb.ca.jnetpcap.FlowGenerator    Forward flow closed due to FIN Flag
2025-12-08 15:37:49 DEBUG cic.cs.unb.ca.jnetpcap.FlowGenerator    FlagFIN current has 11244 flow
2025-12-08 15:38:07 INFO  cic.cs.unb.ca.jnetpcap.FlowGenerator    Forward flow closed due to FIN Flag
2025-12-08 15:38:07 DEBUG cic.cs.unb.ca.jnetpcap.FlowGenerator    FlagFIN current has 11277 flow
2025-12-08 15:38:12 INFO  cic.cs.unb.ca.jnetpcap.FlowGenerator    Forward flow closed due to FIN Flag
2025-12-08 15:38:12 DEBUG cic.cs.unb.ca.jnetpcap.FlowGenerator    FlagFIN current has 11284 flow
2025-12-08 15:38:26 INFO  cic.cs.unb.ca.jnetpcap.FlowGenerator    Forward flow closed due to FIN Flag
2025-12-08 15:38:26 DEBUG cic.cs.unb.ca.jnetpcap.FlowGenerator    FlagFIN current has 11297 flow
2025-12-08 15:38:39 DEBUG cic.cs.unb.ca.jnetpcap.FlowGenerator    FlagFIN current has 11329 flow
2025-12-08 15:38:43 INFO  cic.cs.unb.ca.jnetpcap.FlowGenerator    Forward flow closed due to FIN Flag
2025-12-08 15:38:43 DEBUG cic.cs.unb.ca.jnetpcap.FlowGenerator    FlagFIN current has 11343 flow
2025-12-08 15:38:43 INFO  cic.cs.unb.ca.jnetpcap.FlowGenerator    Forward flow closed due to FIN Flag
2025-12-08 15:38:43 DEBUG cic.cs.unb.ca.jnetpcap.FlowGenerator    FlagFIN current has 11345 flow
2025-12-08 15:38:53 DEBUG cic.cs.unb.ca.jnetpcap.FlowGenerator    Timeout current has 11350 flow
2025-12-08 15:39:01 INFO  cic.cs.unb.ca.jnetpcap.FlowGenerator    Forward flow closed due to FIN Flag
2025-12-08 15:39:01 DEBUG cic.cs.unb.ca.jnetpcap.FlowGenerator    FlagFIN current has 11361 flow
2025-12-08 15:39:14 INFO  cic.cs.unb.ca.jnetpcap.FlowGenerator    Forward flow closed due to FIN Flag
2025-12-08 15:39:14 DEBUG cic.cs.unb.ca.jnetpcap.FlowGenerator    FlagFIN current has 11388 flow
2025-12-08 15:39:20 INFO  cic.cs.unb.ca.jnetpcap.FlowGenerator    Forward flow closed due to FIN Flag
2025-12-08 15:39:20 DEBUG cic.cs.unb.ca.jnetpcap.FlowGenerator    FlagFIN current has 11396 flow
2025-12-08 15:39:24 INFO  cic.cs.unb.ca.jnetpcap.FlowGenerator    Forward flow closed due to FIN Flag
2025-12-08 15:39:24 DEBUG cic.cs.unb.ca.jnetpcap.FlowGenerator    FlagRST current has 11405 flow
2025-12-08 15:39:36 INFO  cic.cs.unb.ca.jnetpcap.FlowGenerator    Forward flow closed due to FIN Flag
2025-12-08 15:39:36 INFO  cic.cs.unb.ca.jnetpcap.FlowGenerator    Forward flow closed due to FIN Flag
2025-12-08 15:39:37 DEBUG cic.cs.unb.ca.jnetpcap.FlowGenerator    FlagFIN current has 11428 flow
2025-12-08 15:39:37 DEBUG cic.cs.unb.ca.jnetpcap.FlowGenerator    FlagFIN current has 11429 flow
2025-12-08 15:39:38 INFO  cic.cs.unb.ca.jnetpcap.FlowGenerator    Forward flow closed due to FIN Flag
2025-12-08 15:39:38 DEBUG cic.cs.unb.ca.jnetpcap.FlowGenerator    FlagFIN current has 11447 flow
2025-12-08 15:39:44 INFO  cic.cs.unb.ca.jnetpcap.FlowGenerator    Forward flow closed due to FIN Flag
2025-12-08 15:39:44 DEBUG cic.cs.unb.ca.jnetpcap.FlowGenerator    FlagFIN current has 11465 flow
2025-12-08 15:39:56 INFO  cic.cs.unb.ca.jnetpcap.FlowGenerator    Forward flow closed due to FIN Flag
2025-12-08 15:39:56 DEBUG cic.cs.unb.ca.jnetpcap.FlowGenerator    FlagFIN current has 11477 flow
2025-12-08 15:40:14 INFO  cic.cs.unb.ca.jnetpcap.FlowGenerator    Forward flow closed due to FIN Flag
2025-12-08 15:40:14 DEBUG cic.cs.unb.ca.jnetpcap.FlowGenerator    FlagFIN current has 11514 flow
2025-12-08 15:40:14 INFO  cic.cs.unb.ca.jnetpcap.FlowGenerator    Forward flow closed due to FIN Flag
2025-12-08 15:40:14 DEBUG cic.cs.unb.ca.jnetpcap.FlowGenerator    FlagFIN current has 11514 flow
2025-12-08 15:40:32 INFO  cic.cs.unb.ca.jnetpcap.FlowGenerator    Forward flow closed due to FIN Flag
2025-12-08 15:40:32 DEBUG cic.cs.unb.ca.jnetpcap.FlowGenerator    FlagFIN current has 11561 flow
2025-12-08 15:40:45 INFO  cic.cs.unb.ca.jnetpcap.FlowGenerator    Forward flow closed due to FIN Flag
2025-12-08 15:40:45 DEBUG cic.cs.unb.ca.jnetpcap.FlowGenerator    FlagFIN current has 11586 flow
2025-12-08 15:40:51 INFO  cic.cs.unb.ca.jnetpcap.FlowGenerator    Forward flow closed due to FIN Flag
2025-12-08 15:40:51 DEBUG cic.cs.unb.ca.jnetpcap.FlowGenerator    FlagFIN current has 11597 flow
2025-12-08 15:41:09 INFO  cic.cs.unb.ca.jnetpcap.FlowGenerator    Forward flow closed due to FIN Flag
2025-12-08 15:41:09 DEBUG cic.cs.unb.ca.jnetpcap.FlowGenerator    FlagFIN current has 11615 flow
2025-12-08 15:41:15 INFO  cic.cs.unb.ca.jnetpcap.FlowGenerator    Forward flow closed due to FIN Flag
2025-12-08 15:41:15 DEBUG cic.cs.unb.ca.jnetpcap.FlowGenerator    FlagFIN current has 11629 flow
2025-12-08 15:41:27 INFO  cic.cs.unb.ca.jnetpcap.FlowGenerator    Forward flow closed due to FIN Flag
2025-12-08 15:41:27 DEBUG cic.cs.unb.ca.jnetpcap.FlowGenerator    FlagFIN current has 11652 flow
2025-12-08 15:41:45 INFO  cic.cs.unb.ca.jnetpcap.FlowGenerator    Forward flow closed due to FIN Flag
2025-12-08 15:41:45 DEBUG cic.cs.unb.ca.jnetpcap.FlowGenerator    FlagFIN current has 11678 flow
2025-12-08 15:41:45 INFO  cic.cs.unb.ca.jnetpcap.FlowGenerator    Forward flow closed due to FIN Flag
2025-12-08 15:41:45 DEBUG cic.cs.unb.ca.jnetpcap.FlowGenerator    FlagFIN current has 11680 flow
2025-12-08 15:42:04 INFO  cic.cs.unb.ca.jnetpcap.FlowGenerator    Forward flow closed due to FIN Flag
2025-12-08 15:42:04 DEBUG cic.cs.unb.ca.jnetpcap.FlowGenerator    FlagFIN current has 11705 flow
2025-12-08 15:42:16 INFO  cic.cs.unb.ca.jnetpcap.FlowGenerator    Forward flow closed due to FIN Flag
2025-12-08 15:42:16 DEBUG cic.cs.unb.ca.jnetpcap.FlowGenerator    FlagFIN current has 11718 flow
2025-12-08 15:42:21 INFO  cic.cs.unb.ca.jnetpcap.FlowGenerator    Forward flow closed due to FIN Flag
2025-12-08 15:42:21 DEBUG cic.cs.unb.ca.jnetpcap.FlowGenerator    FlagFIN current has 11732 flow
2025-12-08 15:42:31 DEBUG cic.cs.unb.ca.jnetpcap.FlowGenerator    Timeout current has 11750 flow
2025-12-08 15:42:39 INFO  cic.cs.unb.ca.jnetpcap.FlowGenerator    Forward flow closed due to FIN Flag
2025-12-08 15:42:39 DEBUG cic.cs.unb.ca.jnetpcap.FlowGenerator    FlagFIN current has 11763 flow
2025-12-08 15:42:46 INFO  cic.cs.unb.ca.jnetpcap.FlowGenerator    Forward flow closed due to FIN Flag
2025-12-08 15:42:46 DEBUG cic.cs.unb.ca.jnetpcap.FlowGenerator    FlagFIN current has 11773 flow
2025-12-08 15:42:58 INFO  cic.cs.unb.ca.jnetpcap.FlowGenerator    Forward flow closed due to FIN Flag
2025-12-08 15:42:58 DEBUG cic.cs.unb.ca.jnetpcap.FlowGenerator    FlagFIN current has 11791 flow
2025-12-08 15:43:01 INFO  cic.cs.unb.ca.jnetpcap.FlowGenerator    Forward flow closed due to FIN Flag
2025-12-08 15:43:01 DEBUG cic.cs.unb.ca.jnetpcap.FlowGenerator    FlagFIN current has 11794 flow
2025-12-08 15:43:16 INFO  cic.cs.unb.ca.jnetpcap.FlowGenerator    Forward flow closed due to FIN Flag
2025-12-08 15:43:16 DEBUG cic.cs.unb.ca.jnetpcap.FlowGenerator    FlagFIN current has 11812 flow
2025-12-08 15:43:18 INFO  cic.cs.unb.ca.jnetpcap.FlowGenerator    Forward flow closed due to FIN Flag
2025-12-08 15:43:18 DEBUG cic.cs.unb.ca.jnetpcap.FlowGenerator    FlagFIN current has 11815 flow
2025-12-08 15:43:29 INFO  cic.cs.unb.ca.jnetpcap.FlowGenerator    Forward flow closed due to FIN Flag
2025-12-08 15:43:29 DEBUG cic.cs.unb.ca.jnetpcap.FlowGenerator    Timeout current has 11850 flow
2025-12-08 15:43:29 DEBUG cic.cs.unb.ca.jnetpcap.FlowGenerator    FlagRST current has 11850 flow
2025-12-08 15:43:29 DEBUG cic.cs.unb.ca.jnetpcap.FlowGenerator    FlagFIN current has 11849 flow
2025-12-08 15:43:30 DEBUG cic.cs.unb.ca.jnetpcap.FlowGenerator    Timeout current has 11850 flow
2025-12-08 15:43:34 INFO  cic.cs.unb.ca.jnetpcap.FlowGenerator    Forward flow closed due to FIN Flag
2025-12-08 15:43:34 DEBUG cic.cs.unb.ca.jnetpcap.FlowGenerator    FlagFIN current has 11858 flow
2025-12-08 15:43:49 INFO  cic.cs.unb.ca.jnetpcap.FlowGenerator    Forward flow closed due to FIN Flag
2025-12-08 15:43:49 DEBUG cic.cs.unb.ca.jnetpcap.FlowGenerator    FlagFIN current has 11871 flow
2025-12-08 15:43:49 INFO  cic.cs.unb.ca.jnetpcap.FlowGenerator    Forward flow closed due to FIN Flag
2025-12-08 15:43:52 INFO  cic.cs.unb.ca.jnetpcap.FlowGenerator    Forward flow closed due to FIN Flag
2025-12-08 15:43:52 DEBUG cic.cs.unb.ca.jnetpcap.FlowGenerator    FlagFIN current has 11878 flow
2025-12-08 15:44:00 INFO  cic.cs.unb.ca.jnetpcap.FlowGenerator    Forward flow closed due to FIN Flag
2025-12-08 15:44:00 DEBUG cic.cs.unb.ca.jnetpcap.FlowGenerator    FlagFIN current has 11895 flow
2025-12-08 15:44:00 INFO  cic.cs.unb.ca.jnetpcap.FlowGenerator    Forward flow closed due to FIN Flag
2025-12-08 15:44:00 DEBUG cic.cs.unb.ca.jnetpcap.FlowGenerator    FlagFIN current has 11899 flow
2025-12-08 15:44:00 DEBUG cic.cs.unb.ca.jnetpcap.FlowGenerator    Timeout current has 11900 flow
2025-12-08 15:44:00 DEBUG cic.cs.unb.ca.jnetpcap.FlowGenerator    FlagFIN current has 11903 flow
2025-12-08 15:44:00 INFO  cic.cs.unb.ca.jnetpcap.FlowGenerator    Forward flow closed due to FIN Flag
2025-12-08 15:44:00 INFO  cic.cs.unb.ca.jnetpcap.FlowGenerator    Forward flow closed due to FIN Flag
2025-12-08 15:44:01 INFO  cic.cs.unb.ca.jnetpcap.FlowGenerator    Forward flow closed due to FIN Flag
2025-12-08 15:44:01 DEBUG cic.cs.unb.ca.jnetpcap.FlowGenerator    FlagFIN current has 11903 flow
2025-12-08 15:44:12 INFO  cic.cs.unb.ca.jnetpcap.FlowGenerator    Forward flow closed due to FIN Flag
2025-12-08 15:44:12 DEBUG cic.cs.unb.ca.jnetpcap.FlowGenerator    FlagFIN current has 12001 flow
2025-12-08 15:44:21 INFO  cic.cs.unb.ca.jnetpcap.FlowGenerator    Forward flow closed due to FIN Flag
2025-12-08 15:44:21 DEBUG cic.cs.unb.ca.jnetpcap.FlowGenerator    FlagFIN current has 12012 flow
2025-12-08 15:44:29 INFO  cic.cs.unb.ca.jnetpcap.FlowGenerator    Forward flow closed due to FIN Flag
2025-12-08 15:44:29 DEBUG cic.cs.unb.ca.jnetpcap.FlowGenerator    FlagFIN current has 12031 flow
2025-12-08 15:44:41 DEBUG cic.cs.unb.ca.jnetpcap.FlowGenerator    Timeout current has 12050 flow
2025-12-08 15:44:41 DEBUG cic.cs.unb.ca.jnetpcap.FlowGenerator    Timeout current has 12050 flow
2025-12-08 15:44:46 INFO  cic.cs.unb.ca.jnetpcap.FlowGenerator    Forward flow closed due to FIN Flag
2025-12-08 15:44:46 DEBUG cic.cs.unb.ca.jnetpcap.FlowGenerator    FlagFIN current has 12057 flow
2025-12-08 15:44:50 INFO  cic.cs.unb.ca.jnetpcap.FlowGenerator    Forward flow closed due to FIN Flag
2025-12-08 15:44:50 DEBUG cic.cs.unb.ca.jnetpcap.FlowGenerator    FlagFIN current has 12062 flow
2025-12-08 15:45:02 INFO  cic.cs.unb.ca.jnetpcap.FlowGenerator    Forward flow closed due to FIN Flag
2025-12-08 15:45:02 DEBUG cic.cs.unb.ca.jnetpcap.FlowGenerator    FlagFIN current has 12083 flow
2025-12-08 15:45:06 INFO  cic.cs.unb.ca.jnetpcap.FlowGenerator    Forward flow closed due to FIN Flag
2025-12-08 15:45:06 DEBUG cic.cs.unb.ca.jnetpcap.FlowGenerator    FlagFIN current has 12091 flow
2025-12-08 15:45:21 INFO  cic.cs.unb.ca.jnetpcap.FlowGenerator    Forward flow closed due to FIN Flag
2025-12-08 15:45:23 WARN  cic.cs.unb.ca.jnetpcap.FlowGenerator    Forward flow received 2 FIN packets
2025-12-08 15:45:23 DEBUG cic.cs.unb.ca.jnetpcap.FlowGenerator    FlagFIN current has 12124 flow
2025-12-08 15:45:23 DEBUG cic.cs.unb.ca.jnetpcap.FlowGenerator    FlagFIN current has 12125 flow
2025-12-08 15:45:23 INFO  cic.cs.unb.ca.jnetpcap.FlowGenerator    Forward flow closed due to FIN Flag
2025-12-08 15:45:23 DEBUG cic.cs.unb.ca.jnetpcap.FlowGenerator    FlagFIN current has 12128 flow
2025-12-08 15:45:41 INFO  cic.cs.unb.ca.jnetpcap.FlowGenerator    Forward flow closed due to FIN Flag
2025-12-08 15:45:41 DEBUG cic.cs.unb.ca.jnetpcap.FlowGenerator    FlagFIN current has 12159 flow
2025-12-08 15:45:52 DEBUG cic.cs.unb.ca.jnetpcap.FlowGenerator    FlagFIN current has 12182 flow
2025-12-08 15:45:53 DEBUG cic.cs.unb.ca.jnetpcap.FlowGenerator    FlagFIN current has 12185 flow
2025-12-08 15:45:56 DEBUG cic.cs.unb.ca.jnetpcap.FlowGenerator    FlagFIN current has 12188 flow
2025-12-08 15:45:56 INFO  cic.cs.unb.ca.jnetpcap.FlowGenerator    Forward flow closed due to FIN Flag
2025-12-08 15:45:59 INFO  cic.cs.unb.ca.jnetpcap.FlowGenerator    Forward flow closed due to FIN Flag
2025-12-08 15:45:59 DEBUG cic.cs.unb.ca.jnetpcap.FlowGenerator    FlagFIN current has 12192 flow
2025-12-08 15:46:02 DEBUG cic.cs.unb.ca.jnetpcap.FlowGenerator    Timeout current has 12200 flow
2025-12-08 15:46:17 DEBUG cic.cs.unb.ca.jnetpcap.FlowGenerator    FlagRST current has 12219 flow
2025-12-08 15:46:17 INFO  cic.cs.unb.ca.jnetpcap.FlowGenerator    Forward flow closed due to FIN Flag
2025-12-08 15:46:17 DEBUG cic.cs.unb.ca.jnetpcap.FlowGenerator    FlagFIN current has 12221 flow
2025-12-08 15:46:26 DEBUG cic.cs.unb.ca.jnetpcap.FlowGenerator    FlagRST current has 12249 flow
2025-12-08 15:46:26 DEBUG cic.cs.unb.ca.jnetpcap.FlowGenerator    FlagRST current has 12248 flow
2025-12-08 15:46:26 DEBUG cic.cs.unb.ca.jnetpcap.FlowGenerator    FlagRST current has 12247 flow
2025-12-08 15:46:27 INFO  cic.cs.unb.ca.jnetpcap.FlowGenerator    Forward flow closed due to FIN Flag
2025-12-08 15:46:28 DEBUG cic.cs.unb.ca.jnetpcap.FlowGenerator    FlagFIN current has 12253 flow
2025-12-08 15:46:28 DEBUG cic.cs.unb.ca.jnetpcap.FlowGenerator    FlagRST current has 12253 flow
2025-12-08 15:46:35 INFO  cic.cs.unb.ca.jnetpcap.FlowGenerator    Forward flow closed due to FIN Flag
2025-12-08 15:46:35 DEBUG cic.cs.unb.ca.jnetpcap.FlowGenerator    FlagFIN current has 12269 flow
2025-12-08 15:46:44 INFO  cic.cs.unb.ca.jnetpcap.FlowGenerator    Forward flow closed due to FIN Flag
2025-12-08 15:46:44 INFO  cic.cs.unb.ca.jnetpcap.FlowGenerator    Forward flow closed due to FIN Flag
2025-12-08 15:46:44 INFO  cic.cs.unb.ca.jnetpcap.FlowGenerator    Forward flow closed due to FIN Flag
2025-12-08 15:46:44 INFO  cic.cs.unb.ca.jnetpcap.FlowGenerator    Forward flow closed due to FIN Flag
2025-12-08 15:46:44 INFO  cic.cs.unb.ca.jnetpcap.FlowGenerator    Forward flow closed due to FIN Flag
2025-12-08 15:46:44 INFO  cic.cs.unb.ca.jnetpcap.FlowGenerator    Forward flow closed due to FIN Flag
2025-12-08 15:46:44 INFO  cic.cs.unb.ca.jnetpcap.FlowGenerator    Forward flow closed due to FIN Flag
2025-12-08 15:46:44 INFO  cic.cs.unb.ca.jnetpcap.FlowGenerator    Forward flow closed due to FIN Flag
2025-12-08 15:46:44 INFO  cic.cs.unb.ca.jnetpcap.FlowGenerator    Forward flow closed due to FIN Flag
2025-12-08 15:46:44 INFO  cic.cs.unb.ca.jnetpcap.FlowGenerator    Forward flow closed due to FIN Flag
2025-12-08 15:46:44 INFO  cic.cs.unb.ca.jnetpcap.FlowGenerator    Forward flow closed due to FIN Flag
2025-12-08 15:46:44 DEBUG cic.cs.unb.ca.jnetpcap.FlowGenerator    FlagFIN current has 12306 flow
2025-12-08 15:46:44 DEBUG cic.cs.unb.ca.jnetpcap.FlowGenerator    FlagFIN current has 12306 flow
2025-12-08 15:46:44 DEBUG cic.cs.unb.ca.jnetpcap.FlowGenerator    FlagFIN current has 12306 flow
2025-12-08 15:46:44 DEBUG cic.cs.unb.ca.jnetpcap.FlowGenerator    FlagFIN current has 12306 flow
2025-12-08 15:46:44 DEBUG cic.cs.unb.ca.jnetpcap.FlowGenerator    FlagFIN current has 12305 flow
2025-12-08 15:46:44 DEBUG cic.cs.unb.ca.jnetpcap.FlowGenerator    FlagFIN current has 12306 flow
2025-12-08 15:46:44 DEBUG cic.cs.unb.ca.jnetpcap.FlowGenerator    FlagFIN current has 12306 flow
2025-12-08 15:46:44 DEBUG cic.cs.unb.ca.jnetpcap.FlowGenerator    FlagFIN current has 12306 flow
2025-12-08 15:46:44 DEBUG cic.cs.unb.ca.jnetpcap.FlowGenerator    FlagFIN current has 12306 flow
2025-12-08 15:46:44 DEBUG cic.cs.unb.ca.jnetpcap.FlowGenerator    FlagFIN current has 12306 flow
2025-12-08 15:46:44 DEBUG cic.cs.unb.ca.jnetpcap.FlowGenerator    FlagFIN current has 12306 flow
2025-12-08 15:46:46 DEBUG cic.cs.unb.ca.jnetpcap.FlowGenerator    FlagRST current has 12308 flow
2025-12-08 15:46:53 INFO  cic.cs.unb.ca.jnetpcap.FlowGenerator    Forward flow closed due to FIN Flag
2025-12-08 15:46:53 DEBUG cic.cs.unb.ca.jnetpcap.FlowGenerator    FlagFIN current has 12321 flow
2025-12-08 15:46:57 INFO  cic.cs.unb.ca.jnetpcap.FlowGenerator    Forward flow closed due to FIN Flag
2025-12-08 15:46:57 DEBUG cic.cs.unb.ca.jnetpcap.FlowGenerator    FlagFIN current has 12326 flow
2025-12-08 15:47:12 INFO  cic.cs.unb.ca.jnetpcap.FlowGenerator    Forward flow closed due to FIN Flag
2025-12-08 15:47:12 DEBUG cic.cs.unb.ca.jnetpcap.FlowGenerator    FlagFIN current has 12352 flow
2025-12-08 15:47:24 INFO  cic.cs.unb.ca.jnetpcap.FlowGenerator    Forward flow closed due to FIN Flag
2025-12-08 15:47:24 DEBUG cic.cs.unb.ca.jnetpcap.FlowGenerator    FlagFIN current has 12363 flow
2025-12-08 15:47:24 DEBUG cic.cs.unb.ca.jnetpcap.FlowGenerator    FlagRST current has 12363 flow
2025-12-08 15:47:24 DEBUG cic.cs.unb.ca.jnetpcap.FlowGenerator    FlagRST current has 12363 flow
2025-12-08 15:47:28 DEBUG cic.cs.unb.ca.jnetpcap.FlowGenerator    FlagFIN current has 12373 flow
2025-12-08 15:47:28 DEBUG cic.cs.unb.ca.jnetpcap.FlowGenerator    FlagFIN current has 12373 flow
2025-12-08 15:47:30 INFO  cic.cs.unb.ca.jnetpcap.FlowGenerator    Forward flow closed due to FIN Flag
2025-12-08 15:47:30 DEBUG cic.cs.unb.ca.jnetpcap.FlowGenerator    FlagFIN current has 12377 flow
2025-12-08 15:47:33 INFO  cic.cs.unb.ca.jnetpcap.FlowGenerator    Forward flow closed due to FIN Flag
2025-12-08 15:47:33 DEBUG cic.cs.unb.ca.jnetpcap.FlowGenerator    FlagFIN current has 12383 flow
2025-12-08 15:47:41 DEBUG cic.cs.unb.ca.jnetpcap.FlowGenerator    FlagRST current has 12412 flow
2025-12-08 15:47:48 INFO  cic.cs.unb.ca.jnetpcap.FlowGenerator    Forward flow closed due to FIN Flag
2025-12-08 15:47:48 DEBUG cic.cs.unb.ca.jnetpcap.FlowGenerator    FlagFIN current has 12421 flow
2025-12-08 15:47:49 INFO  cic.cs.unb.ca.jnetpcap.FlowGenerator    Forward flow closed due to FIN Flag
2025-12-08 15:47:49 DEBUG cic.cs.unb.ca.jnetpcap.FlowGenerator    FlagFIN current has 12425 flow
2025-12-08 15:48:05 INFO  cic.cs.unb.ca.jnetpcap.FlowGenerator    Forward flow closed due to FIN Flag
2025-12-08 15:48:05 DEBUG cic.cs.unb.ca.jnetpcap.FlowGenerator    FlagRST current has 12448 flow
2025-12-08 15:48:07 INFO  cic.cs.unb.ca.jnetpcap.FlowGenerator    Forward flow closed due to FIN Flag
2025-12-08 15:48:07 DEBUG cic.cs.unb.ca.jnetpcap.FlowGenerator    FlagFIN current has 12455 flow
2025-12-08 15:48:13 INFO  cic.cs.unb.ca.jnetpcap.FlowGenerator    Forward flow closed due to FIN Flag
2025-12-08 15:48:13 DEBUG cic.cs.unb.ca.jnetpcap.FlowGenerator    FlagRST current has 12468 flow
2025-12-08 15:48:19 INFO  cic.cs.unb.ca.jnetpcap.FlowGenerator    Forward flow closed due to FIN Flag
2025-12-08 15:48:19 DEBUG cic.cs.unb.ca.jnetpcap.FlowGenerator    FlagFIN current has 12475 flow
2025-12-08 15:48:25 INFO  cic.cs.unb.ca.jnetpcap.FlowGenerator    Forward flow closed due to FIN Flag
2025-12-08 15:48:25 DEBUG cic.cs.unb.ca.jnetpcap.FlowGenerator    FlagFIN current has 12483 flow
2025-12-08 15:48:38 DEBUG cic.cs.unb.ca.jnetpcap.FlowGenerator    Timeout current has 12500 flow
2025-12-08 15:48:38 DEBUG cic.cs.unb.ca.jnetpcap.FlowGenerator    Timeout current has 12500 flow
2025-12-08 15:48:44 INFO  cic.cs.unb.ca.jnetpcap.FlowGenerator    Forward flow closed due to FIN Flag
2025-12-08 15:48:44 DEBUG cic.cs.unb.ca.jnetpcap.FlowGenerator    FlagFIN current has 12518 flow
2025-12-08 15:48:51 INFO  cic.cs.unb.ca.jnetpcap.FlowGenerator    Forward flow closed due to FIN Flag
2025-12-08 15:48:51 DEBUG cic.cs.unb.ca.jnetpcap.FlowGenerator    FlagFIN current has 12526 flow
2025-12-08 15:49:02 INFO  cic.cs.unb.ca.jnetpcap.FlowGenerator    Forward flow closed due to FIN Flag
2025-12-08 15:49:02 DEBUG cic.cs.unb.ca.jnetpcap.FlowGenerator    FlagFIN current has 12541 flow
2025-12-08 15:49:10 DEBUG cic.cs.unb.ca.jnetpcap.FlowGenerator    FlagFIN current has 12555 flow
2025-12-08 15:49:20 INFO  cic.cs.unb.ca.jnetpcap.FlowGenerator    Forward flow closed due to FIN Flag
2025-12-08 15:49:20 DEBUG cic.cs.unb.ca.jnetpcap.FlowGenerator    FlagFIN current has 12574 flow
2025-12-08 15:49:20 INFO  cic.cs.unb.ca.jnetpcap.FlowGenerator    Forward flow closed due to FIN Flag
2025-12-08 15:49:20 DEBUG cic.cs.unb.ca.jnetpcap.FlowGenerator    FlagFIN current has 12576 flow
2025-12-08 15:49:25 DEBUG cic.cs.unb.ca.jnetpcap.FlowGenerator    Timeout current has 12600 flow
2025-12-08 15:49:25 DEBUG cic.cs.unb.ca.jnetpcap.FlowGenerator    Timeout current has 12600 flow
2025-12-08 15:49:38 INFO  cic.cs.unb.ca.jnetpcap.FlowGenerator    Forward flow closed due to FIN Flag
2025-12-08 15:49:38 DEBUG cic.cs.unb.ca.jnetpcap.FlowGenerator    FlagFIN current has 12627 flow
2025-12-08 15:49:49 DEBUG cic.cs.unb.ca.jnetpcap.FlowGenerator    Timeout current has 12650 flow
2025-12-08 15:49:50 INFO  cic.cs.unb.ca.jnetpcap.FlowGenerator    Forward flow closed due to FIN Flag
2025-12-08 15:49:50 DEBUG cic.cs.unb.ca.jnetpcap.FlowGenerator    FlagFIN current has 12653 flow
2025-12-08 15:49:56 INFO  cic.cs.unb.ca.jnetpcap.FlowGenerator    Forward flow closed due to FIN Flag
2025-12-08 15:49:56 DEBUG cic.cs.unb.ca.jnetpcap.FlowGenerator    FlagFIN current has 12663 flow
2025-12-08 15:50:02 INFO  cic.cs.unb.ca.jnetpcap.FlowGenerator    Forward flow closed due to FIN Flag
2025-12-08 15:50:02 DEBUG cic.cs.unb.ca.jnetpcap.FlowGenerator    FlagRST current has 12666 flow
2025-12-08 15:50:14 INFO  cic.cs.unb.ca.jnetpcap.FlowGenerator    Forward flow closed due to FIN Flag
2025-12-08 15:50:14 DEBUG cic.cs.unb.ca.jnetpcap.FlowGenerator    FlagFIN current has 12687 flow
2025-12-08 15:50:20 INFO  cic.cs.unb.ca.jnetpcap.FlowGenerator    Forward flow closed due to FIN Flag
2025-12-08 15:50:20 DEBUG cic.cs.unb.ca.jnetpcap.FlowGenerator    FlagFIN current has 12693 flow
2025-12-08 15:50:25 DEBUG cic.cs.unb.ca.jnetpcap.FlowGenerator    Timeout current has 12700 flow
2025-12-08 15:50:26 DEBUG cic.cs.unb.ca.jnetpcap.FlowGenerator    Timeout current has 12700 flow
2025-12-08 15:50:32 INFO  cic.cs.unb.ca.jnetpcap.FlowGenerator    Forward flow closed due to FIN Flag
2025-12-08 15:50:32 DEBUG cic.cs.unb.ca.jnetpcap.FlowGenerator    FlagFIN current has 12719 flow
2025-12-08 15:50:51 INFO  cic.cs.unb.ca.jnetpcap.FlowGenerator    Forward flow closed due to FIN Flag
2025-12-08 15:50:51 DEBUG cic.cs.unb.ca.jnetpcap.FlowGenerator    FlagFIN current has 12750 flow
2025-12-08 15:50:51 INFO  cic.cs.unb.ca.jnetpcap.FlowGenerator    Forward flow closed due to FIN Flag
2025-12-08 15:50:51 DEBUG cic.cs.unb.ca.jnetpcap.FlowGenerator    FlagFIN current has 12753 flow
2025-12-08 15:50:52 INFO  cic.cs.unb.ca.jnetpcap.FlowGenerator    Forward flow closed due to FIN Flag
2025-12-08 15:51:09 INFO  cic.cs.unb.ca.jnetpcap.FlowGenerator    Forward flow closed due to FIN Flag
2025-12-08 15:51:09 DEBUG cic.cs.unb.ca.jnetpcap.FlowGenerator    FlagFIN current has 12771 flow
2025-12-08 15:51:12 INFO  cic.cs.unb.ca.jnetpcap.FlowGenerator    Forward flow closed due to FIN Flag
2025-12-08 15:51:12 DEBUG cic.cs.unb.ca.jnetpcap.FlowGenerator    FlagRST current has 12775 flow
2025-12-08 15:51:12 DEBUG cic.cs.unb.ca.jnetpcap.FlowGenerator    FlagRST current has 12775 flow
2025-12-08 15:51:12 DEBUG cic.cs.unb.ca.jnetpcap.FlowGenerator    FlagRST current has 12775 flow
2025-12-08 15:51:21 INFO  cic.cs.unb.ca.jnetpcap.FlowGenerator    Forward flow closed due to FIN Flag
2025-12-08 15:51:21 DEBUG cic.cs.unb.ca.jnetpcap.FlowGenerator    FlagFIN current has 12788 flow
2025-12-08 15:51:27 INFO  cic.cs.unb.ca.jnetpcap.FlowGenerator    Forward flow closed due to FIN Flag
2025-12-08 15:51:27 DEBUG cic.cs.unb.ca.jnetpcap.FlowGenerator    FlagFIN current has 12804 flow
2025-12-08 15:51:46 INFO  cic.cs.unb.ca.jnetpcap.FlowGenerator    Forward flow closed due to FIN Flag
2025-12-08 15:51:46 DEBUG cic.cs.unb.ca.jnetpcap.FlowGenerator    FlagFIN current has 12834 flow
2025-12-08 15:51:52 INFO  cic.cs.unb.ca.jnetpcap.FlowGenerator    Forward flow closed due to FIN Flag
2025-12-08 15:51:52 DEBUG cic.cs.unb.ca.jnetpcap.FlowGenerator    FlagFIN current has 12847 flow
2025-12-08 15:51:53 DEBUG cic.cs.unb.ca.jnetpcap.FlowGenerator    Timeout current has 12850 flow
2025-12-08 15:51:53 DEBUG cic.cs.unb.ca.jnetpcap.FlowGenerator    Timeout current has 12850 flow
2025-12-08 15:51:53 DEBUG cic.cs.unb.ca.jnetpcap.FlowGenerator    Timeout current has 12850 flow
2025-12-08 15:51:54 DEBUG cic.cs.unb.ca.jnetpcap.FlowGenerator    Timeout current has 12850 flow
2025-12-08 15:51:54 DEBUG cic.cs.unb.ca.jnetpcap.FlowGenerator    Timeout current has 12850 flow
2025-12-08 15:52:04 INFO  cic.cs.unb.ca.jnetpcap.FlowGenerator    Forward flow closed due to FIN Flag
2025-12-08 15:52:04 DEBUG cic.cs.unb.ca.jnetpcap.FlowGenerator    FlagFIN current has 12867 flow
2025-12-08 15:52:22 INFO  cic.cs.unb.ca.jnetpcap.FlowGenerator    Forward flow closed due to FIN Flag
2025-12-08 15:52:22 DEBUG cic.cs.unb.ca.jnetpcap.FlowGenerator    FlagFIN current has 12885 flow
2025-12-08 15:52:22 INFO  cic.cs.unb.ca.jnetpcap.FlowGenerator    Forward flow closed due to FIN Flag
2025-12-08 15:52:22 DEBUG cic.cs.unb.ca.jnetpcap.FlowGenerator    FlagFIN current has 12887 flow
2025-12-08 15:52:30 DEBUG cic.cs.unb.ca.jnetpcap.FlowGenerator    Timeout current has 12900 flow
2025-12-08 15:52:30 DEBUG cic.cs.unb.ca.jnetpcap.FlowGenerator    Timeout current has 12900 flow
2025-12-08 15:52:40 INFO  cic.cs.unb.ca.jnetpcap.FlowGenerator    Forward flow closed due to FIN Flag
2025-12-08 15:52:40 DEBUG cic.cs.unb.ca.jnetpcap.FlowGenerator    FlagFIN current has 12911 flow
2025-12-08 15:52:53 INFO  cic.cs.unb.ca.jnetpcap.FlowGenerator    Forward flow closed due to FIN Flag
2025-12-08 15:52:53 DEBUG cic.cs.unb.ca.jnetpcap.FlowGenerator    FlagFIN current has 12930 flow
2025-12-08 15:52:58 INFO  cic.cs.unb.ca.jnetpcap.FlowGenerator    Forward flow closed due to FIN Flag
2025-12-08 15:52:58 DEBUG cic.cs.unb.ca.jnetpcap.FlowGenerator    FlagFIN current has 12938 flow
2025-12-08 15:53:12 DEBUG cic.cs.unb.ca.jnetpcap.FlowGenerator    FlagFIN current has 12947 flow
2025-12-08 15:53:12 INFO  cic.cs.unb.ca.jnetpcap.FlowGenerator    Forward flow closed due to FIN Flag
2025-12-08 15:53:17 INFO  cic.cs.unb.ca.jnetpcap.FlowGenerator    Forward flow closed due to FIN Flag
2025-12-08 15:53:17 DEBUG cic.cs.unb.ca.jnetpcap.FlowGenerator    FlagFIN current has 12954 flow
2025-12-08 15:53:23 INFO  cic.cs.unb.ca.jnetpcap.FlowGenerator    Forward flow closed due to FIN Flag
2025-12-08 15:53:23 DEBUG cic.cs.unb.ca.jnetpcap.FlowGenerator    FlagFIN current has 12967 flow
2025-12-08 15:53:35 INFO  cic.cs.unb.ca.jnetpcap.FlowGenerator    Forward flow closed due to FIN Flag
2025-12-08 15:53:35 DEBUG cic.cs.unb.ca.jnetpcap.FlowGenerator    FlagFIN current has 12987 flow
2025-12-08 15:53:37 DEBUG cic.cs.unb.ca.jnetpcap.FlowGenerator    FlagRST current has 12987 flow
2025-12-08 15:53:50 DEBUG cic.cs.unb.ca.jnetpcap.FlowGenerator    Timeout current has 13000 flow
2025-12-08 15:53:51 INFO  cic.cs.unb.ca.jnetpcap.FlowGenerator    Forward flow closed due to FIN Flag
2025-12-08 15:53:51 DEBUG cic.cs.unb.ca.jnetpcap.FlowGenerator    FlagFIN current has 13009 flow
2025-12-08 15:53:51 INFO  cic.cs.unb.ca.jnetpcap.FlowGenerator    Forward flow closed due to FIN Flag
2025-12-08 15:53:51 DEBUG cic.cs.unb.ca.jnetpcap.FlowGenerator    FlagFIN current has 13014 flow
2025-12-08 15:53:52 DEBUG cic.cs.unb.ca.jnetpcap.FlowGenerator    FlagFIN current has 13016 flow
2025-12-08 15:53:52 INFO  cic.cs.unb.ca.jnetpcap.FlowGenerator    Forward flow closed due to FIN Flag
2025-12-08 15:53:52 INFO  cic.cs.unb.ca.jnetpcap.FlowGenerator    Forward flow closed due to FIN Flag
2025-12-08 15:53:52 DEBUG cic.cs.unb.ca.jnetpcap.FlowGenerator    FlagFIN current has 13018 flow
2025-12-08 15:53:52 INFO  cic.cs.unb.ca.jnetpcap.FlowGenerator    Forward flow closed due to FIN Flag
2025-12-08 15:53:52 DEBUG cic.cs.unb.ca.jnetpcap.FlowGenerator    FlagFIN current has 13018 flow
2025-12-08 15:53:52 INFO  cic.cs.unb.ca.jnetpcap.FlowGenerator    Forward flow closed due to FIN Flag
2025-12-08 15:53:52 DEBUG cic.cs.unb.ca.jnetpcap.FlowGenerator    FlagFIN current has 13020 flow
2025-12-08 15:53:53 INFO  cic.cs.unb.ca.jnetpcap.FlowGenerator    Forward flow closed due to FIN Flag
2025-12-08 15:53:53 DEBUG cic.cs.unb.ca.jnetpcap.FlowGenerator    FlagFIN current has 13023 flow
2025-12-08 15:53:54 DEBUG cic.cs.unb.ca.jnetpcap.FlowGenerator    FlagFIN current has 13026 flow
2025-12-08 15:53:54 DEBUG cic.cs.unb.ca.jnetpcap.FlowGenerator    FlagFIN current has 13026 flow
2025-12-08 15:53:54 DEBUG cic.cs.unb.ca.jnetpcap.FlowGenerator    FlagFIN current has 13026 flow
2025-12-08 15:53:54 INFO  cic.cs.unb.ca.jnetpcap.FlowGenerator    Forward flow closed due to FIN Flag
2025-12-08 15:54:12 INFO  cic.cs.unb.ca.jnetpcap.FlowGenerator    Forward flow closed due to FIN Flag
2025-12-08 15:54:12 DEBUG cic.cs.unb.ca.jnetpcap.FlowGenerator    FlagFIN current has 13133 flow
2025-12-08 15:54:13 INFO  cic.cs.unb.ca.jnetpcap.FlowGenerator    Forward flow closed due to FIN Flag
2025-12-08 15:54:13 DEBUG cic.cs.unb.ca.jnetpcap.FlowGenerator    FlagFIN current has 13144 flow
2025-12-08 15:54:13 INFO  cic.cs.unb.ca.jnetpcap.FlowGenerator    Forward flow closed due to FIN Flag
2025-12-08 15:54:13 DEBUG cic.cs.unb.ca.jnetpcap.FlowGenerator    FlagRST current has 13144 flow
2025-12-08 15:54:15 DEBUG cic.cs.unb.ca.jnetpcap.FlowGenerator    Timeout current has 13150 flow
2025-12-08 15:54:15 DEBUG cic.cs.unb.ca.jnetpcap.FlowGenerator    Timeout current has 13150 flow
2025-12-08 15:54:25 INFO  cic.cs.unb.ca.jnetpcap.FlowGenerator    Forward flow closed due to FIN Flag
2025-12-08 15:54:25 DEBUG cic.cs.unb.ca.jnetpcap.FlowGenerator    FlagFIN current has 13176 flow
2025-12-08 15:54:29 INFO  cic.cs.unb.ca.jnetpcap.FlowGenerator    Forward flow closed due to FIN Flag
2025-12-08 15:54:29 DEBUG cic.cs.unb.ca.jnetpcap.FlowGenerator    FlagFIN current has 13195 flow
2025-12-08 15:54:32 DEBUG cic.cs.unb.ca.jnetpcap.FlowGenerator    Timeout current has 13200 flow
2025-12-08 15:54:47 INFO  cic.cs.unb.ca.jnetpcap.FlowGenerator    Forward flow closed due to FIN Flag
2025-12-08 15:54:47 DEBUG cic.cs.unb.ca.jnetpcap.FlowGenerator    FlagFIN current has 13232 flow
2025-12-08 15:54:55 INFO  cic.cs.unb.ca.jnetpcap.FlowGenerator    Forward flow closed due to FIN Flag
2025-12-08 15:54:55 DEBUG cic.cs.unb.ca.jnetpcap.FlowGenerator    FlagFIN current has 13245 flow
2025-12-08 15:55:05 INFO  cic.cs.unb.ca.jnetpcap.FlowGenerator    Forward flow closed due to FIN Flag
2025-12-08 15:55:05 DEBUG cic.cs.unb.ca.jnetpcap.FlowGenerator    FlagFIN current has 13266 flow
2025-12-08 15:55:23 INFO  cic.cs.unb.ca.jnetpcap.FlowGenerator    Forward flow closed due to FIN Flag
2025-12-08 15:55:23 DEBUG cic.cs.unb.ca.jnetpcap.FlowGenerator    FlagFIN current has 13299 flow
2025-12-08 15:55:25 INFO  cic.cs.unb.ca.jnetpcap.FlowGenerator    Forward flow closed due to FIN Flag
2025-12-08 15:55:25 DEBUG cic.cs.unb.ca.jnetpcap.FlowGenerator    FlagFIN current has 13305 flow
2025-12-08 15:55:25 DEBUG cic.cs.unb.ca.jnetpcap.FlowGenerator    FlagFIN current has 13305 flow
2025-12-08 15:55:42 INFO  cic.cs.unb.ca.jnetpcap.FlowGenerator    Forward flow closed due to FIN Flag
2025-12-08 15:55:42 DEBUG cic.cs.unb.ca.jnetpcap.FlowGenerator    FlagFIN current has 13352 flow
2025-12-08 15:55:55 INFO  cic.cs.unb.ca.jnetpcap.FlowGenerator    Forward flow closed due to FIN Flag
2025-12-08 15:55:55 DEBUG cic.cs.unb.ca.jnetpcap.FlowGenerator    FlagFIN current has 13386 flow
2025-12-08 15:55:56 DEBUG cic.cs.unb.ca.jnetpcap.FlowGenerator    FlagFIN current has 13386 flow
2025-12-08 15:56:00 INFO  cic.cs.unb.ca.jnetpcap.FlowGenerator    Forward flow closed due to FIN Flag
2025-12-08 15:56:00 DEBUG cic.cs.unb.ca.jnetpcap.FlowGenerator    FlagFIN current has 13393 flow
2025-12-08 15:56:18 INFO  cic.cs.unb.ca.jnetpcap.FlowGenerator    Forward flow closed due to FIN Flag
2025-12-08 15:56:18 DEBUG cic.cs.unb.ca.jnetpcap.FlowGenerator    FlagFIN current has 13432 flow
2025-12-08 15:56:26 INFO  cic.cs.unb.ca.jnetpcap.FlowGenerator    Forward flow closed due to FIN Flag
2025-12-08 15:56:26 DEBUG cic.cs.unb.ca.jnetpcap.FlowGenerator    FlagFIN current has 13445 flow
2025-12-08 15:56:37 INFO  cic.cs.unb.ca.jnetpcap.FlowGenerator    Forward flow closed due to FIN Flag
2025-12-08 15:56:37 DEBUG cic.cs.unb.ca.jnetpcap.FlowGenerator    FlagFIN current has 13473 flow
2025-12-08 15:56:45 INFO  cic.cs.unb.ca.jnetpcap.FlowGenerator    Forward flow closed due to FIN Flag
2025-12-08 15:56:45 INFO  cic.cs.unb.ca.jnetpcap.FlowGenerator    Forward flow closed due to FIN Flag
2025-12-08 15:56:45 INFO  cic.cs.unb.ca.jnetpcap.FlowGenerator    Forward flow closed due to FIN Flag
2025-12-08 15:56:45 INFO  cic.cs.unb.ca.jnetpcap.FlowGenerator    Forward flow closed due to FIN Flag
2025-12-08 15:56:45 INFO  cic.cs.unb.ca.jnetpcap.FlowGenerator    Forward flow closed due to FIN Flag
2025-12-08 15:56:45 INFO  cic.cs.unb.ca.jnetpcap.FlowGenerator    Forward flow closed due to FIN Flag
2025-12-08 15:56:45 INFO  cic.cs.unb.ca.jnetpcap.FlowGenerator    Forward flow closed due to FIN Flag
2025-12-08 15:56:45 INFO  cic.cs.unb.ca.jnetpcap.FlowGenerator    Forward flow closed due to FIN Flag
2025-12-08 15:56:45 INFO  cic.cs.unb.ca.jnetpcap.FlowGenerator    Forward flow closed due to FIN Flag
2025-12-08 15:56:45 INFO  cic.cs.unb.ca.jnetpcap.FlowGenerator    Forward flow closed due to FIN Flag
2025-12-08 15:56:45 INFO  cic.cs.unb.ca.jnetpcap.FlowGenerator    Forward flow closed due to FIN Flag
2025-12-08 15:56:45 DEBUG cic.cs.unb.ca.jnetpcap.FlowGenerator    FlagFIN current has 13508 flow
2025-12-08 15:56:45 DEBUG cic.cs.unb.ca.jnetpcap.FlowGenerator    FlagFIN current has 13508 flow
2025-12-08 15:56:45 DEBUG cic.cs.unb.ca.jnetpcap.FlowGenerator    FlagFIN current has 13508 flow
2025-12-08 15:56:45 DEBUG cic.cs.unb.ca.jnetpcap.FlowGenerator    FlagFIN current has 13507 flow
2025-12-08 15:56:45 DEBUG cic.cs.unb.ca.jnetpcap.FlowGenerator    FlagFIN current has 13508 flow
2025-12-08 15:56:45 DEBUG cic.cs.unb.ca.jnetpcap.FlowGenerator    FlagFIN current has 13508 flow
2025-12-08 15:56:45 DEBUG cic.cs.unb.ca.jnetpcap.FlowGenerator    FlagFIN current has 13508 flow
2025-12-08 15:56:45 DEBUG cic.cs.unb.ca.jnetpcap.FlowGenerator    FlagFIN current has 13508 flow
2025-12-08 15:56:45 DEBUG cic.cs.unb.ca.jnetpcap.FlowGenerator    FlagFIN current has 13508 flow
2025-12-08 15:56:45 DEBUG cic.cs.unb.ca.jnetpcap.FlowGenerator    FlagFIN current has 13508 flow
2025-12-08 15:56:45 DEBUG cic.cs.unb.ca.jnetpcap.FlowGenerator    FlagFIN current has 13508 flow
2025-12-08 15:56:45 INFO  cic.cs.unb.ca.jnetpcap.FlowGenerator    Forward flow closed due to FIN Flag
2025-12-08 15:56:45 DEBUG cic.cs.unb.ca.jnetpcap.FlowGenerator    FlagFIN current has 13508 flow
2025-12-08 15:56:46 DEBUG cic.cs.unb.ca.jnetpcap.FlowGenerator    FlagRST current has 13510 flow
2025-12-08 15:56:54 INFO  cic.cs.unb.ca.jnetpcap.FlowGenerator    Forward flow closed due to FIN Flag
2025-12-08 15:56:54 DEBUG cic.cs.unb.ca.jnetpcap.FlowGenerator    FlagFIN current has 13523 flow
2025-12-08 15:56:56 INFO  cic.cs.unb.ca.jnetpcap.FlowGenerator    Forward flow closed due to FIN Flag
2025-12-08 15:56:56 DEBUG cic.cs.unb.ca.jnetpcap.FlowGenerator    FlagFIN current has 13526 flow
2025-12-08 15:57:12 INFO  cic.cs.unb.ca.jnetpcap.FlowGenerator    Forward flow closed due to FIN Flag
2025-12-08 15:57:12 DEBUG cic.cs.unb.ca.jnetpcap.FlowGenerator    FlagFIN current has 13550 flow
2025-12-08 15:57:13 DEBUG cic.cs.unb.ca.jnetpcap.FlowGenerator    Timeout current has 13550 flow
2025-12-08 15:57:27 INFO  cic.cs.unb.ca.jnetpcap.FlowGenerator    Forward flow closed due to FIN Flag
2025-12-08 15:57:27 DEBUG cic.cs.unb.ca.jnetpcap.FlowGenerator    FlagFIN current has 13585 flow
2025-12-08 15:57:30 DEBUG cic.cs.unb.ca.jnetpcap.FlowGenerator    Timeout current has 13600 flow
2025-12-08 15:57:30 INFO  cic.cs.unb.ca.jnetpcap.FlowGenerator    Forward flow closed due to FIN Flag
2025-12-08 15:57:30 DEBUG cic.cs.unb.ca.jnetpcap.FlowGenerator    FlagFIN current has 13605 flow
2025-12-08 15:57:33 INFO  cic.cs.unb.ca.jnetpcap.FlowGenerator    Forward flow closed due to FIN Flag
2025-12-08 15:57:33 DEBUG cic.cs.unb.ca.jnetpcap.FlowGenerator    FlagFIN current has 13609 flow
2025-12-08 15:57:41 DEBUG cic.cs.unb.ca.jnetpcap.FlowGenerator    FlagRST current has 13644 flow
2025-12-08 15:57:44 DEBUG cic.cs.unb.ca.jnetpcap.FlowGenerator    Timeout current has 13650 flow
2025-12-08 15:57:48 INFO  cic.cs.unb.ca.jnetpcap.FlowGenerator    Forward flow closed due to FIN Flag
2025-12-08 15:57:48 DEBUG cic.cs.unb.ca.jnetpcap.FlowGenerator    FlagFIN current has 13671 flow
2025-12-08 15:57:57 INFO  cic.cs.unb.ca.jnetpcap.FlowGenerator    Forward flow closed due to FIN Flag
2025-12-08 15:57:57 DEBUG cic.cs.unb.ca.jnetpcap.FlowGenerator    FlagFIN current has 13698 flow
2025-12-08 15:58:06 INFO  cic.cs.unb.ca.jnetpcap.FlowGenerator    Forward flow closed due to FIN Flag
2025-12-08 15:58:06 DEBUG cic.cs.unb.ca.jnetpcap.FlowGenerator    FlagFIN current has 13710 flow
2025-12-08 15:58:25 INFO  cic.cs.unb.ca.jnetpcap.FlowGenerator    Forward flow closed due to FIN Flag
2025-12-08 15:58:25 DEBUG cic.cs.unb.ca.jnetpcap.FlowGenerator    FlagFIN current has 13776 flow
2025-12-08 15:58:27 INFO  cic.cs.unb.ca.jnetpcap.FlowGenerator    Forward flow closed due to FIN Flag
2025-12-08 15:58:27 DEBUG cic.cs.unb.ca.jnetpcap.FlowGenerator    FlagFIN current has 13783 flow
2025-12-08 15:58:36 DEBUG cic.cs.unb.ca.jnetpcap.FlowGenerator    Timeout current has 13800 flow
2025-12-08 15:58:43 INFO  cic.cs.unb.ca.jnetpcap.FlowGenerator    Forward flow closed due to FIN Flag
2025-12-08 15:58:43 DEBUG cic.cs.unb.ca.jnetpcap.FlowGenerator    FlagFIN current has 13824 flow
2025-12-08 15:58:58 INFO  cic.cs.unb.ca.jnetpcap.FlowGenerator    Forward flow closed due to FIN Flag
2025-12-08 15:58:58 DEBUG cic.cs.unb.ca.jnetpcap.FlowGenerator    FlagFIN current has 13846 flow
2025-12-08 15:59:01 INFO  cic.cs.unb.ca.jnetpcap.FlowGenerator    Forward flow closed due to FIN Flag
2025-12-08 15:59:01 DEBUG cic.cs.unb.ca.jnetpcap.FlowGenerator    FlagFIN current has 13858 flow
2025-12-08 15:59:20 INFO  cic.cs.unb.ca.jnetpcap.FlowGenerator    Forward flow closed due to FIN Flag
2025-12-08 15:59:20 DEBUG cic.cs.unb.ca.jnetpcap.FlowGenerator    FlagFIN current has 13893 flow
2025-12-08 15:59:28 INFO  cic.cs.unb.ca.jnetpcap.FlowGenerator    Forward flow closed due to FIN Flag
2025-12-08 15:59:28 DEBUG cic.cs.unb.ca.jnetpcap.FlowGenerator    FlagFIN current has 13915 flow
2025-12-08 15:59:38 INFO  cic.cs.unb.ca.jnetpcap.FlowGenerator    Forward flow closed due to FIN Flag
2025-12-08 15:59:38 DEBUG cic.cs.unb.ca.jnetpcap.FlowGenerator    FlagFIN current has 13934 flow
2025-12-08 15:59:42 DEBUG cic.cs.unb.ca.jnetpcap.FlowGenerator    FlagFIN current has 13959 flow
2025-12-08 15:59:56 INFO  cic.cs.unb.ca.jnetpcap.FlowGenerator    Forward flow closed due to FIN Flag
2025-12-08 15:59:56 DEBUG cic.cs.unb.ca.jnetpcap.FlowGenerator    FlagFIN current has 13998 flow
2025-12-08 15:59:59 INFO  cic.cs.unb.ca.jnetpcap.FlowGenerator    Forward flow closed due to FIN Flag
2025-12-08 15:59:59 DEBUG cic.cs.unb.ca.jnetpcap.FlowGenerator    FlagFIN current has 14000 flow
2025-12-08 16:00:00 DEBUG cic.cs.unb.ca.jnetpcap.FlowGenerator    Timeout current has 14000 flow
2025-12-08 16:00:00 DEBUG cic.cs.unb.ca.jnetpcap.FlowGenerator    Timeout current has 14000 flow
2025-12-08 16:00:14 INFO  cic.cs.unb.ca.jnetpcap.FlowGenerator    Forward flow closed due to FIN Flag
2025-12-08 16:00:14 DEBUG cic.cs.unb.ca.jnetpcap.FlowGenerator    FlagFIN current has 14038 flow
2025-12-08 16:00:27 DEBUG cic.cs.unb.ca.jnetpcap.FlowGenerator    FlagFIN current has 14100 flow
2025-12-08 16:00:29 INFO  cic.cs.unb.ca.jnetpcap.FlowGenerator    Forward flow closed due to FIN Flag
2025-12-08 16:00:29 DEBUG cic.cs.unb.ca.jnetpcap.FlowGenerator    FlagFIN current has 14111 flow
2025-12-08 16:00:32 INFO  cic.cs.unb.ca.jnetpcap.FlowGenerator    Forward flow closed due to FIN Flag
2025-12-08 16:00:32 DEBUG cic.cs.unb.ca.jnetpcap.FlowGenerator    FlagFIN current has 14123 flow
2025-12-08 16:00:47 DEBUG cic.cs.unb.ca.jnetpcap.FlowGenerator    Timeout current has 14150 flow
2025-12-08 16:00:47 DEBUG cic.cs.unb.ca.jnetpcap.FlowGenerator    Timeout current has 14150 flow
2025-12-08 16:00:47 DEBUG cic.cs.unb.ca.jnetpcap.FlowGenerator    Timeout current has 14150 flow
2025-12-08 16:00:48 DEBUG cic.cs.unb.ca.jnetpcap.FlowGenerator    Timeout current has 14150 flow
2025-12-08 16:00:48 DEBUG cic.cs.unb.ca.jnetpcap.FlowGenerator    Timeout current has 14150 flow
2025-12-08 16:00:50 INFO  cic.cs.unb.ca.jnetpcap.FlowGenerator    Forward flow closed due to FIN Flag
2025-12-08 16:00:50 DEBUG cic.cs.unb.ca.jnetpcap.FlowGenerator    FlagFIN current has 14158 flow
2025-12-08 16:00:59 INFO  cic.cs.unb.ca.jnetpcap.FlowGenerator    Forward flow closed due to FIN Flag
2025-12-08 16:00:59 DEBUG cic.cs.unb.ca.jnetpcap.FlowGenerator    FlagFIN current has 14175 flow
2025-12-08 16:01:09 INFO  cic.cs.unb.ca.jnetpcap.FlowGenerator    Forward flow closed due to FIN Flag
2025-12-08 16:01:09 DEBUG cic.cs.unb.ca.jnetpcap.FlowGenerator    FlagFIN current has 14190 flow
2025-12-08 16:01:17 DEBUG cic.cs.unb.ca.jnetpcap.FlowGenerator    Timeout current has 14200 flow
2025-12-08 16:01:23 INFO  cic.cs.unb.ca.jnetpcap.FlowGenerator    Forward flow closed due to FIN Flag
2025-12-08 16:01:23 DEBUG cic.cs.unb.ca.jnetpcap.FlowGenerator    FlagFIN current has 14223 flow
2025-12-08 16:01:23 INFO  cic.cs.unb.ca.jnetpcap.FlowGenerator    Forward flow closed due to FIN Flag
2025-12-08 16:01:23 DEBUG cic.cs.unb.ca.jnetpcap.FlowGenerator    FlagFIN current has 14225 flow
2025-12-08 16:01:23 DEBUG cic.cs.unb.ca.jnetpcap.FlowGenerator    FlagFIN current has 14229 flow
2025-12-08 16:01:23 INFO  cic.cs.unb.ca.jnetpcap.FlowGenerator    Forward flow closed due to FIN Flag
2025-12-08 16:01:23 INFO  cic.cs.unb.ca.jnetpcap.FlowGenerator    Forward flow closed due to FIN Flag
2025-12-08 16:01:23 INFO  cic.cs.unb.ca.jnetpcap.FlowGenerator    Forward flow closed due to FIN Flag
2025-12-08 16:01:23 DEBUG cic.cs.unb.ca.jnetpcap.FlowGenerator    FlagFIN current has 14231 flow
2025-12-08 16:01:23 INFO  cic.cs.unb.ca.jnetpcap.FlowGenerator    Forward flow closed due to FIN Flag
2025-12-08 16:01:23 INFO  cic.cs.unb.ca.jnetpcap.FlowGenerator    Forward flow closed due to FIN Flag
2025-12-08 16:01:23 DEBUG cic.cs.unb.ca.jnetpcap.FlowGenerator    FlagFIN current has 14232 flow
2025-12-08 16:01:23 DEBUG cic.cs.unb.ca.jnetpcap.FlowGenerator    FlagFIN current has 14232 flow
2025-12-08 16:01:26 INFO  cic.cs.unb.ca.jnetpcap.FlowGenerator    Forward flow closed due to FIN Flag
2025-12-08 16:01:26 DEBUG cic.cs.unb.ca.jnetpcap.FlowGenerator    FlagFIN current has 14243 flow
2025-12-08 16:01:31 DEBUG cic.cs.unb.ca.jnetpcap.FlowGenerator    Timeout current has 14250 flow
2025-12-08 16:01:31 INFO  cic.cs.unb.ca.jnetpcap.FlowGenerator    Forward flow closed due to FIN Flag
2025-12-08 16:01:31 DEBUG cic.cs.unb.ca.jnetpcap.FlowGenerator    FlagFIN current has 14250 flow
2025-12-08 16:01:31 DEBUG cic.cs.unb.ca.jnetpcap.FlowGenerator    Timeout current has 14250 flow
2025-12-08 16:01:31 DEBUG cic.cs.unb.ca.jnetpcap.FlowGenerator    Timeout current has 14250 flow
2025-12-08 16:01:45 INFO  cic.cs.unb.ca.jnetpcap.FlowGenerator    Forward flow closed due to FIN Flag
2025-12-08 16:01:45 DEBUG cic.cs.unb.ca.jnetpcap.FlowGenerator    FlagFIN current has 14397 flow
2025-12-08 16:01:54 INFO  cic.cs.unb.ca.jnetpcap.FlowGenerator    Forward flow closed due to FIN Flag
2025-12-08 16:01:54 DEBUG cic.cs.unb.ca.jnetpcap.FlowGenerator    FlagRST current has 14486 flow
2025-12-08 16:01:55 INFO  cic.cs.unb.ca.jnetpcap.FlowGenerator    Forward flow closed due to FIN Flag
2025-12-08 16:01:55 DEBUG cic.cs.unb.ca.jnetpcap.FlowGenerator    FlagFIN current has 14503 flow
2025-12-08 16:01:56 INFO  cic.cs.unb.ca.jnetpcap.FlowGenerator    Forward flow closed due to FIN Flag
2025-12-08 16:01:56 DEBUG cic.cs.unb.ca.jnetpcap.FlowGenerator    FlagFIN current has 14523 flow
2025-12-08 16:01:56 INFO  cic.cs.unb.ca.jnetpcap.FlowGenerator    Forward flow closed due to FIN Flag
2025-12-08 16:01:56 INFO  cic.cs.unb.ca.jnetpcap.FlowGenerator    Forward flow closed due to FIN Flag
2025-12-08 16:01:56 INFO  cic.cs.unb.ca.jnetpcap.FlowGenerator    Forward flow closed due to FIN Flag
2025-12-08 16:01:56 INFO  cic.cs.unb.ca.jnetpcap.FlowGenerator    Forward flow closed due to FIN Flag
2025-12-08 16:01:56 INFO  cic.cs.unb.ca.jnetpcap.FlowGenerator    Forward flow closed due to FIN Flag
2025-12-08 16:01:56 INFO  cic.cs.unb.ca.jnetpcap.FlowGenerator    Forward flow closed due to FIN Flag
2025-12-08 16:01:56 INFO  cic.cs.unb.ca.jnetpcap.FlowGenerator    Forward flow closed due to FIN Flag
2025-12-08 16:01:56 INFO  cic.cs.unb.ca.jnetpcap.FlowGenerator    Forward flow closed due to FIN Flag
2025-12-08 16:01:56 INFO  cic.cs.unb.ca.jnetpcap.FlowGenerator    Forward flow closed due to FIN Flag
2025-12-08 16:01:56 INFO  cic.cs.unb.ca.jnetpcap.FlowGenerator    Forward flow closed due to FIN Flag
2025-12-08 16:01:56 INFO  cic.cs.unb.ca.jnetpcap.FlowGenerator    Forward flow closed due to FIN Flag
2025-12-08 16:01:56 DEBUG cic.cs.unb.ca.jnetpcap.FlowGenerator    FlagFIN current has 14523 flow
2025-12-08 16:01:56 DEBUG cic.cs.unb.ca.jnetpcap.FlowGenerator    FlagFIN current has 14523 flow
2025-12-08 16:01:56 DEBUG cic.cs.unb.ca.jnetpcap.FlowGenerator    FlagFIN current has 14523 flow
2025-12-08 16:01:56 DEBUG cic.cs.unb.ca.jnetpcap.FlowGenerator    FlagFIN current has 14523 flow
2025-12-08 16:01:56 DEBUG cic.cs.unb.ca.jnetpcap.FlowGenerator    FlagFIN current has 14523 flow
2025-12-08 16:01:56 DEBUG cic.cs.unb.ca.jnetpcap.FlowGenerator    FlagFIN current has 14523 flow
2025-12-08 16:01:56 DEBUG cic.cs.unb.ca.jnetpcap.FlowGenerator    FlagFIN current has 14523 flow
2025-12-08 16:01:56 DEBUG cic.cs.unb.ca.jnetpcap.FlowGenerator    FlagFIN current has 14523 flow
2025-12-08 16:01:56 DEBUG cic.cs.unb.ca.jnetpcap.FlowGenerator    FlagFIN current has 14523 flow
2025-12-08 16:01:56 DEBUG cic.cs.unb.ca.jnetpcap.FlowGenerator    FlagFIN current has 14523 flow
2025-12-08 16:01:56 DEBUG cic.cs.unb.ca.jnetpcap.FlowGenerator    FlagFIN current has 14523 flow
2025-12-08 16:01:56 INFO  cic.cs.unb.ca.jnetpcap.FlowGenerator    Forward flow closed due to FIN Flag
2025-12-08 16:01:56 INFO  cic.cs.unb.ca.jnetpcap.FlowGenerator    Forward flow closed due to FIN Flag
2025-12-08 16:01:56 INFO  cic.cs.unb.ca.jnetpcap.FlowGenerator    Forward flow closed due to FIN Flag
2025-12-08 16:01:56 INFO  cic.cs.unb.ca.jnetpcap.FlowGenerator    Forward flow closed due to FIN Flag
2025-12-08 16:01:56 INFO  cic.cs.unb.ca.jnetpcap.FlowGenerator    Forward flow closed due to FIN Flag
2025-12-08 16:01:56 DEBUG cic.cs.unb.ca.jnetpcap.FlowGenerator    FlagRST current has 14523 flow
2025-12-08 16:01:56 DEBUG cic.cs.unb.ca.jnetpcap.FlowGenerator    FlagFIN current has 14522 flow
2025-12-08 16:01:56 DEBUG cic.cs.unb.ca.jnetpcap.FlowGenerator    FlagFIN current has 14522 flow
2025-12-08 16:01:56 DEBUG cic.cs.unb.ca.jnetpcap.FlowGenerator    FlagRST current has 14523 flow
2025-12-08 16:01:56 DEBUG cic.cs.unb.ca.jnetpcap.FlowGenerator    FlagFIN current has 14522 flow
2025-12-08 16:01:56 DEBUG cic.cs.unb.ca.jnetpcap.FlowGenerator    FlagFIN current has 14522 flow
2025-12-08 16:01:57 INFO  cic.cs.unb.ca.jnetpcap.FlowGenerator    Forward flow closed due to FIN Flag
2025-12-08 16:01:57 DEBUG cic.cs.unb.ca.jnetpcap.FlowGenerator    FlagFIN current has 14524 flow
2025-12-08 16:01:58 INFO  cic.cs.unb.ca.jnetpcap.FlowGenerator    Forward flow closed due to FIN Flag
2025-12-08 16:01:58 INFO  cic.cs.unb.ca.jnetpcap.FlowGenerator    Forward flow closed due to FIN Flag
2025-12-08 16:01:58 DEBUG cic.cs.unb.ca.jnetpcap.FlowGenerator    FlagFIN current has 14534 flow
2025-12-08 16:01:58 DEBUG cic.cs.unb.ca.jnetpcap.FlowGenerator    FlagFIN current has 14534 flow
2025-12-08 16:01:59 INFO  cic.cs.unb.ca.jnetpcap.FlowGenerator    Forward flow closed due to FIN Flag
2025-12-08 16:01:59 DEBUG cic.cs.unb.ca.jnetpcap.FlowGenerator    FlagRST current has 14540 flow
2025-12-08 16:01:59 INFO  cic.cs.unb.ca.jnetpcap.FlowGenerator    Forward flow closed due to FIN Flag
2025-12-08 16:01:59 INFO  cic.cs.unb.ca.jnetpcap.FlowGenerator    Forward flow closed due to FIN Flag
2025-12-08 16:01:59 DEBUG cic.cs.unb.ca.jnetpcap.FlowGenerator    FlagRST current has 14539 flow
2025-12-08 16:02:01 INFO  cic.cs.unb.ca.jnetpcap.FlowGenerator    Forward flow closed due to FIN Flag
2025-12-08 16:02:01 DEBUG cic.cs.unb.ca.jnetpcap.FlowGenerator    FlagFIN current has 14542 flow
2025-12-08 16:02:01 DEBUG cic.cs.unb.ca.jnetpcap.FlowGenerator    Timeout current has 14550 flow
2025-12-08 16:02:02 DEBUG cic.cs.unb.ca.jnetpcap.FlowGenerator    FlagFIN current has 14556 flow
2025-12-08 16:02:02 INFO  cic.cs.unb.ca.jnetpcap.FlowGenerator    Forward flow closed due to FIN Flag
2025-12-08 16:02:02 DEBUG cic.cs.unb.ca.jnetpcap.FlowGenerator    FlagFIN current has 14556 flow
2025-12-08 16:02:02 INFO  cic.cs.unb.ca.jnetpcap.FlowGenerator    Forward flow closed due to FIN Flag
2025-12-08 16:02:02 INFO  cic.cs.unb.ca.jnetpcap.FlowGenerator    Forward flow closed due to FIN Flag
2025-12-08 16:02:02 INFO  cic.cs.unb.ca.jnetpcap.FlowGenerator    Forward flow closed due to FIN Flag
2025-12-08 16:02:02 DEBUG cic.cs.unb.ca.jnetpcap.FlowGenerator    FlagFIN current has 14564 flow
2025-12-08 16:02:02 DEBUG cic.cs.unb.ca.jnetpcap.FlowGenerator    FlagFIN current has 14564 flow
2025-12-08 16:02:02 INFO  cic.cs.unb.ca.jnetpcap.FlowGenerator    Forward flow closed due to FIN Flag
2025-12-08 16:02:02 DEBUG cic.cs.unb.ca.jnetpcap.FlowGenerator    FlagRST current has 14564 flow
2025-12-08 16:02:02 DEBUG cic.cs.unb.ca.jnetpcap.FlowGenerator    FlagRST current has 14563 flow
2025-12-08 16:02:02 INFO  cic.cs.unb.ca.jnetpcap.FlowGenerator    Forward flow closed due to FIN Flag
2025-12-08 16:02:02 DEBUG cic.cs.unb.ca.jnetpcap.FlowGenerator    FlagFIN current has 14562 flow
2025-12-08 16:02:02 INFO  cic.cs.unb.ca.jnetpcap.FlowGenerator    Forward flow closed due to FIN Flag
2025-12-08 16:02:02 DEBUG cic.cs.unb.ca.jnetpcap.FlowGenerator    FlagRST current has 14563 flow
2025-12-08 16:02:02 INFO  cic.cs.unb.ca.jnetpcap.FlowGenerator    Forward flow closed due to FIN Flag
2025-12-08 16:02:02 DEBUG cic.cs.unb.ca.jnetpcap.FlowGenerator    FlagRST current has 14592 flow
2025-12-08 16:02:02 DEBUG cic.cs.unb.ca.jnetpcap.FlowGenerator    FlagRST current has 14598 flow
2025-12-08 16:02:02 DEBUG cic.cs.unb.ca.jnetpcap.FlowGenerator    FlagRST current has 14597 flow
2025-12-08 16:02:02 INFO  cic.cs.unb.ca.jnetpcap.FlowGenerator    Forward flow closed due to FIN Flag
2025-12-08 16:02:02 DEBUG cic.cs.unb.ca.jnetpcap.FlowGenerator    FlagRST current has 14596 flow
2025-12-08 16:02:02 INFO  cic.cs.unb.ca.jnetpcap.FlowGenerator    Forward flow closed due to FIN Flag
2025-12-08 16:02:02 INFO  cic.cs.unb.ca.jnetpcap.FlowGenerator    Forward flow closed due to FIN Flag
2025-12-08 16:02:02 DEBUG cic.cs.unb.ca.jnetpcap.FlowGenerator    FlagRST current has 14600 flow
2025-12-08 16:02:02 DEBUG cic.cs.unb.ca.jnetpcap.FlowGenerator    FlagFIN current has 14599 flow
2025-12-08 16:02:02 DEBUG cic.cs.unb.ca.jnetpcap.FlowGenerator    FlagRST current has 14599 flow
2025-12-08 16:02:02 INFO  cic.cs.unb.ca.jnetpcap.FlowGenerator    Forward flow closed due to FIN Flag
2025-12-08 16:02:02 DEBUG cic.cs.unb.ca.jnetpcap.FlowGenerator    FlagRST current has 14598 flow
2025-12-08 16:02:02 DEBUG cic.cs.unb.ca.jnetpcap.FlowGenerator    FlagFIN current has 14597 flow
2025-12-08 16:02:02 DEBUG cic.cs.unb.ca.jnetpcap.FlowGenerator    FlagFIN current has 14597 flow
2025-12-08 16:02:03 INFO  cic.cs.unb.ca.jnetpcap.FlowGenerator    Forward flow closed due to FIN Flag
2025-12-08 16:02:03 DEBUG cic.cs.unb.ca.jnetpcap.FlowGenerator    FlagRST current has 14602 flow
2025-12-08 16:02:03 INFO  cic.cs.unb.ca.jnetpcap.FlowGenerator    Forward flow closed due to FIN Flag
2025-12-08 16:02:03 DEBUG cic.cs.unb.ca.jnetpcap.FlowGenerator    FlagFIN current has 14601 flow
2025-12-08 16:02:03 INFO  cic.cs.unb.ca.jnetpcap.FlowGenerator    Forward flow closed due to FIN Flag
2025-12-08 16:02:03 DEBUG cic.cs.unb.ca.jnetpcap.FlowGenerator    FlagRST current has 14604 flow
2025-12-08 16:02:03 INFO  cic.cs.unb.ca.jnetpcap.FlowGenerator    Forward flow closed due to FIN Flag
2025-12-08 16:02:03 INFO  cic.cs.unb.ca.jnetpcap.FlowGenerator    Forward flow closed due to FIN Flag
2025-12-08 16:02:03 INFO  cic.cs.unb.ca.jnetpcap.FlowGenerator    Forward flow closed due to FIN Flag
2025-12-08 16:02:03 DEBUG cic.cs.unb.ca.jnetpcap.FlowGenerator    FlagRST current has 14629 flow
2025-12-08 16:02:03 DEBUG cic.cs.unb.ca.jnetpcap.FlowGenerator    FlagRST current has 14629 flow
2025-12-08 16:02:03 DEBUG cic.cs.unb.ca.jnetpcap.FlowGenerator    FlagRST current has 14628 flow
2025-12-08 16:02:03 DEBUG cic.cs.unb.ca.jnetpcap.FlowGenerator    FlagRST current has 14628 flow
2025-12-08 16:02:03 DEBUG cic.cs.unb.ca.jnetpcap.FlowGenerator    FlagRST current has 14627 flow
2025-12-08 16:02:03 DEBUG cic.cs.unb.ca.jnetpcap.FlowGenerator    FlagRST current has 14627 flow
2025-12-08 16:02:03 DEBUG cic.cs.unb.ca.jnetpcap.FlowGenerator    FlagRST current has 14627 flow
2025-12-08 16:02:03 DEBUG cic.cs.unb.ca.jnetpcap.FlowGenerator    FlagRST current has 14628 flow
2025-12-08 16:02:03 DEBUG cic.cs.unb.ca.jnetpcap.FlowGenerator    FlagRST current has 14629 flow
2025-12-08 16:02:03 DEBUG cic.cs.unb.ca.jnetpcap.FlowGenerator    FlagRST current has 14629 flow
2025-12-08 16:02:03 DEBUG cic.cs.unb.ca.jnetpcap.FlowGenerator    FlagFIN current has 14628 flow
2025-12-08 16:02:03 DEBUG cic.cs.unb.ca.jnetpcap.FlowGenerator    FlagFIN current has 14628 flow
2025-12-08 16:02:03 DEBUG cic.cs.unb.ca.jnetpcap.FlowGenerator    FlagRST current has 14629 flow
2025-12-08 16:02:04 DEBUG cic.cs.unb.ca.jnetpcap.FlowGenerator    Timeout current has 14800 flow
2025-12-08 16:02:04 INFO  cic.cs.unb.ca.jnetpcap.FlowGenerator    Forward flow closed due to FIN Flag
2025-12-08 16:02:04 INFO  cic.cs.unb.ca.jnetpcap.FlowGenerator    Forward flow closed due to FIN Flag
2025-12-08 16:02:04 INFO  cic.cs.unb.ca.jnetpcap.FlowGenerator    Forward flow closed due to FIN Flag
2025-12-08 16:02:04 DEBUG cic.cs.unb.ca.jnetpcap.FlowGenerator    FlagRST current has 14833 flow
2025-12-08 16:02:04 DEBUG cic.cs.unb.ca.jnetpcap.FlowGenerator    FlagRST current has 14833 flow
2025-12-08 16:02:04 DEBUG cic.cs.unb.ca.jnetpcap.FlowGenerator    FlagRST current has 14833 flow
2025-12-08 16:02:04 DEBUG cic.cs.unb.ca.jnetpcap.FlowGenerator    FlagRST current has 14833 flow
2025-12-08 16:02:04 DEBUG cic.cs.unb.ca.jnetpcap.FlowGenerator    FlagRST current has 14832 flow
2025-12-08 16:02:04 DEBUG cic.cs.unb.ca.jnetpcap.FlowGenerator    FlagRST current has 14832 flow
2025-12-08 16:02:05 DEBUG cic.cs.unb.ca.jnetpcap.FlowGenerator    FlagFIN current has 14838 flow
2025-12-08 16:02:05 INFO  cic.cs.unb.ca.jnetpcap.FlowGenerator    Forward flow closed due to FIN Flag
2025-12-08 16:02:05 DEBUG cic.cs.unb.ca.jnetpcap.FlowGenerator    FlagRST current has 14838 flow
2025-12-08 16:02:05 INFO  cic.cs.unb.ca.jnetpcap.FlowGenerator    Forward flow closed due to FIN Flag
2025-12-08 16:02:05 DEBUG cic.cs.unb.ca.jnetpcap.FlowGenerator    FlagRST current has 14837 flow
2025-12-08 16:02:08 INFO  cic.cs.unb.ca.jnetpcap.FlowGenerator    Forward flow closed due to FIN Flag
2025-12-08 16:02:08 DEBUG cic.cs.unb.ca.jnetpcap.FlowGenerator    FlagRST current has 14846 flow
2025-12-08 16:02:08 DEBUG cic.cs.unb.ca.jnetpcap.FlowGenerator    FlagFIN current has 14852 flow
2025-12-08 16:02:09 INFO  cic.cs.unb.ca.jnetpcap.FlowGenerator    Forward flow closed due to FIN Flag
2025-12-08 16:02:09 INFO  cic.cs.unb.ca.jnetpcap.FlowGenerator    Forward flow closed due to FIN Flag
2025-12-08 16:02:09 INFO  cic.cs.unb.ca.jnetpcap.FlowGenerator    Forward flow closed due to FIN Flag
2025-12-08 16:02:09 DEBUG cic.cs.unb.ca.jnetpcap.FlowGenerator    FlagFIN current has 14857 flow
2025-12-08 16:02:09 DEBUG cic.cs.unb.ca.jnetpcap.FlowGenerator    FlagRST current has 14857 flow
2025-12-08 16:02:09 INFO  cic.cs.unb.ca.jnetpcap.FlowGenerator    Forward flow closed due to FIN Flag
2025-12-08 16:02:09 DEBUG cic.cs.unb.ca.jnetpcap.FlowGenerator    FlagRST current has 14856 flow
2025-12-08 16:02:09 DEBUG cic.cs.unb.ca.jnetpcap.FlowGenerator    FlagRST current has 14856 flow
2025-12-08 16:02:09 DEBUG cic.cs.unb.ca.jnetpcap.FlowGenerator    FlagRST current has 14856 flow
2025-12-08 16:02:09 DEBUG cic.cs.unb.ca.jnetpcap.FlowGenerator    FlagRST current has 14856 flow
2025-12-08 16:02:09 DEBUG cic.cs.unb.ca.jnetpcap.FlowGenerator    FlagRST current has 14856 flow
2025-12-08 16:02:09 INFO  cic.cs.unb.ca.flow.ui.FlowMonitorPane    path:C:\Users\z1395\network_trace_system\CICFlowMeter\target\data\daily\2025-12-08_Flow.csv
2025-12-08 16:02:09 DEBUG cic.cs.unb.ca.jnetpcap.worker.TrafficFlowWorker    break Packet loop
2025-12-08 16:02:09 INFO  cic.cs.unb.ca.flow.ui.FlowMonitorPane    Pcap stop listening
