2025-12-12 10:35:48 DEBUG swing.common.SwingUtils    C:\Users\z1395\network_trace_system\CICFlowMeter\target\classes (拒绝访问。)
2025-12-12 10:35:48 DEBUG swing.common.SwingUtils    C:\Users\z1395\network_trace_system\CICFlowMeter\target\data (拒绝访问。)
2025-12-12 10:35:48 DEBUG swing.common.SwingUtils    C:\Users\z1395\network_trace_system\CICFlowMeter\target\generated-sources (拒绝访问。)
2025-12-12 10:35:48 DEBUG swing.common.SwingUtils    C:\Users\z1395\network_trace_system\CICFlowMeter\target\logs (拒绝访问。)
2025-12-12 10:35:48 DEBUG swing.common.SwingUtils    C:\Users\z1395\network_trace_system\CICFlowMeter\target\maven-archiver (拒绝访问。)
2025-12-12 10:35:48 DEBUG swing.common.SwingUtils    C:\Users\z1395\network_trace_system\CICFlowMeter\target\maven-status (拒绝访问。)
2025-12-12 10:35:54 INFO  cic.cs.unb.ca.jnetpcap.worker.TrafficFlowWorker    Pcap is listening...
2025-12-12 10:37:47 INFO  cic.cs.unb.ca.flow.ui.FlowMonitorPane    path:C:\Users\z1395\network_trace_system\CICFlowMeter\target\data\daily\2025-12-12_Flow.csv
2025-12-12 10:51:29 DEBUG swing.common.SwingUtils    C:\Users\z1395\network_trace_system\CICFlowMeter\target\classes (拒绝访问。)
2025-12-12 10:51:29 DEBUG swing.common.SwingUtils    C:\Users\z1395\network_trace_system\CICFlowMeter\target\data (拒绝访问。)
2025-12-12 10:51:29 DEBUG swing.common.SwingUtils    C:\Users\z1395\network_trace_system\CICFlowMeter\target\generated-sources (拒绝访问。)
2025-12-12 10:51:29 DEBUG swing.common.SwingUtils    C:\Users\z1395\network_trace_system\CICFlowMeter\target\logs (拒绝访问。)
2025-12-12 10:51:29 DEBUG swing.common.SwingUtils    C:\Users\z1395\network_trace_system\CICFlowMeter\target\maven-archiver (拒绝访问。)
2025-12-12 10:51:29 DEBUG swing.common.SwingUtils    C:\Users\z1395\network_trace_system\CICFlowMeter\target\maven-status (拒绝访问。)
2025-12-12 10:51:34 INFO  cic.cs.unb.ca.jnetpcap.worker.TrafficFlowWorker    Pcap is listening...
2025-12-12 10:51:37 INFO  cic.cs.unb.ca.jnetpcap.FlowGenerator    Forward flow closed due to FIN Flag
2025-12-12 10:51:37 INFO  cic.cs.unb.ca.jnetpcap.FlowGenerator    Forward flow closed due to FIN Flag
2025-12-12 10:51:37 INFO  cic.cs.unb.ca.jnetpcap.FlowGenerator    Forward flow closed due to FIN Flag
2025-12-12 10:51:37 DEBUG cic.cs.unb.ca.jnetpcap.FlowGenerator    FlagRST current has 152 flow
2025-12-12 10:51:37 DEBUG cic.cs.unb.ca.jnetpcap.FlowGenerator    FlagRST current has 152 flow
2025-12-12 10:51:37 DEBUG cic.cs.unb.ca.jnetpcap.FlowGenerator    FlagRST current has 152 flow
2025-12-12 10:51:37 DEBUG cic.cs.unb.ca.jnetpcap.FlowGenerator    FlagRST current has 152 flow
2025-12-12 10:51:37 DEBUG cic.cs.unb.ca.jnetpcap.FlowGenerator    FlagRST current has 151 flow
2025-12-12 10:51:37 WARN  cic.cs.unb.ca.jnetpcap.FlowGenerator    Forward flow received 2 FIN packets
2025-12-12 10:51:37 DEBUG cic.cs.unb.ca.jnetpcap.FlowGenerator    FlagRST current has 151 flow
2025-12-12 10:51:38 DEBUG cic.cs.unb.ca.jnetpcap.FlowGenerator    FlagRST current has 152 flow
2025-12-12 10:51:48 DEBUG cic.cs.unb.ca.jnetpcap.FlowGenerator    FlagFIN current has 261 flow
2025-12-12 10:51:48 INFO  cic.cs.unb.ca.jnetpcap.FlowGenerator    Forward flow closed due to FIN Flag
2025-12-12 10:52:16 DEBUG cic.cs.unb.ca.jnetpcap.FlowGenerator    FlagFIN current has 3694 flow
2025-12-12 10:52:16 INFO  cic.cs.unb.ca.jnetpcap.FlowGenerator    Forward flow closed due to FIN Flag
2025-12-12 10:52:18 INFO  cic.cs.unb.ca.jnetpcap.FlowGenerator    Forward flow closed due to FIN Flag
2025-12-12 10:52:18 DEBUG cic.cs.unb.ca.jnetpcap.FlowGenerator    FlagFIN current has 4092 flow
2025-12-12 10:52:21 DEBUG cic.cs.unb.ca.jnetpcap.FlowGenerator    FlagFIN current has 4216 flow
2025-12-12 10:52:21 DEBUG cic.cs.unb.ca.jnetpcap.FlowGenerator    FlagFIN current has 4216 flow
2025-12-12 10:52:21 DEBUG cic.cs.unb.ca.jnetpcap.FlowGenerator    FlagRST current has 4216 flow
2025-12-12 10:52:31 DEBUG cic.cs.unb.ca.jnetpcap.FlowGenerator    FlagFIN current has 4321 flow
2025-12-12 10:52:31 INFO  cic.cs.unb.ca.jnetpcap.FlowGenerator    Forward flow closed due to FIN Flag
2025-12-12 10:52:36 DEBUG cic.cs.unb.ca.jnetpcap.FlowGenerator    FlagFIN current has 4496 flow
2025-12-12 10:52:36 INFO  cic.cs.unb.ca.jnetpcap.FlowGenerator    Forward flow closed due to FIN Flag
2025-12-12 10:52:36 DEBUG cic.cs.unb.ca.jnetpcap.FlowGenerator    FlagFIN current has 4496 flow
2025-12-12 10:52:37 INFO  cic.cs.unb.ca.jnetpcap.FlowGenerator    Forward flow closed due to FIN Flag
2025-12-12 10:52:49 DEBUG cic.cs.unb.ca.jnetpcap.FlowGenerator    FlagFIN current has 4663 flow
2025-12-12 10:52:49 DEBUG cic.cs.unb.ca.jnetpcap.FlowGenerator    FlagFIN current has 4672 flow
2025-12-12 10:52:49 DEBUG cic.cs.unb.ca.jnetpcap.FlowGenerator    FlagFIN current has 4672 flow
2025-12-12 10:52:50 DEBUG cic.cs.unb.ca.jnetpcap.FlowGenerator    FlagFIN current has 4674 flow
2025-12-12 10:52:50 INFO  cic.cs.unb.ca.jnetpcap.FlowGenerator    Forward flow closed due to FIN Flag
2025-12-12 10:52:50 INFO  cic.cs.unb.ca.jnetpcap.FlowGenerator    Forward flow closed due to FIN Flag
2025-12-12 10:52:50 INFO  cic.cs.unb.ca.jnetpcap.FlowGenerator    Forward flow closed due to FIN Flag
2025-12-12 10:52:50 INFO  cic.cs.unb.ca.jnetpcap.FlowGenerator    Forward flow closed due to FIN Flag
2025-12-12 10:52:50 DEBUG cic.cs.unb.ca.jnetpcap.FlowGenerator    FlagRST current has 4682 flow
2025-12-12 10:52:50 DEBUG cic.cs.unb.ca.jnetpcap.FlowGenerator    FlagRST current has 4681 flow
2025-12-12 10:53:00 INFO  cic.cs.unb.ca.jnetpcap.FlowGenerator    Forward flow closed due to FIN Flag
2025-12-12 10:53:00 INFO  cic.cs.unb.ca.jnetpcap.FlowGenerator    Forward flow closed due to FIN Flag
2025-12-12 10:53:00 INFO  cic.cs.unb.ca.jnetpcap.FlowGenerator    Forward flow closed due to FIN Flag
2025-12-12 10:53:00 INFO  cic.cs.unb.ca.jnetpcap.FlowGenerator    Forward flow closed due to FIN Flag
2025-12-12 10:53:00 INFO  cic.cs.unb.ca.jnetpcap.FlowGenerator    Forward flow closed due to FIN Flag
2025-12-12 10:53:00 DEBUG cic.cs.unb.ca.jnetpcap.FlowGenerator    FlagRST current has 4826 flow
2025-12-12 10:53:00 DEBUG cic.cs.unb.ca.jnetpcap.FlowGenerator    FlagRST current has 4825 flow
2025-12-12 10:53:00 DEBUG cic.cs.unb.ca.jnetpcap.FlowGenerator    FlagRST current has 4825 flow
2025-12-12 10:53:00 DEBUG cic.cs.unb.ca.jnetpcap.FlowGenerator    FlagRST current has 4824 flow
2025-12-12 10:53:00 DEBUG cic.cs.unb.ca.jnetpcap.FlowGenerator    FlagRST current has 4824 flow
2025-12-12 10:53:00 DEBUG cic.cs.unb.ca.jnetpcap.FlowGenerator    FlagRST current has 4823 flow
2025-12-12 10:53:00 DEBUG cic.cs.unb.ca.jnetpcap.FlowGenerator    FlagRST current has 4823 flow
2025-12-12 10:53:00 DEBUG cic.cs.unb.ca.jnetpcap.FlowGenerator    FlagRST current has 4823 flow
2025-12-12 10:53:00 DEBUG cic.cs.unb.ca.jnetpcap.FlowGenerator    FlagRST current has 4823 flow
2025-12-12 10:53:00 DEBUG cic.cs.unb.ca.jnetpcap.FlowGenerator    FlagRST current has 4823 flow
2025-12-12 10:53:01 DEBUG cic.cs.unb.ca.jnetpcap.FlowGenerator    FlagRST current has 4824 flow
2025-12-12 10:53:01 DEBUG cic.cs.unb.ca.jnetpcap.FlowGenerator    FlagRST current has 4823 flow
2025-12-12 10:53:01 DEBUG cic.cs.unb.ca.jnetpcap.FlowGenerator    FlagRST current has 4823 flow
2025-12-12 10:53:01 DEBUG cic.cs.unb.ca.jnetpcap.FlowGenerator    FlagRST current has 4823 flow
2025-12-12 10:53:01 DEBUG cic.cs.unb.ca.jnetpcap.FlowGenerator    FlagRST current has 4822 flow
2025-12-12 10:53:01 DEBUG cic.cs.unb.ca.jnetpcap.FlowGenerator    FlagRST current has 4822 flow
2025-12-12 10:53:01 DEBUG cic.cs.unb.ca.jnetpcap.FlowGenerator    FlagRST current has 4822 flow
2025-12-12 10:53:18 INFO  cic.cs.unb.ca.jnetpcap.FlowGenerator    Forward flow closed due to FIN Flag
2025-12-12 10:53:18 DEBUG cic.cs.unb.ca.jnetpcap.FlowGenerator    FlagFIN current has 5013 flow
2025-12-12 10:53:20 INFO  cic.cs.unb.ca.jnetpcap.FlowGenerator    Forward flow closed due to FIN Flag
2025-12-12 10:53:20 DEBUG cic.cs.unb.ca.jnetpcap.FlowGenerator    FlagFIN current has 5031 flow
2025-12-12 10:53:28 DEBUG cic.cs.unb.ca.jnetpcap.FlowGenerator    FlagFIN current has 5047 flow
2025-12-12 10:53:28 INFO  cic.cs.unb.ca.jnetpcap.FlowGenerator    Forward flow closed due to FIN Flag
2025-12-12 10:53:28 INFO  cic.cs.unb.ca.jnetpcap.FlowGenerator    Forward flow closed due to FIN Flag
2025-12-12 10:53:28 DEBUG cic.cs.unb.ca.jnetpcap.FlowGenerator    FlagFIN current has 5047 flow
2025-12-12 10:53:33 DEBUG cic.cs.unb.ca.jnetpcap.FlowGenerator    FlagRST current has 5088 flow
2025-12-12 10:53:40 DEBUG cic.cs.unb.ca.jnetpcap.FlowGenerator    Timeout current has 5100 flow
2025-12-12 10:53:40 DEBUG cic.cs.unb.ca.jnetpcap.FlowGenerator    Timeout current has 5100 flow
2025-12-12 10:53:52 INFO  cic.cs.unb.ca.jnetpcap.FlowGenerator    Forward flow closed due to FIN Flag
2025-12-12 10:53:52 DEBUG cic.cs.unb.ca.jnetpcap.FlowGenerator    FlagFIN current has 5168 flow
2025-12-12 10:53:54 DEBUG cic.cs.unb.ca.jnetpcap.FlowGenerator    Timeout current has 5200 flow
2025-12-12 10:53:54 DEBUG cic.cs.unb.ca.jnetpcap.FlowGenerator    Timeout current has 5200 flow
2025-12-12 10:54:04 DEBUG cic.cs.unb.ca.jnetpcap.FlowGenerator    FlagFIN current has 5247 flow
2025-12-12 10:54:04 INFO  cic.cs.unb.ca.jnetpcap.FlowGenerator    Forward flow closed due to FIN Flag
2025-12-12 10:54:04 DEBUG cic.cs.unb.ca.jnetpcap.FlowGenerator    Timeout current has 5250 flow
2025-12-12 10:54:05 DEBUG cic.cs.unb.ca.jnetpcap.FlowGenerator    FlagFIN current has 5264 flow
2025-12-12 10:54:05 INFO  cic.cs.unb.ca.jnetpcap.FlowGenerator    Forward flow closed due to FIN Flag
2025-12-12 10:54:11 INFO  cic.cs.unb.ca.jnetpcap.FlowGenerator    Forward flow closed due to FIN Flag
2025-12-12 10:54:11 DEBUG cic.cs.unb.ca.jnetpcap.FlowGenerator    FlagFIN current has 5310 flow
2025-12-12 10:54:17 DEBUG cic.cs.unb.ca.jnetpcap.FlowGenerator    FlagFIN current has 5365 flow
2025-12-12 10:54:20 DEBUG cic.cs.unb.ca.jnetpcap.FlowGenerator    FlagFIN current has 5375 flow
2025-12-12 10:54:20 DEBUG cic.cs.unb.ca.jnetpcap.FlowGenerator    FlagFIN current has 5375 flow
2025-12-12 10:54:20 DEBUG cic.cs.unb.ca.jnetpcap.FlowGenerator    FlagFIN current has 5375 flow
2025-12-12 10:54:20 DEBUG cic.cs.unb.ca.jnetpcap.FlowGenerator    FlagFIN current has 5375 flow
2025-12-12 10:54:20 DEBUG cic.cs.unb.ca.jnetpcap.FlowGenerator    FlagFIN current has 5375 flow
2025-12-12 10:54:20 DEBUG cic.cs.unb.ca.jnetpcap.FlowGenerator    FlagFIN current has 5375 flow
2025-12-12 10:54:21 INFO  cic.cs.unb.ca.jnetpcap.FlowGenerator    Forward flow closed due to FIN Flag
2025-12-12 10:54:21 DEBUG cic.cs.unb.ca.jnetpcap.FlowGenerator    FlagFIN current has 5379 flow
2025-12-12 10:54:30 DEBUG cic.cs.unb.ca.jnetpcap.FlowGenerator    Timeout current has 5400 flow
2025-12-12 10:54:30 DEBUG cic.cs.unb.ca.jnetpcap.FlowGenerator    Timeout current has 5400 flow
2025-12-12 10:54:38 DEBUG cic.cs.unb.ca.jnetpcap.FlowGenerator    FlagFIN current has 5457 flow
2025-12-12 10:54:38 INFO  cic.cs.unb.ca.jnetpcap.FlowGenerator    Forward flow closed due to FIN Flag
2025-12-12 10:54:38 DEBUG cic.cs.unb.ca.jnetpcap.FlowGenerator    FlagFIN current has 5457 flow
2025-12-12 10:54:38 INFO  cic.cs.unb.ca.jnetpcap.FlowGenerator    Forward flow closed due to FIN Flag
2025-12-12 10:54:38 WARN  cic.cs.unb.ca.jnetpcap.FlowGenerator    Forward flow received 2 FIN packets
2025-12-12 10:54:53 INFO  cic.cs.unb.ca.jnetpcap.FlowGenerator    Forward flow closed due to FIN Flag
2025-12-12 10:54:53 DEBUG cic.cs.unb.ca.jnetpcap.FlowGenerator    FlagFIN current has 5492 flow
2025-12-12 10:54:56 DEBUG cic.cs.unb.ca.jnetpcap.FlowGenerator    FlagFIN current has 5499 flow
2025-12-12 10:54:56 INFO  cic.cs.unb.ca.jnetpcap.FlowGenerator    Forward flow closed due to FIN Flag
2025-12-12 10:55:08 INFO  cic.cs.unb.ca.jnetpcap.FlowGenerator    Forward flow closed due to FIN Flag
2025-12-12 10:55:08 DEBUG cic.cs.unb.ca.jnetpcap.FlowGenerator    FlagRST current has 5557 flow
2025-12-12 10:55:08 INFO  cic.cs.unb.ca.jnetpcap.FlowGenerator    Forward flow closed due to FIN Flag
2025-12-12 10:55:08 DEBUG cic.cs.unb.ca.jnetpcap.FlowGenerator    FlagRST current has 5556 flow
2025-12-12 10:55:08 INFO  cic.cs.unb.ca.jnetpcap.FlowGenerator    Forward flow closed due to FIN Flag
2025-12-12 10:55:08 DEBUG cic.cs.unb.ca.jnetpcap.FlowGenerator    FlagRST current has 5555 flow
2025-12-12 10:55:08 INFO  cic.cs.unb.ca.jnetpcap.FlowGenerator    Forward flow closed due to FIN Flag
2025-12-12 10:55:08 DEBUG cic.cs.unb.ca.jnetpcap.FlowGenerator    FlagRST current has 5554 flow
2025-12-12 10:55:08 INFO  cic.cs.unb.ca.jnetpcap.FlowGenerator    Forward flow closed due to FIN Flag
2025-12-12 10:55:08 DEBUG cic.cs.unb.ca.jnetpcap.FlowGenerator    FlagRST current has 5553 flow
2025-12-12 10:55:08 INFO  cic.cs.unb.ca.jnetpcap.FlowGenerator    Forward flow closed due to FIN Flag
2025-12-12 10:55:08 DEBUG cic.cs.unb.ca.jnetpcap.FlowGenerator    FlagRST current has 5552 flow
2025-12-12 10:55:08 INFO  cic.cs.unb.ca.jnetpcap.FlowGenerator    Forward flow closed due to FIN Flag
2025-12-12 10:55:08 DEBUG cic.cs.unb.ca.jnetpcap.FlowGenerator    FlagRST current has 5551 flow
2025-12-12 10:55:11 DEBUG cic.cs.unb.ca.jnetpcap.FlowGenerator    FlagFIN current has 5609 flow
2025-12-12 10:55:11 INFO  cic.cs.unb.ca.jnetpcap.FlowGenerator    Forward flow closed due to FIN Flag
2025-12-12 10:55:22 DEBUG cic.cs.unb.ca.jnetpcap.FlowGenerator    FlagFIN current has 5636 flow
2025-12-12 10:55:22 INFO  cic.cs.unb.ca.jnetpcap.FlowGenerator    Forward flow closed due to FIN Flag
2025-12-12 10:55:22 INFO  cic.cs.unb.ca.jnetpcap.FlowGenerator    Forward flow closed due to FIN Flag
2025-12-12 10:55:22 DEBUG cic.cs.unb.ca.jnetpcap.FlowGenerator    FlagFIN current has 5642 flow
2025-12-12 10:55:37 INFO  cic.cs.unb.ca.jnetpcap.FlowGenerator    Forward flow closed due to FIN Flag
2025-12-12 10:55:37 DEBUG cic.cs.unb.ca.jnetpcap.FlowGenerator    FlagFIN current has 5875 flow
2025-12-12 10:55:37 DEBUG cic.cs.unb.ca.jnetpcap.FlowGenerator    FlagRST current has 5875 flow
2025-12-12 10:55:37 DEBUG cic.cs.unb.ca.jnetpcap.FlowGenerator    FlagRST current has 5874 flow
2025-12-12 10:55:37 DEBUG cic.cs.unb.ca.jnetpcap.FlowGenerator    FlagRST current has 5873 flow
2025-12-12 10:55:37 DEBUG cic.cs.unb.ca.jnetpcap.FlowGenerator    FlagRST current has 5872 flow
2025-12-12 10:55:42 DEBUG cic.cs.unb.ca.jnetpcap.FlowGenerator    FlagRST current has 5931 flow
2025-12-12 10:55:42 DEBUG cic.cs.unb.ca.jnetpcap.FlowGenerator    FlagRST current has 5930 flow
2025-12-12 10:55:47 INFO  cic.cs.unb.ca.jnetpcap.FlowGenerator    Forward flow closed due to FIN Flag
2025-12-12 10:55:47 DEBUG cic.cs.unb.ca.jnetpcap.FlowGenerator    FlagFIN current has 5954 flow
2025-12-12 10:55:50 INFO  cic.cs.unb.ca.jnetpcap.FlowGenerator    Forward flow closed due to FIN Flag
2025-12-12 10:55:50 DEBUG cic.cs.unb.ca.jnetpcap.FlowGenerator    FlagFIN current has 5963 flow
2025-12-12 10:55:53 INFO  cic.cs.unb.ca.jnetpcap.FlowGenerator    Forward flow closed due to FIN Flag
2025-12-12 10:55:53 DEBUG cic.cs.unb.ca.jnetpcap.FlowGenerator    FlagFIN current has 5976 flow
2025-12-12 10:55:56 DEBUG cic.cs.unb.ca.jnetpcap.FlowGenerator    FlagRST current has 5981 flow
2025-12-12 10:56:06 INFO  cic.cs.unb.ca.jnetpcap.FlowGenerator    Forward flow closed due to FIN Flag
2025-12-12 10:56:06 DEBUG cic.cs.unb.ca.jnetpcap.FlowGenerator    FlagRST current has 6048 flow
2025-12-12 10:56:06 DEBUG cic.cs.unb.ca.jnetpcap.FlowGenerator    FlagRST current has 6048 flow
2025-12-12 10:56:06 DEBUG cic.cs.unb.ca.jnetpcap.FlowGenerator    FlagRST current has 6048 flow
2025-12-12 10:56:06 DEBUG cic.cs.unb.ca.jnetpcap.FlowGenerator    FlagRST current has 6049 flow
2025-12-12 10:56:06 DEBUG cic.cs.unb.ca.jnetpcap.FlowGenerator    Timeout current has 6050 flow
2025-12-12 10:56:07 DEBUG cic.cs.unb.ca.jnetpcap.FlowGenerator    FlagFIN current has 6054 flow
2025-12-12 10:56:12 DEBUG cic.cs.unb.ca.jnetpcap.FlowGenerator    FlagFIN current has 6061 flow
2025-12-12 10:56:12 INFO  cic.cs.unb.ca.jnetpcap.FlowGenerator    Forward flow closed due to FIN Flag
2025-12-12 10:56:12 INFO  cic.cs.unb.ca.jnetpcap.FlowGenerator    Forward flow closed due to FIN Flag
2025-12-12 10:56:12 DEBUG cic.cs.unb.ca.jnetpcap.FlowGenerator    FlagFIN current has 6069 flow
2025-12-12 10:56:20 DEBUG cic.cs.unb.ca.jnetpcap.FlowGenerator    Timeout current has 6100 flow
2025-12-12 10:56:20 DEBUG cic.cs.unb.ca.jnetpcap.FlowGenerator    Timeout current has 6100 flow
2025-12-12 10:56:20 DEBUG cic.cs.unb.ca.jnetpcap.FlowGenerator    FlagRST current has 6102 flow
2025-12-12 10:56:20 DEBUG cic.cs.unb.ca.jnetpcap.FlowGenerator    FlagRST current has 6106 flow
2025-12-12 10:56:23 INFO  cic.cs.unb.ca.jnetpcap.FlowGenerator    Forward flow closed due to FIN Flag
2025-12-12 10:56:23 DEBUG cic.cs.unb.ca.jnetpcap.FlowGenerator    FlagFIN current has 6123 flow
2025-12-12 10:56:29 INFO  cic.cs.unb.ca.jnetpcap.FlowGenerator    Forward flow closed due to FIN Flag
2025-12-12 10:56:29 DEBUG cic.cs.unb.ca.jnetpcap.FlowGenerator    FlagFIN current has 6152 flow
2025-12-12 10:56:29 DEBUG cic.cs.unb.ca.jnetpcap.FlowGenerator    FlagRST current has 6152 flow
2025-12-12 10:56:37 DEBUG cic.cs.unb.ca.jnetpcap.FlowGenerator    FlagFIN current has 6201 flow
2025-12-12 10:56:37 INFO  cic.cs.unb.ca.jnetpcap.FlowGenerator    Forward flow closed due to FIN Flag
2025-12-12 10:56:37 DEBUG cic.cs.unb.ca.jnetpcap.FlowGenerator    FlagRST current has 6201 flow
2025-12-12 10:56:41 DEBUG cic.cs.unb.ca.jnetpcap.FlowGenerator    FlagFIN current has 6223 flow
2025-12-12 10:56:53 INFO  cic.cs.unb.ca.jnetpcap.FlowGenerator    Forward flow closed due to FIN Flag
2025-12-12 10:56:53 DEBUG cic.cs.unb.ca.jnetpcap.FlowGenerator    FlagFIN current has 6283 flow
2025-12-12 10:56:55 INFO  cic.cs.unb.ca.jnetpcap.FlowGenerator    Forward flow closed due to FIN Flag
2025-12-12 10:56:55 DEBUG cic.cs.unb.ca.jnetpcap.FlowGenerator    FlagFIN current has 6288 flow
2025-12-12 10:56:55 DEBUG cic.cs.unb.ca.jnetpcap.FlowGenerator    FlagRST current has 6288 flow
2025-12-12 10:57:06 DEBUG cic.cs.unb.ca.jnetpcap.FlowGenerator    FlagFIN current has 6337 flow
2025-12-12 10:57:06 INFO  cic.cs.unb.ca.jnetpcap.FlowGenerator    Forward flow closed due to FIN Flag
2025-12-12 10:57:06 DEBUG cic.cs.unb.ca.jnetpcap.FlowGenerator    FlagFIN current has 6337 flow
2025-12-12 10:57:06 INFO  cic.cs.unb.ca.jnetpcap.FlowGenerator    Forward flow closed due to FIN Flag
2025-12-12 10:57:12 DEBUG cic.cs.unb.ca.jnetpcap.FlowGenerator    FlagFIN current has 6348 flow
2025-12-12 10:57:12 INFO  cic.cs.unb.ca.jnetpcap.FlowGenerator    Forward flow closed due to FIN Flag
2025-12-12 10:57:25 INFO  cic.cs.unb.ca.jnetpcap.FlowGenerator    Forward flow closed due to FIN Flag
2025-12-12 10:57:25 DEBUG cic.cs.unb.ca.jnetpcap.FlowGenerator    FlagFIN current has 6362 flow
2025-12-12 10:57:25 DEBUG cic.cs.unb.ca.jnetpcap.FlowGenerator    FlagFIN current has 6365 flow
2025-12-12 10:57:51 INFO  cic.cs.unb.ca.jnetpcap.FlowGenerator    Forward flow closed due to FIN Flag
2025-12-12 10:57:51 WARN  cic.cs.unb.ca.jnetpcap.FlowGenerator    Forward flow received 2 FIN packets
2025-12-12 10:57:52 WARN  cic.cs.unb.ca.jnetpcap.FlowGenerator    Forward flow received 3 FIN packets
2025-12-12 10:57:55 INFO  cic.cs.unb.ca.jnetpcap.FlowGenerator    Forward flow closed due to FIN Flag
2025-12-12 10:57:55 DEBUG cic.cs.unb.ca.jnetpcap.FlowGenerator    FlagFIN current has 6484 flow
2025-12-12 10:57:58 DEBUG cic.cs.unb.ca.jnetpcap.FlowGenerator    Timeout current has 6500 flow
2025-12-12 10:57:58 DEBUG cic.cs.unb.ca.jnetpcap.FlowGenerator    Timeout current has 6500 flow
2025-12-12 10:58:24 INFO  cic.cs.unb.ca.jnetpcap.FlowGenerator    Forward flow closed due to FIN Flag
2025-12-12 10:58:24 DEBUG cic.cs.unb.ca.jnetpcap.FlowGenerator    FlagFIN current has 6566 flow
2025-12-12 10:58:25 INFO  cic.cs.unb.ca.jnetpcap.FlowGenerator    Forward flow closed due to FIN Flag
2025-12-12 10:58:25 DEBUG cic.cs.unb.ca.jnetpcap.FlowGenerator    FlagFIN current has 6571 flow
2025-12-12 10:58:25 DEBUG cic.cs.unb.ca.jnetpcap.FlowGenerator    FlagRST current has 6571 flow
2025-12-12 10:58:25 DEBUG cic.cs.unb.ca.jnetpcap.FlowGenerator    FlagRST current has 6571 flow
2025-12-12 10:58:34 DEBUG cic.cs.unb.ca.jnetpcap.FlowGenerator    Timeout current has 6600 flow
2025-12-12 10:58:39 DEBUG cic.cs.unb.ca.jnetpcap.FlowGenerator    FlagFIN current has 6649 flow
2025-12-12 10:58:47 DEBUG cic.cs.unb.ca.jnetpcap.FlowGenerator    FlagFIN current has 6664 flow
2025-12-12 10:58:47 INFO  cic.cs.unb.ca.jnetpcap.FlowGenerator    Forward flow closed due to FIN Flag
2025-12-12 10:58:55 INFO  cic.cs.unb.ca.jnetpcap.FlowGenerator    Forward flow closed due to FIN Flag
2025-12-12 10:58:55 DEBUG cic.cs.unb.ca.jnetpcap.FlowGenerator    FlagFIN current has 6686 flow
2025-12-12 10:58:55 DEBUG cic.cs.unb.ca.jnetpcap.FlowGenerator    FlagRST current has 6686 flow
2025-12-12 10:58:55 DEBUG cic.cs.unb.ca.jnetpcap.FlowGenerator    FlagRST current has 6686 flow
2025-12-12 10:58:55 INFO  cic.cs.unb.ca.jnetpcap.FlowGenerator    Forward flow closed due to FIN Flag
2025-12-12 10:58:55 DEBUG cic.cs.unb.ca.jnetpcap.FlowGenerator    FlagFIN current has 6689 flow
2025-12-12 10:59:23 DEBUG cic.cs.unb.ca.jnetpcap.FlowGenerator    Timeout current has 6750 flow
2025-12-12 10:59:23 DEBUG cic.cs.unb.ca.jnetpcap.FlowGenerator    Timeout current has 6750 flow
2025-12-12 10:59:23 DEBUG cic.cs.unb.ca.jnetpcap.FlowGenerator    Timeout current has 6750 flow
2025-12-12 10:59:23 DEBUG cic.cs.unb.ca.jnetpcap.FlowGenerator    Timeout current has 6750 flow
2025-12-12 10:59:27 DEBUG cic.cs.unb.ca.jnetpcap.FlowGenerator    FlagFIN current has 6756 flow
2025-12-12 10:59:27 INFO  cic.cs.unb.ca.jnetpcap.FlowGenerator    Forward flow closed due to FIN Flag
2025-12-12 10:59:27 DEBUG cic.cs.unb.ca.jnetpcap.FlowGenerator    FlagRST current has 6756 flow
2025-12-12 10:59:54 DEBUG cic.cs.unb.ca.jnetpcap.FlowGenerator    Timeout current has 6850 flow
2025-12-12 10:59:56 INFO  cic.cs.unb.ca.jnetpcap.FlowGenerator    Forward flow closed due to FIN Flag
2025-12-12 10:59:56 DEBUG cic.cs.unb.ca.jnetpcap.FlowGenerator    FlagFIN current has 6853 flow
2025-12-12 11:00:12 DEBUG cic.cs.unb.ca.jnetpcap.FlowGenerator    Timeout current has 6900 flow
2025-12-12 11:00:27 INFO  cic.cs.unb.ca.jnetpcap.FlowGenerator    Forward flow closed due to FIN Flag
2025-12-12 11:00:27 DEBUG cic.cs.unb.ca.jnetpcap.FlowGenerator    FlagFIN current has 6921 flow
2025-12-12 11:00:32 INFO  cic.cs.unb.ca.jnetpcap.FlowGenerator    Forward flow closed due to FIN Flag
2025-12-12 11:00:32 DEBUG cic.cs.unb.ca.jnetpcap.FlowGenerator    FlagFIN current has 6940 flow
2025-12-12 11:00:49 INFO  cic.cs.unb.ca.jnetpcap.FlowGenerator    Forward flow closed due to FIN Flag
2025-12-12 11:00:49 DEBUG cic.cs.unb.ca.jnetpcap.FlowGenerator    FlagFIN current has 6991 flow
2025-12-12 11:00:55 INFO  cic.cs.unb.ca.jnetpcap.FlowGenerator    Forward flow closed due to FIN Flag
2025-12-12 11:00:55 DEBUG cic.cs.unb.ca.jnetpcap.FlowGenerator    FlagFIN current has 7018 flow
2025-12-12 11:01:14 INFO  cic.cs.unb.ca.jnetpcap.FlowGenerator    Forward flow closed due to FIN Flag
2025-12-12 11:01:14 DEBUG cic.cs.unb.ca.jnetpcap.FlowGenerator    FlagFIN current has 7085 flow
2025-12-12 11:01:21 DEBUG cic.cs.unb.ca.jnetpcap.FlowGenerator    FlagRST current has 7095 flow
2025-12-12 11:01:29 INFO  cic.cs.unb.ca.jnetpcap.FlowGenerator    Forward flow closed due to FIN Flag
2025-12-12 11:01:29 DEBUG cic.cs.unb.ca.jnetpcap.FlowGenerator    FlagFIN current has 7108 flow
2025-12-12 11:01:47 DEBUG cic.cs.unb.ca.jnetpcap.FlowGenerator    FlagFIN current has 7160 flow
2025-12-12 11:01:47 INFO  cic.cs.unb.ca.jnetpcap.FlowGenerator    Forward flow closed due to FIN Flag
2025-12-12 11:01:57 DEBUG cic.cs.unb.ca.jnetpcap.FlowGenerator    FlagFIN current has 7181 flow
2025-12-12 11:01:57 INFO  cic.cs.unb.ca.jnetpcap.FlowGenerator    Forward flow closed due to FIN Flag
2025-12-12 11:01:57 DEBUG cic.cs.unb.ca.jnetpcap.FlowGenerator    FlagRST current has 7181 flow
2025-12-12 11:02:09 DEBUG cic.cs.unb.ca.jnetpcap.FlowGenerator    FlagFIN current has 7226 flow
2025-12-12 11:02:09 INFO  cic.cs.unb.ca.jnetpcap.FlowGenerator    Forward flow closed due to FIN Flag
2025-12-12 11:02:27 INFO  cic.cs.unb.ca.jnetpcap.FlowGenerator    Forward flow closed due to FIN Flag
2025-12-12 11:02:27 DEBUG cic.cs.unb.ca.jnetpcap.FlowGenerator    FlagFIN current has 7260 flow
2025-12-12 11:02:31 DEBUG cic.cs.unb.ca.jnetpcap.FlowGenerator    FlagFIN current has 7268 flow
2025-12-12 11:02:31 INFO  cic.cs.unb.ca.jnetpcap.FlowGenerator    Forward flow closed due to FIN Flag
2025-12-12 11:02:31 DEBUG cic.cs.unb.ca.jnetpcap.FlowGenerator    FlagFIN current has 7271 flow
2025-12-12 11:02:31 INFO  cic.cs.unb.ca.jnetpcap.FlowGenerator    Forward flow closed due to FIN Flag
2025-12-12 11:02:39 DEBUG cic.cs.unb.ca.jnetpcap.FlowGenerator    Timeout current has 7300 flow
2025-12-12 11:02:43 INFO  cic.cs.unb.ca.jnetpcap.FlowGenerator    Forward flow closed due to FIN Flag
2025-12-12 11:02:43 INFO  cic.cs.unb.ca.jnetpcap.FlowGenerator    Forward flow closed due to FIN Flag
2025-12-12 11:02:43 INFO  cic.cs.unb.ca.jnetpcap.FlowGenerator    Forward flow closed due to FIN Flag
2025-12-12 11:02:43 INFO  cic.cs.unb.ca.jnetpcap.FlowGenerator    Forward flow closed due to FIN Flag
2025-12-12 11:02:43 INFO  cic.cs.unb.ca.jnetpcap.FlowGenerator    Forward flow closed due to FIN Flag
2025-12-12 11:02:43 INFO  cic.cs.unb.ca.jnetpcap.FlowGenerator    Forward flow closed due to FIN Flag
2025-12-12 11:02:43 INFO  cic.cs.unb.ca.jnetpcap.FlowGenerator    Forward flow closed due to FIN Flag
2025-12-12 11:02:43 INFO  cic.cs.unb.ca.jnetpcap.FlowGenerator    Forward flow closed due to FIN Flag
2025-12-12 11:02:43 INFO  cic.cs.unb.ca.jnetpcap.FlowGenerator    Forward flow closed due to FIN Flag
2025-12-12 11:02:43 INFO  cic.cs.unb.ca.jnetpcap.FlowGenerator    Forward flow closed due to FIN Flag
2025-12-12 11:02:43 INFO  cic.cs.unb.ca.jnetpcap.FlowGenerator    Forward flow closed due to FIN Flag
2025-12-12 11:02:43 INFO  cic.cs.unb.ca.jnetpcap.FlowGenerator    Forward flow closed due to FIN Flag
2025-12-12 11:02:43 INFO  cic.cs.unb.ca.jnetpcap.FlowGenerator    Forward flow closed due to FIN Flag
2025-12-12 11:02:43 INFO  cic.cs.unb.ca.jnetpcap.FlowGenerator    Forward flow closed due to FIN Flag
2025-12-12 11:02:43 INFO  cic.cs.unb.ca.jnetpcap.FlowGenerator    Forward flow closed due to FIN Flag
2025-12-12 11:02:43 INFO  cic.cs.unb.ca.jnetpcap.FlowGenerator    Forward flow closed due to FIN Flag
2025-12-12 11:02:43 DEBUG cic.cs.unb.ca.jnetpcap.FlowGenerator    FlagFIN current has 7312 flow
2025-12-12 11:02:43 DEBUG cic.cs.unb.ca.jnetpcap.FlowGenerator    FlagFIN current has 7312 flow
2025-12-12 11:02:43 DEBUG cic.cs.unb.ca.jnetpcap.FlowGenerator    FlagFIN current has 7312 flow
2025-12-12 11:02:43 DEBUG cic.cs.unb.ca.jnetpcap.FlowGenerator    FlagFIN current has 7312 flow
2025-12-12 11:02:43 DEBUG cic.cs.unb.ca.jnetpcap.FlowGenerator    FlagFIN current has 7312 flow
2025-12-12 11:02:43 DEBUG cic.cs.unb.ca.jnetpcap.FlowGenerator    FlagRST current has 7312 flow
2025-12-12 11:02:43 DEBUG cic.cs.unb.ca.jnetpcap.FlowGenerator    FlagRST current has 7312 flow
2025-12-12 11:02:43 DEBUG cic.cs.unb.ca.jnetpcap.FlowGenerator    FlagRST current has 7312 flow
2025-12-12 11:02:43 DEBUG cic.cs.unb.ca.jnetpcap.FlowGenerator    FlagFIN current has 7311 flow
2025-12-12 11:02:43 DEBUG cic.cs.unb.ca.jnetpcap.FlowGenerator    FlagRST current has 7312 flow
2025-12-12 11:02:43 DEBUG cic.cs.unb.ca.jnetpcap.FlowGenerator    FlagRST current has 7311 flow
2025-12-12 11:02:43 DEBUG cic.cs.unb.ca.jnetpcap.FlowGenerator    FlagRST current has 7311 flow
2025-12-12 11:02:43 DEBUG cic.cs.unb.ca.jnetpcap.FlowGenerator    FlagFIN current has 7310 flow
2025-12-12 11:02:43 DEBUG cic.cs.unb.ca.jnetpcap.FlowGenerator    FlagRST current has 7310 flow
2025-12-12 11:02:43 DEBUG cic.cs.unb.ca.jnetpcap.FlowGenerator    FlagRST current has 7309 flow
2025-12-12 11:02:43 DEBUG cic.cs.unb.ca.jnetpcap.FlowGenerator    FlagRST current has 7309 flow
2025-12-12 11:02:43 DEBUG cic.cs.unb.ca.jnetpcap.FlowGenerator    FlagFIN current has 7308 flow
2025-12-12 11:02:43 DEBUG cic.cs.unb.ca.jnetpcap.FlowGenerator    FlagRST current has 7308 flow
2025-12-12 11:02:43 DEBUG cic.cs.unb.ca.jnetpcap.FlowGenerator    FlagRST current has 7307 flow
2025-12-12 11:02:43 DEBUG cic.cs.unb.ca.jnetpcap.FlowGenerator    FlagRST current has 7307 flow
2025-12-12 11:02:43 DEBUG cic.cs.unb.ca.jnetpcap.FlowGenerator    FlagRST current has 7306 flow
2025-12-12 11:02:43 DEBUG cic.cs.unb.ca.jnetpcap.FlowGenerator    FlagRST current has 7306 flow
2025-12-12 11:02:43 DEBUG cic.cs.unb.ca.jnetpcap.FlowGenerator    FlagRST current has 7305 flow
2025-12-12 11:02:43 DEBUG cic.cs.unb.ca.jnetpcap.FlowGenerator    FlagRST current has 7305 flow
2025-12-12 11:02:43 DEBUG cic.cs.unb.ca.jnetpcap.FlowGenerator    FlagRST current has 7304 flow
2025-12-12 11:02:43 DEBUG cic.cs.unb.ca.jnetpcap.FlowGenerator    FlagRST current has 7304 flow
2025-12-12 11:02:43 DEBUG cic.cs.unb.ca.jnetpcap.FlowGenerator    FlagRST current has 7303 flow
2025-12-12 11:02:43 DEBUG cic.cs.unb.ca.jnetpcap.FlowGenerator    FlagRST current has 7303 flow
2025-12-12 11:02:43 DEBUG cic.cs.unb.ca.jnetpcap.FlowGenerator    FlagFIN current has 7302 flow
2025-12-12 11:02:43 DEBUG cic.cs.unb.ca.jnetpcap.FlowGenerator    FlagRST current has 7302 flow
2025-12-12 11:02:43 DEBUG cic.cs.unb.ca.jnetpcap.FlowGenerator    FlagRST current has 7302 flow
2025-12-12 11:02:43 DEBUG cic.cs.unb.ca.jnetpcap.FlowGenerator    FlagRST current has 7302 flow
2025-12-12 11:02:43 DEBUG cic.cs.unb.ca.jnetpcap.FlowGenerator    FlagFIN current has 7301 flow
2025-12-12 11:02:43 DEBUG cic.cs.unb.ca.jnetpcap.FlowGenerator    FlagRST current has 7302 flow
2025-12-12 11:02:43 INFO  cic.cs.unb.ca.jnetpcap.FlowGenerator    Forward flow closed due to FIN Flag
2025-12-12 11:02:43 DEBUG cic.cs.unb.ca.jnetpcap.FlowGenerator    FlagRST current has 7302 flow
2025-12-12 11:02:43 DEBUG cic.cs.unb.ca.jnetpcap.FlowGenerator    FlagFIN current has 7302 flow
2025-12-12 11:02:44 DEBUG cic.cs.unb.ca.jnetpcap.FlowGenerator    FlagRST current has 7353 flow
2025-12-12 11:02:46 INFO  cic.cs.unb.ca.flow.ui.FlowMonitorPane    path:C:\Users\z1395\network_trace_system\CICFlowMeter\target\data\daily\2025-12-12_Flow.csv
2025-12-12 11:02:48 DEBUG cic.cs.unb.ca.jnetpcap.worker.TrafficFlowWorker    break Packet loop
2025-12-12 11:02:48 INFO  cic.cs.unb.ca.flow.ui.FlowMonitorPane    Pcap stop listening
2025-12-12 11:14:15 DEBUG swing.common.SwingUtils    C:\Users\z1395\network_trace_system\CICFlowMeter\target\classes (拒绝访问。)
2025-12-12 11:14:15 DEBUG swing.common.SwingUtils    C:\Users\z1395\network_trace_system\CICFlowMeter\target\data (拒绝访问。)
2025-12-12 11:14:15 DEBUG swing.common.SwingUtils    C:\Users\z1395\network_trace_system\CICFlowMeter\target\generated-sources (拒绝访问。)
2025-12-12 11:14:15 DEBUG swing.common.SwingUtils    C:\Users\z1395\network_trace_system\CICFlowMeter\target\logs (拒绝访问。)
2025-12-12 11:14:15 DEBUG swing.common.SwingUtils    C:\Users\z1395\network_trace_system\CICFlowMeter\target\maven-archiver (拒绝访问。)
2025-12-12 11:14:15 DEBUG swing.common.SwingUtils    C:\Users\z1395\network_trace_system\CICFlowMeter\target\maven-status (拒绝访问。)
2025-12-12 11:14:19 INFO  cic.cs.unb.ca.jnetpcap.worker.TrafficFlowWorker    Pcap is listening...
2025-12-12 11:14:22 INFO  cic.cs.unb.ca.jnetpcap.FlowGenerator    Forward flow closed due to FIN Flag
2025-12-12 11:14:22 INFO  cic.cs.unb.ca.jnetpcap.FlowGenerator    Forward flow closed due to FIN Flag
2025-12-12 11:14:22 DEBUG cic.cs.unb.ca.jnetpcap.FlowGenerator    FlagRST current has 190 flow
2025-12-12 11:14:22 DEBUG cic.cs.unb.ca.jnetpcap.FlowGenerator    FlagRST current has 189 flow
2025-12-12 11:14:22 DEBUG cic.cs.unb.ca.jnetpcap.FlowGenerator    FlagRST current has 231 flow
2025-12-12 11:14:24 INFO  cic.cs.unb.ca.jnetpcap.FlowGenerator    Forward flow closed due to FIN Flag
2025-12-12 11:14:24 INFO  cic.cs.unb.ca.jnetpcap.FlowGenerator    Forward flow closed due to FIN Flag
2025-12-12 11:14:24 DEBUG cic.cs.unb.ca.jnetpcap.FlowGenerator    FlagRST current has 258 flow
2025-12-12 11:14:24 DEBUG cic.cs.unb.ca.jnetpcap.FlowGenerator    FlagRST current has 258 flow
2025-12-12 11:14:25 INFO  cic.cs.unb.ca.jnetpcap.FlowGenerator    Forward flow closed due to FIN Flag
2025-12-12 11:14:25 DEBUG cic.cs.unb.ca.jnetpcap.FlowGenerator    FlagRST current has 260 flow
2025-12-12 11:14:25 DEBUG cic.cs.unb.ca.jnetpcap.FlowGenerator    FlagRST current has 260 flow
2025-12-12 11:14:25 INFO  cic.cs.unb.ca.jnetpcap.FlowGenerator    Forward flow closed due to FIN Flag
2025-12-12 11:14:25 DEBUG cic.cs.unb.ca.jnetpcap.FlowGenerator    FlagRST current has 260 flow
2025-12-12 11:14:25 DEBUG cic.cs.unb.ca.jnetpcap.FlowGenerator    FlagFIN current has 261 flow
2025-12-12 11:14:27 DEBUG cic.cs.unb.ca.jnetpcap.FlowGenerator    FlagFIN current has 292 flow
2025-12-12 11:14:27 INFO  cic.cs.unb.ca.jnetpcap.FlowGenerator    Forward flow closed due to FIN Flag
2025-12-12 11:14:27 DEBUG cic.cs.unb.ca.jnetpcap.FlowGenerator    FlagFIN current has 299 flow
2025-12-12 11:14:27 DEBUG cic.cs.unb.ca.jnetpcap.FlowGenerator    FlagFIN current has 299 flow
2025-12-12 11:14:30 WARN  cic.cs.unb.ca.jnetpcap.FlowGenerator    Forward flow received 2 FIN packets
2025-12-12 11:14:40 INFO  cic.cs.unb.ca.jnetpcap.FlowGenerator    Forward flow closed due to FIN Flag
2025-12-12 11:14:40 DEBUG cic.cs.unb.ca.jnetpcap.FlowGenerator    FlagFIN current has 2706 flow
2025-12-12 11:14:44 WARN  cic.cs.unb.ca.jnetpcap.FlowGenerator    Forward flow received 3 FIN packets
2025-12-12 11:14:44 INFO  cic.cs.unb.ca.jnetpcap.FlowGenerator    Forward flow closed due to FIN Flag
2025-12-12 11:14:44 DEBUG cic.cs.unb.ca.jnetpcap.FlowGenerator    FlagFIN current has 2999 flow
2025-12-12 11:14:44 DEBUG cic.cs.unb.ca.jnetpcap.FlowGenerator    FlagRST current has 2999 flow
2025-12-12 11:14:44 DEBUG cic.cs.unb.ca.jnetpcap.FlowGenerator    FlagRST current has 2999 flow
2025-12-12 11:15:00 DEBUG cic.cs.unb.ca.jnetpcap.FlowGenerator    FlagFIN current has 3892 flow
2025-12-12 11:15:00 DEBUG cic.cs.unb.ca.jnetpcap.FlowGenerator    FlagFIN current has 3892 flow
2025-12-12 11:15:02 DEBUG cic.cs.unb.ca.jnetpcap.FlowGenerator    FlagRST current has 3901 flow
2025-12-12 11:15:08 WARN  cic.cs.unb.ca.jnetpcap.FlowGenerator    Forward flow received 4 FIN packets
2025-12-12 11:15:12 INFO  cic.cs.unb.ca.jnetpcap.FlowGenerator    Forward flow closed due to FIN Flag
2025-12-12 11:15:12 DEBUG cic.cs.unb.ca.jnetpcap.FlowGenerator    FlagFIN current has 4360 flow
2025-12-12 11:15:13 DEBUG cic.cs.unb.ca.jnetpcap.FlowGenerator    FlagRST current has 4388 flow
2025-12-12 11:15:25 INFO  cic.cs.unb.ca.jnetpcap.FlowGenerator    Forward flow closed due to FIN Flag
2025-12-12 11:15:25 INFO  cic.cs.unb.ca.jnetpcap.FlowGenerator    Forward flow closed due to FIN Flag
2025-12-12 11:15:26 DEBUG cic.cs.unb.ca.jnetpcap.FlowGenerator    FlagRST current has 4770 flow
2025-12-12 11:15:26 DEBUG cic.cs.unb.ca.jnetpcap.FlowGenerator    FlagRST current has 4769 flow
2025-12-12 11:15:39 INFO  cic.cs.unb.ca.jnetpcap.FlowGenerator    Forward flow closed due to FIN Flag
2025-12-12 11:15:39 DEBUG cic.cs.unb.ca.jnetpcap.FlowGenerator    FlagFIN current has 5531 flow
2025-12-12 11:15:39 INFO  cic.cs.unb.ca.jnetpcap.FlowGenerator    Forward flow closed due to FIN Flag
2025-12-12 11:15:39 DEBUG cic.cs.unb.ca.jnetpcap.FlowGenerator    FlagFIN current has 5657 flow
2025-12-12 11:15:39 INFO  cic.cs.unb.ca.jnetpcap.FlowGenerator    Forward flow closed due to FIN Flag
2025-12-12 11:15:39 DEBUG cic.cs.unb.ca.jnetpcap.FlowGenerator    FlagFIN current has 5695 flow
2025-12-12 11:15:39 INFO  cic.cs.unb.ca.jnetpcap.FlowGenerator    Forward flow closed due to FIN Flag
2025-12-12 11:15:39 DEBUG cic.cs.unb.ca.jnetpcap.FlowGenerator    FlagFIN current has 5697 flow
2025-12-12 11:15:39 INFO  cic.cs.unb.ca.jnetpcap.FlowGenerator    Forward flow closed due to FIN Flag
2025-12-12 11:15:39 DEBUG cic.cs.unb.ca.jnetpcap.FlowGenerator    FlagFIN current has 5704 flow
2025-12-12 11:15:41 INFO  cic.cs.unb.ca.jnetpcap.FlowGenerator    Forward flow closed due to FIN Flag
2025-12-12 11:15:41 DEBUG cic.cs.unb.ca.jnetpcap.FlowGenerator    FlagFIN current has 5844 flow
2025-12-12 11:15:43 INFO  cic.cs.unb.ca.jnetpcap.FlowGenerator    Forward flow closed due to FIN Flag
2025-12-12 11:15:43 DEBUG cic.cs.unb.ca.jnetpcap.FlowGenerator    FlagRST current has 5924 flow
2025-12-12 11:15:43 DEBUG cic.cs.unb.ca.jnetpcap.FlowGenerator    FlagRST current has 5924 flow
2025-12-12 11:15:46 INFO  cic.cs.unb.ca.jnetpcap.FlowGenerator    Forward flow closed due to FIN Flag
2025-12-12 11:15:46 INFO  cic.cs.unb.ca.jnetpcap.FlowGenerator    Forward flow closed due to FIN Flag
2025-12-12 11:15:46 DEBUG cic.cs.unb.ca.jnetpcap.FlowGenerator    FlagFIN current has 5983 flow
2025-12-12 11:15:46 DEBUG cic.cs.unb.ca.jnetpcap.FlowGenerator    FlagRST current has 5983 flow
2025-12-12 11:15:46 DEBUG cic.cs.unb.ca.jnetpcap.FlowGenerator    FlagRST current has 5983 flow
2025-12-12 11:15:48 INFO  cic.cs.unb.ca.jnetpcap.FlowGenerator    Forward flow closed due to FIN Flag
2025-12-12 11:15:48 DEBUG cic.cs.unb.ca.jnetpcap.FlowGenerator    FlagFIN current has 6009 flow
2025-12-12 11:15:50 DEBUG cic.cs.unb.ca.jnetpcap.FlowGenerator    FlagFIN current has 6065 flow
2025-12-12 11:15:50 INFO  cic.cs.unb.ca.jnetpcap.FlowGenerator    Forward flow closed due to FIN Flag
2025-12-12 11:15:55 WARN  cic.cs.unb.ca.jnetpcap.FlowGenerator    Forward flow received 5 FIN packets
2025-12-12 11:16:03 INFO  cic.cs.unb.ca.jnetpcap.FlowGenerator    Forward flow closed due to FIN Flag
2025-12-12 11:16:03 DEBUG cic.cs.unb.ca.jnetpcap.FlowGenerator    FlagFIN current has 6144 flow
2025-12-12 11:16:03 DEBUG cic.cs.unb.ca.jnetpcap.FlowGenerator    FlagRST current has 6144 flow
2025-12-12 11:16:05 DEBUG cic.cs.unb.ca.jnetpcap.FlowGenerator    FlagRST current has 6144 flow
2025-12-12 11:16:11 DEBUG cic.cs.unb.ca.jnetpcap.FlowGenerator    FlagFIN current has 6158 flow
2025-12-12 11:16:11 INFO  cic.cs.unb.ca.jnetpcap.FlowGenerator    Forward flow closed due to FIN Flag
2025-12-12 11:16:11 DEBUG cic.cs.unb.ca.jnetpcap.FlowGenerator    FlagFIN current has 6175 flow
2025-12-12 11:16:11 INFO  cic.cs.unb.ca.jnetpcap.FlowGenerator    Forward flow closed due to FIN Flag
2025-12-12 11:16:12 INFO  cic.cs.unb.ca.jnetpcap.FlowGenerator    Forward flow closed due to FIN Flag
2025-12-12 11:16:12 DEBUG cic.cs.unb.ca.jnetpcap.FlowGenerator    FlagFIN current has 6186 flow
2025-12-12 11:16:12 INFO  cic.cs.unb.ca.jnetpcap.FlowGenerator    Forward flow closed due to FIN Flag
2025-12-12 11:16:12 DEBUG cic.cs.unb.ca.jnetpcap.FlowGenerator    FlagFIN current has 6186 flow
2025-12-12 11:16:12 INFO  cic.cs.unb.ca.jnetpcap.FlowGenerator    Forward flow closed due to FIN Flag
2025-12-12 11:16:12 DEBUG cic.cs.unb.ca.jnetpcap.FlowGenerator    FlagFIN current has 6188 flow
2025-12-12 11:16:17 DEBUG cic.cs.unb.ca.jnetpcap.FlowGenerator    FlagFIN current has 6209 flow
2025-12-12 11:16:17 INFO  cic.cs.unb.ca.jnetpcap.FlowGenerator    Forward flow closed due to FIN Flag
2025-12-12 11:16:21 DEBUG cic.cs.unb.ca.jnetpcap.FlowGenerator    FlagRST current has 6214 flow
2025-12-12 11:16:21 DEBUG cic.cs.unb.ca.jnetpcap.FlowGenerator    FlagRST current has 6216 flow
2025-12-12 11:16:35 DEBUG cic.cs.unb.ca.jnetpcap.FlowGenerator    FlagFIN current has 6287 flow
2025-12-12 11:16:35 INFO  cic.cs.unb.ca.jnetpcap.FlowGenerator    Forward flow closed due to FIN Flag
2025-12-12 11:16:42 INFO  cic.cs.unb.ca.jnetpcap.FlowGenerator    Forward flow closed due to FIN Flag
2025-12-12 11:16:42 DEBUG cic.cs.unb.ca.jnetpcap.FlowGenerator    FlagFIN current has 6416 flow
2025-12-12 11:16:45 DEBUG cic.cs.unb.ca.jnetpcap.FlowGenerator    FlagFIN current has 6429 flow
2025-12-12 11:16:45 INFO  cic.cs.unb.ca.jnetpcap.FlowGenerator    Forward flow closed due to FIN Flag
2025-12-12 11:16:49 INFO  cic.cs.unb.ca.jnetpcap.FlowGenerator    Forward flow closed due to FIN Flag
2025-12-12 11:16:49 DEBUG cic.cs.unb.ca.jnetpcap.FlowGenerator    FlagFIN current has 6459 flow
2025-12-12 11:16:49 INFO  cic.cs.unb.ca.jnetpcap.FlowGenerator    Forward flow closed due to FIN Flag
2025-12-12 11:16:49 DEBUG cic.cs.unb.ca.jnetpcap.FlowGenerator    FlagFIN current has 6462 flow
2025-12-12 11:16:49 DEBUG cic.cs.unb.ca.jnetpcap.FlowGenerator    FlagRST current has 6462 flow
2025-12-12 11:16:49 DEBUG cic.cs.unb.ca.jnetpcap.FlowGenerator    FlagFIN current has 6467 flow
2025-12-12 11:16:49 INFO  cic.cs.unb.ca.jnetpcap.FlowGenerator    Forward flow closed due to FIN Flag
2025-12-12 11:16:49 INFO  cic.cs.unb.ca.jnetpcap.FlowGenerator    Forward flow closed due to FIN Flag
2025-12-12 11:16:49 DEBUG cic.cs.unb.ca.jnetpcap.FlowGenerator    FlagFIN current has 6467 flow
2025-12-12 11:16:52 INFO  cic.cs.unb.ca.jnetpcap.FlowGenerator    Forward flow closed due to FIN Flag
2025-12-12 11:16:52 DEBUG cic.cs.unb.ca.jnetpcap.FlowGenerator    FlagFIN current has 6470 flow
2025-12-12 11:16:52 DEBUG cic.cs.unb.ca.jnetpcap.FlowGenerator    FlagRST current has 6470 flow
2025-12-12 11:16:54 INFO  cic.cs.unb.ca.jnetpcap.FlowGenerator    Forward flow closed due to FIN Flag
2025-12-12 11:16:54 DEBUG cic.cs.unb.ca.jnetpcap.FlowGenerator    FlagFIN current has 6481 flow
2025-12-12 11:16:54 DEBUG cic.cs.unb.ca.jnetpcap.FlowGenerator    FlagRST current has 6481 flow
2025-12-12 11:16:55 DEBUG cic.cs.unb.ca.jnetpcap.FlowGenerator    FlagRST current has 6480 flow
2025-12-12 11:17:13 INFO  cic.cs.unb.ca.jnetpcap.FlowGenerator    Forward flow closed due to FIN Flag
2025-12-12 11:17:13 DEBUG cic.cs.unb.ca.jnetpcap.FlowGenerator    FlagFIN current has 6584 flow
2025-12-12 11:17:13 DEBUG cic.cs.unb.ca.jnetpcap.FlowGenerator    FlagFIN current has 6584 flow
2025-12-12 11:17:13 INFO  cic.cs.unb.ca.jnetpcap.FlowGenerator    Forward flow closed due to FIN Flag
2025-12-12 11:17:17 INFO  cic.cs.unb.ca.jnetpcap.FlowGenerator    Forward flow closed due to FIN Flag
2025-12-12 11:17:17 DEBUG cic.cs.unb.ca.jnetpcap.FlowGenerator    FlagFIN current has 6621 flow
2025-12-12 11:17:17 INFO  cic.cs.unb.ca.jnetpcap.FlowGenerator    Forward flow closed due to FIN Flag
2025-12-12 11:17:17 DEBUG cic.cs.unb.ca.jnetpcap.FlowGenerator    FlagFIN current has 6621 flow
2025-12-12 11:17:27 INFO  cic.cs.unb.ca.jnetpcap.FlowGenerator    Forward flow closed due to FIN Flag
2025-12-12 11:17:27 DEBUG cic.cs.unb.ca.jnetpcap.FlowGenerator    Timeout current has 6650 flow
2025-12-12 11:17:27 DEBUG cic.cs.unb.ca.jnetpcap.FlowGenerator    Timeout current has 6650 flow
2025-12-12 11:17:27 DEBUG cic.cs.unb.ca.jnetpcap.FlowGenerator    FlagRST current has 6651 flow
2025-12-12 11:17:27 DEBUG cic.cs.unb.ca.jnetpcap.FlowGenerator    FlagRST current has 6651 flow
2025-12-12 11:17:27 DEBUG cic.cs.unb.ca.jnetpcap.FlowGenerator    Timeout current has 6650 flow
2025-12-12 11:17:34 DEBUG cic.cs.unb.ca.jnetpcap.FlowGenerator    FlagFIN current has 6688 flow
2025-12-12 11:17:34 DEBUG cic.cs.unb.ca.jnetpcap.FlowGenerator    FlagFIN current has 6688 flow
2025-12-12 11:17:34 DEBUG cic.cs.unb.ca.jnetpcap.FlowGenerator    FlagFIN current has 6688 flow
2025-12-12 11:17:34 DEBUG cic.cs.unb.ca.jnetpcap.FlowGenerator    FlagFIN current has 6688 flow
2025-12-12 11:17:34 DEBUG cic.cs.unb.ca.jnetpcap.FlowGenerator    FlagFIN current has 6688 flow
2025-12-12 11:17:34 DEBUG cic.cs.unb.ca.jnetpcap.FlowGenerator    FlagFIN current has 6687 flow
2025-12-12 11:17:39 DEBUG cic.cs.unb.ca.jnetpcap.FlowGenerator    FlagRST current has 6705 flow
2025-12-12 11:17:40 INFO  cic.cs.unb.ca.jnetpcap.FlowGenerator    Forward flow closed due to FIN Flag
2025-12-12 11:17:40 DEBUG cic.cs.unb.ca.jnetpcap.FlowGenerator    FlagFIN current has 6706 flow
2025-12-12 11:17:40 INFO  cic.cs.unb.ca.jnetpcap.FlowGenerator    Forward flow closed due to FIN Flag
2025-12-12 11:17:40 DEBUG cic.cs.unb.ca.jnetpcap.FlowGenerator    FlagFIN current has 6706 flow
2025-12-12 11:17:40 DEBUG cic.cs.unb.ca.jnetpcap.FlowGenerator    FlagFIN current has 6706 flow
2025-12-12 11:17:40 INFO  cic.cs.unb.ca.jnetpcap.FlowGenerator    Forward flow closed due to FIN Flag
2025-12-12 11:17:40 DEBUG cic.cs.unb.ca.jnetpcap.FlowGenerator    FlagFIN current has 6706 flow
2025-12-12 11:17:41 DEBUG cic.cs.unb.ca.jnetpcap.FlowGenerator    FlagFIN current has 6706 flow
2025-12-12 11:17:41 INFO  cic.cs.unb.ca.jnetpcap.FlowGenerator    Forward flow closed due to FIN Flag
2025-12-12 11:17:41 DEBUG cic.cs.unb.ca.jnetpcap.FlowGenerator    FlagFIN current has 6706 flow
2025-12-12 11:17:41 DEBUG cic.cs.unb.ca.jnetpcap.FlowGenerator    FlagFIN current has 6706 flow
2025-12-12 11:17:41 INFO  cic.cs.unb.ca.jnetpcap.FlowGenerator    Forward flow closed due to FIN Flag
2025-12-12 11:17:42 INFO  cic.cs.unb.ca.jnetpcap.FlowGenerator    Forward flow closed due to FIN Flag
2025-12-12 11:17:42 DEBUG cic.cs.unb.ca.jnetpcap.FlowGenerator    FlagFIN current has 6711 flow
2025-12-12 11:17:42 INFO  cic.cs.unb.ca.jnetpcap.FlowGenerator    Forward flow closed due to FIN Flag
2025-12-12 11:17:42 DEBUG cic.cs.unb.ca.jnetpcap.FlowGenerator    FlagFIN current has 6711 flow
2025-12-12 11:17:42 DEBUG cic.cs.unb.ca.jnetpcap.FlowGenerator    FlagRST current has 6711 flow
2025-12-12 11:17:42 DEBUG cic.cs.unb.ca.jnetpcap.FlowGenerator    FlagRST current has 6711 flow
2025-12-12 11:17:42 INFO  cic.cs.unb.ca.jnetpcap.FlowGenerator    Forward flow closed due to FIN Flag
2025-12-12 11:17:42 DEBUG cic.cs.unb.ca.jnetpcap.FlowGenerator    FlagFIN current has 6717 flow
2025-12-12 11:17:42 INFO  cic.cs.unb.ca.jnetpcap.FlowGenerator    Forward flow closed due to FIN Flag
2025-12-12 11:17:42 DEBUG cic.cs.unb.ca.jnetpcap.FlowGenerator    FlagFIN current has 6717 flow
2025-12-12 11:17:43 INFO  cic.cs.unb.ca.jnetpcap.FlowGenerator    Forward flow closed due to FIN Flag
2025-12-12 11:17:43 DEBUG cic.cs.unb.ca.jnetpcap.FlowGenerator    FlagFIN current has 6717 flow
2025-12-12 11:17:43 DEBUG cic.cs.unb.ca.jnetpcap.FlowGenerator    FlagFIN current has 6719 flow
2025-12-12 11:17:43 INFO  cic.cs.unb.ca.jnetpcap.FlowGenerator    Forward flow closed due to FIN Flag
2025-12-12 11:17:43 DEBUG cic.cs.unb.ca.jnetpcap.FlowGenerator    FlagFIN current has 6719 flow
2025-12-12 11:17:43 INFO  cic.cs.unb.ca.jnetpcap.FlowGenerator    Forward flow closed due to FIN Flag
2025-12-12 11:17:45 DEBUG cic.cs.unb.ca.jnetpcap.FlowGenerator    FlagFIN current has 6719 flow
2025-12-12 11:17:45 INFO  cic.cs.unb.ca.jnetpcap.FlowGenerator    Forward flow closed due to FIN Flag
2025-12-12 11:17:45 DEBUG cic.cs.unb.ca.jnetpcap.FlowGenerator    FlagFIN current has 6719 flow
2025-12-12 11:17:45 INFO  cic.cs.unb.ca.jnetpcap.FlowGenerator    Forward flow closed due to FIN Flag
2025-12-12 11:17:45 DEBUG cic.cs.unb.ca.jnetpcap.FlowGenerator    FlagFIN current has 6720 flow
2025-12-12 11:17:45 INFO  cic.cs.unb.ca.jnetpcap.FlowGenerator    Forward flow closed due to FIN Flag
2025-12-12 11:17:45 INFO  cic.cs.unb.ca.jnetpcap.FlowGenerator    Forward flow closed due to FIN Flag
2025-12-12 11:17:45 DEBUG cic.cs.unb.ca.jnetpcap.FlowGenerator    FlagFIN current has 6720 flow
2025-12-12 11:17:45 DEBUG cic.cs.unb.ca.jnetpcap.FlowGenerator    FlagRST current has 6720 flow
2025-12-12 11:17:45 DEBUG cic.cs.unb.ca.jnetpcap.FlowGenerator    FlagRST current has 6720 flow
2025-12-12 11:17:48 DEBUG cic.cs.unb.ca.jnetpcap.FlowGenerator    FlagFIN current has 6724 flow
2025-12-12 11:17:48 INFO  cic.cs.unb.ca.jnetpcap.FlowGenerator    Forward flow closed due to FIN Flag
2025-12-12 11:17:48 INFO  cic.cs.unb.ca.jnetpcap.FlowGenerator    Forward flow closed due to FIN Flag
2025-12-12 11:17:48 DEBUG cic.cs.unb.ca.jnetpcap.FlowGenerator    FlagFIN current has 6724 flow
2025-12-12 11:17:48 DEBUG cic.cs.unb.ca.jnetpcap.FlowGenerator    FlagRST current has 6724 flow
2025-12-12 11:17:48 DEBUG cic.cs.unb.ca.jnetpcap.FlowGenerator    FlagRST current has 6723 flow
2025-12-12 11:17:48 DEBUG cic.cs.unb.ca.jnetpcap.FlowGenerator    FlagFIN current has 6722 flow
2025-12-12 11:17:48 DEBUG cic.cs.unb.ca.jnetpcap.FlowGenerator    FlagRST current has 6724 flow
2025-12-12 11:17:49 INFO  cic.cs.unb.ca.jnetpcap.FlowGenerator    Forward flow closed due to FIN Flag
2025-12-12 11:17:49 DEBUG cic.cs.unb.ca.jnetpcap.FlowGenerator    FlagFIN current has 6725 flow
2025-12-12 11:17:49 DEBUG cic.cs.unb.ca.jnetpcap.FlowGenerator    FlagFIN current has 6725 flow
2025-12-12 11:17:49 INFO  cic.cs.unb.ca.jnetpcap.FlowGenerator    Forward flow closed due to FIN Flag
2025-12-12 11:17:49 DEBUG cic.cs.unb.ca.jnetpcap.FlowGenerator    FlagRST current has 6726 flow
2025-12-12 11:17:49 DEBUG cic.cs.unb.ca.jnetpcap.FlowGenerator    FlagFIN current has 6725 flow
2025-12-12 11:17:49 INFO  cic.cs.unb.ca.jnetpcap.FlowGenerator    Forward flow closed due to FIN Flag
2025-12-12 11:17:49 DEBUG cic.cs.unb.ca.jnetpcap.FlowGenerator    FlagRST current has 6725 flow
2025-12-12 11:17:49 DEBUG cic.cs.unb.ca.jnetpcap.FlowGenerator    FlagFIN current has 6724 flow
2025-12-12 11:17:49 INFO  cic.cs.unb.ca.jnetpcap.FlowGenerator    Forward flow closed due to FIN Flag
2025-12-12 11:17:50 INFO  cic.cs.unb.ca.jnetpcap.FlowGenerator    Forward flow closed due to FIN Flag
2025-12-12 11:17:50 DEBUG cic.cs.unb.ca.jnetpcap.FlowGenerator    FlagFIN current has 6725 flow
2025-12-12 11:17:50 DEBUG cic.cs.unb.ca.jnetpcap.FlowGenerator    FlagRST current has 6725 flow
2025-12-12 11:17:50 DEBUG cic.cs.unb.ca.jnetpcap.FlowGenerator    FlagRST current has 6725 flow
2025-12-12 11:17:50 INFO  cic.cs.unb.ca.jnetpcap.FlowGenerator    Forward flow closed due to FIN Flag
2025-12-12 11:17:50 DEBUG cic.cs.unb.ca.jnetpcap.FlowGenerator    FlagFIN current has 6724 flow
2025-12-12 11:17:50 DEBUG cic.cs.unb.ca.jnetpcap.FlowGenerator    FlagRST current has 6724 flow
2025-12-12 11:17:50 DEBUG cic.cs.unb.ca.jnetpcap.FlowGenerator    FlagRST current has 6723 flow
2025-12-12 11:17:54 DEBUG cic.cs.unb.ca.jnetpcap.FlowGenerator    FlagRST current has 6723 flow
2025-12-12 11:17:54 DEBUG cic.cs.unb.ca.jnetpcap.FlowGenerator    FlagRST current has 6722 flow
2025-12-12 11:17:54 DEBUG cic.cs.unb.ca.jnetpcap.FlowGenerator    FlagRST current has 6721 flow
2025-12-12 11:17:54 DEBUG cic.cs.unb.ca.jnetpcap.FlowGenerator    FlagFIN current has 6720 flow
2025-12-12 11:17:54 INFO  cic.cs.unb.ca.jnetpcap.FlowGenerator    Forward flow closed due to FIN Flag
2025-12-12 11:17:54 DEBUG cic.cs.unb.ca.jnetpcap.FlowGenerator    FlagFIN current has 6720 flow
2025-12-12 11:17:54 DEBUG cic.cs.unb.ca.jnetpcap.FlowGenerator    FlagFIN current has 6720 flow
2025-12-12 11:17:54 INFO  cic.cs.unb.ca.jnetpcap.FlowGenerator    Forward flow closed due to FIN Flag
2025-12-12 11:17:54 DEBUG cic.cs.unb.ca.jnetpcap.FlowGenerator    FlagFIN current has 6720 flow
2025-12-12 11:17:54 INFO  cic.cs.unb.ca.jnetpcap.FlowGenerator    Forward flow closed due to FIN Flag
2025-12-12 11:17:54 DEBUG cic.cs.unb.ca.jnetpcap.FlowGenerator    FlagFIN current has 6721 flow
2025-12-12 11:17:54 INFO  cic.cs.unb.ca.jnetpcap.FlowGenerator    Forward flow closed due to FIN Flag
2025-12-12 11:17:54 INFO  cic.cs.unb.ca.jnetpcap.FlowGenerator    Forward flow closed due to FIN Flag
2025-12-12 11:17:54 DEBUG cic.cs.unb.ca.jnetpcap.FlowGenerator    FlagFIN current has 6721 flow
2025-12-12 11:17:57 DEBUG cic.cs.unb.ca.jnetpcap.FlowGenerator    FlagRST current has 6724 flow
2025-12-12 11:17:57 DEBUG cic.cs.unb.ca.jnetpcap.FlowGenerator    FlagRST current has 6723 flow
2025-12-12 11:17:57 DEBUG cic.cs.unb.ca.jnetpcap.FlowGenerator    FlagRST current has 6722 flow
2025-12-12 11:17:57 DEBUG cic.cs.unb.ca.jnetpcap.FlowGenerator    FlagRST current has 6721 flow
2025-12-12 11:17:57 DEBUG cic.cs.unb.ca.jnetpcap.FlowGenerator    FlagRST current has 6720 flow
2025-12-12 11:17:57 DEBUG cic.cs.unb.ca.jnetpcap.FlowGenerator    FlagRST current has 6722 flow
2025-12-12 11:18:00 DEBUG cic.cs.unb.ca.jnetpcap.FlowGenerator    FlagRST current has 6723 flow
2025-12-12 11:18:00 DEBUG cic.cs.unb.ca.jnetpcap.FlowGenerator    FlagRST current has 6724 flow
2025-12-12 11:18:00 DEBUG cic.cs.unb.ca.jnetpcap.FlowGenerator    FlagFIN current has 6724 flow
2025-12-12 11:18:00 INFO  cic.cs.unb.ca.jnetpcap.FlowGenerator    Forward flow closed due to FIN Flag
2025-12-12 11:18:00 DEBUG cic.cs.unb.ca.jnetpcap.FlowGenerator    FlagRST current has 6724 flow
2025-12-12 11:18:00 DEBUG cic.cs.unb.ca.jnetpcap.FlowGenerator    FlagRST current has 6723 flow
2025-12-12 11:18:00 DEBUG cic.cs.unb.ca.jnetpcap.FlowGenerator    FlagRST current has 6722 flow
2025-12-12 11:18:00 DEBUG cic.cs.unb.ca.jnetpcap.FlowGenerator    FlagRST current has 6722 flow
2025-12-12 11:18:02 DEBUG cic.cs.unb.ca.jnetpcap.FlowGenerator    FlagRST current has 6725 flow
2025-12-12 11:18:05 DEBUG cic.cs.unb.ca.jnetpcap.FlowGenerator    FlagRST current has 6732 flow
2025-12-12 11:18:11 DEBUG cic.cs.unb.ca.jnetpcap.FlowGenerator    Timeout current has 6750 flow
2025-12-12 11:18:11 INFO  cic.cs.unb.ca.jnetpcap.FlowGenerator    Forward flow closed due to FIN Flag
2025-12-12 11:18:14 DEBUG cic.cs.unb.ca.jnetpcap.FlowGenerator    FlagFIN current has 6754 flow
2025-12-12 11:18:14 DEBUG cic.cs.unb.ca.jnetpcap.FlowGenerator    FlagRST current has 6754 flow
2025-12-12 11:18:14 INFO  cic.cs.unb.ca.jnetpcap.FlowGenerator    Forward flow closed due to FIN Flag
2025-12-12 11:18:14 DEBUG cic.cs.unb.ca.jnetpcap.FlowGenerator    FlagFIN current has 6756 flow
2025-12-12 11:18:22 DEBUG cic.cs.unb.ca.jnetpcap.FlowGenerator    FlagFIN current has 6764 flow
2025-12-12 11:18:22 INFO  cic.cs.unb.ca.jnetpcap.FlowGenerator    Forward flow closed due to FIN Flag
2025-12-12 11:18:25 DEBUG cic.cs.unb.ca.jnetpcap.FlowGenerator    FlagFIN current has 6767 flow
2025-12-12 11:18:25 INFO  cic.cs.unb.ca.jnetpcap.FlowGenerator    Forward flow closed due to FIN Flag
2025-12-12 11:18:33 DEBUG cic.cs.unb.ca.jnetpcap.FlowGenerator    FlagRST current has 6792 flow
2025-12-12 11:18:38 DEBUG cic.cs.unb.ca.jnetpcap.FlowGenerator    FlagFIN current has 6806 flow
2025-12-12 11:18:38 INFO  cic.cs.unb.ca.jnetpcap.FlowGenerator    Forward flow closed due to FIN Flag
2025-12-12 11:18:40 DEBUG cic.cs.unb.ca.jnetpcap.FlowGenerator    FlagFIN current has 6811 flow
2025-12-12 11:18:40 INFO  cic.cs.unb.ca.jnetpcap.FlowGenerator    Forward flow closed due to FIN Flag
2025-12-12 11:18:42 INFO  cic.cs.unb.ca.jnetpcap.FlowGenerator    Forward flow closed due to FIN Flag
2025-12-12 11:18:42 DEBUG cic.cs.unb.ca.jnetpcap.FlowGenerator    FlagFIN current has 6816 flow
2025-12-12 11:18:42 DEBUG cic.cs.unb.ca.jnetpcap.FlowGenerator    FlagRST current has 6816 flow
2025-12-12 11:18:43 DEBUG cic.cs.unb.ca.jnetpcap.FlowGenerator    FlagFIN current has 6825 flow
2025-12-12 11:18:43 INFO  cic.cs.unb.ca.jnetpcap.FlowGenerator    Forward flow closed due to FIN Flag
2025-12-12 11:18:43 INFO  cic.cs.unb.ca.jnetpcap.FlowGenerator    Forward flow closed due to FIN Flag
2025-12-12 11:18:43 DEBUG cic.cs.unb.ca.jnetpcap.FlowGenerator    FlagFIN current has 6827 flow
2025-12-12 11:18:46 DEBUG cic.cs.unb.ca.jnetpcap.FlowGenerator    FlagFIN current has 6828 flow
2025-12-12 11:18:46 INFO  cic.cs.unb.ca.jnetpcap.FlowGenerator    Forward flow closed due to FIN Flag
2025-12-12 11:18:46 DEBUG cic.cs.unb.ca.jnetpcap.FlowGenerator    FlagFIN current has 6836 flow
2025-12-12 11:18:46 INFO  cic.cs.unb.ca.jnetpcap.FlowGenerator    Forward flow closed due to FIN Flag
2025-12-12 11:18:49 INFO  cic.cs.unb.ca.jnetpcap.FlowGenerator    Forward flow closed due to FIN Flag
2025-12-12 11:18:49 DEBUG cic.cs.unb.ca.jnetpcap.FlowGenerator    FlagFIN current has 6860 flow
2025-12-12 11:18:49 INFO  cic.cs.unb.ca.jnetpcap.FlowGenerator    Forward flow closed due to FIN Flag
2025-12-12 11:18:49 DEBUG cic.cs.unb.ca.jnetpcap.FlowGenerator    FlagFIN current has 6860 flow
2025-12-12 11:18:55 DEBUG cic.cs.unb.ca.jnetpcap.FlowGenerator    FlagFIN current has 6865 flow
2025-12-12 11:18:55 INFO  cic.cs.unb.ca.jnetpcap.FlowGenerator    Forward flow closed due to FIN Flag
2025-12-12 11:18:55 DEBUG cic.cs.unb.ca.jnetpcap.FlowGenerator    FlagRST current has 6865 flow
2025-12-12 11:18:55 DEBUG cic.cs.unb.ca.jnetpcap.FlowGenerator    FlagFIN current has 6866 flow
2025-12-12 11:18:55 INFO  cic.cs.unb.ca.jnetpcap.FlowGenerator    Forward flow closed due to FIN Flag
2025-12-12 11:18:55 DEBUG cic.cs.unb.ca.jnetpcap.FlowGenerator    FlagFIN current has 6866 flow
2025-12-12 11:18:55 INFO  cic.cs.unb.ca.jnetpcap.FlowGenerator    Forward flow closed due to FIN Flag
2025-12-12 11:18:56 DEBUG cic.cs.unb.ca.jnetpcap.FlowGenerator    FlagRST current has 6867 flow
2025-12-12 11:19:01 INFO  cic.cs.unb.ca.jnetpcap.FlowGenerator    Forward flow closed due to FIN Flag
2025-12-12 11:19:01 DEBUG cic.cs.unb.ca.jnetpcap.FlowGenerator    FlagFIN current has 6884 flow
2025-12-12 11:19:01 DEBUG cic.cs.unb.ca.jnetpcap.FlowGenerator    FlagRST current has 6884 flow
2025-12-12 11:19:02 INFO  cic.cs.unb.ca.jnetpcap.FlowGenerator    Forward flow closed due to FIN Flag
2025-12-12 11:19:02 DEBUG cic.cs.unb.ca.jnetpcap.FlowGenerator    FlagFIN current has 6889 flow
2025-12-12 11:19:02 DEBUG cic.cs.unb.ca.jnetpcap.FlowGenerator    FlagRST current has 6889 flow
2025-12-12 11:19:10 DEBUG cic.cs.unb.ca.jnetpcap.FlowGenerator    FlagFIN current has 6917 flow
2025-12-12 11:19:10 INFO  cic.cs.unb.ca.jnetpcap.FlowGenerator    Forward flow closed due to FIN Flag
2025-12-12 11:19:15 INFO  cic.cs.unb.ca.jnetpcap.FlowGenerator    Forward flow closed due to FIN Flag
2025-12-12 11:19:15 DEBUG cic.cs.unb.ca.jnetpcap.FlowGenerator    FlagFIN current has 6932 flow
2025-12-12 11:19:29 INFO  cic.cs.unb.ca.jnetpcap.FlowGenerator    Forward flow closed due to FIN Flag
2025-12-12 11:19:29 DEBUG cic.cs.unb.ca.jnetpcap.FlowGenerator    FlagRST current has 6955 flow
2025-12-12 11:19:29 INFO  cic.cs.unb.ca.jnetpcap.FlowGenerator    Forward flow closed due to FIN Flag
2025-12-12 11:19:29 DEBUG cic.cs.unb.ca.jnetpcap.FlowGenerator    FlagRST current has 6954 flow
2025-12-12 11:19:29 INFO  cic.cs.unb.ca.jnetpcap.FlowGenerator    Forward flow closed due to FIN Flag
2025-12-12 11:19:29 DEBUG cic.cs.unb.ca.jnetpcap.FlowGenerator    FlagRST current has 6953 flow
2025-12-12 11:19:29 INFO  cic.cs.unb.ca.jnetpcap.FlowGenerator    Forward flow closed due to FIN Flag
2025-12-12 11:19:29 DEBUG cic.cs.unb.ca.jnetpcap.FlowGenerator    FlagRST current has 6952 flow
2025-12-12 11:19:29 INFO  cic.cs.unb.ca.jnetpcap.FlowGenerator    Forward flow closed due to FIN Flag
2025-12-12 11:19:29 DEBUG cic.cs.unb.ca.jnetpcap.FlowGenerator    FlagRST current has 6951 flow
2025-12-12 11:19:29 INFO  cic.cs.unb.ca.jnetpcap.FlowGenerator    Forward flow closed due to FIN Flag
2025-12-12 11:19:29 DEBUG cic.cs.unb.ca.jnetpcap.FlowGenerator    FlagRST current has 6950 flow
2025-12-12 11:19:41 DEBUG cic.cs.unb.ca.jnetpcap.FlowGenerator    FlagFIN current has 7016 flow
2025-12-12 11:19:41 INFO  cic.cs.unb.ca.jnetpcap.FlowGenerator    Forward flow closed due to FIN Flag
2025-12-12 11:19:41 DEBUG cic.cs.unb.ca.jnetpcap.FlowGenerator    FlagFIN current has 7018 flow
2025-12-12 11:19:41 INFO  cic.cs.unb.ca.jnetpcap.FlowGenerator    Forward flow closed due to FIN Flag
2025-12-12 11:19:45 INFO  cic.cs.unb.ca.jnetpcap.FlowGenerator    Forward flow closed due to FIN Flag
2025-12-12 11:19:45 DEBUG cic.cs.unb.ca.jnetpcap.FlowGenerator    FlagFIN current has 7029 flow
2025-12-12 11:19:49 INFO  cic.cs.unb.ca.jnetpcap.FlowGenerator    Forward flow closed due to FIN Flag
2025-12-12 11:19:49 DEBUG cic.cs.unb.ca.jnetpcap.FlowGenerator    FlagFIN current has 7042 flow
2025-12-12 11:19:56 DEBUG cic.cs.unb.ca.jnetpcap.FlowGenerator    FlagRST current has 7070 flow
2025-12-12 11:20:14 DEBUG cic.cs.unb.ca.jnetpcap.FlowGenerator    Timeout current has 7100 flow
2025-12-12 11:20:14 DEBUG cic.cs.unb.ca.jnetpcap.FlowGenerator    Timeout current has 7100 flow
2025-12-12 11:20:14 DEBUG cic.cs.unb.ca.jnetpcap.FlowGenerator    Timeout current has 7100 flow
2025-12-12 11:20:14 DEBUG cic.cs.unb.ca.jnetpcap.FlowGenerator    Timeout current has 7100 flow
2025-12-12 11:20:14 DEBUG cic.cs.unb.ca.jnetpcap.FlowGenerator    Timeout current has 7100 flow
2025-12-12 11:20:16 INFO  cic.cs.unb.ca.jnetpcap.FlowGenerator    Forward flow closed due to FIN Flag
2025-12-12 11:20:16 DEBUG cic.cs.unb.ca.jnetpcap.FlowGenerator    FlagFIN current has 7111 flow
2025-12-12 11:20:31 DEBUG cic.cs.unb.ca.jnetpcap.FlowGenerator    Timeout current has 7150 flow
2025-12-12 11:20:31 DEBUG cic.cs.unb.ca.jnetpcap.FlowGenerator    Timeout current has 7150 flow
2025-12-12 11:20:31 DEBUG cic.cs.unb.ca.jnetpcap.FlowGenerator    Timeout current has 7150 flow
2025-12-12 11:20:31 DEBUG cic.cs.unb.ca.jnetpcap.FlowGenerator    Timeout current has 7150 flow
2025-12-12 11:20:31 DEBUG cic.cs.unb.ca.jnetpcap.FlowGenerator    Timeout current has 7150 flow
2025-12-12 11:20:32 INFO  cic.cs.unb.ca.jnetpcap.FlowGenerator    Forward flow closed due to FIN Flag
2025-12-12 11:20:32 DEBUG cic.cs.unb.ca.jnetpcap.FlowGenerator    FlagFIN current has 7158 flow
2025-12-12 11:20:40 INFO  cic.cs.unb.ca.jnetpcap.FlowGenerator    Forward flow closed due to FIN Flag
2025-12-12 11:20:40 DEBUG cic.cs.unb.ca.jnetpcap.FlowGenerator    FlagFIN current has 7194 flow
2025-12-12 11:20:40 DEBUG cic.cs.unb.ca.jnetpcap.FlowGenerator    FlagRST current has 7194 flow
2025-12-12 11:20:44 INFO  cic.cs.unb.ca.jnetpcap.FlowGenerator    Forward flow closed due to FIN Flag
2025-12-12 11:20:44 DEBUG cic.cs.unb.ca.jnetpcap.FlowGenerator    FlagFIN current has 7244 flow
2025-12-12 11:20:47 DEBUG cic.cs.unb.ca.jnetpcap.FlowGenerator    FlagFIN current has 7249 flow
2025-12-12 11:20:47 DEBUG cic.cs.unb.ca.jnetpcap.FlowGenerator    FlagFIN current has 7249 flow
2025-12-12 11:20:47 DEBUG cic.cs.unb.ca.jnetpcap.FlowGenerator    FlagFIN current has 7249 flow
2025-12-12 11:20:47 DEBUG cic.cs.unb.ca.jnetpcap.FlowGenerator    FlagFIN current has 7249 flow
2025-12-12 11:20:47 INFO  cic.cs.unb.ca.jnetpcap.FlowGenerator    Forward flow closed due to FIN Flag
2025-12-12 11:20:47 DEBUG cic.cs.unb.ca.jnetpcap.FlowGenerator    FlagRST current has 7249 flow
2025-12-12 11:20:47 INFO  cic.cs.unb.ca.jnetpcap.FlowGenerator    Forward flow closed due to FIN Flag
2025-12-12 11:20:48 DEBUG cic.cs.unb.ca.jnetpcap.FlowGenerator    FlagFIN current has 7248 flow
2025-12-12 11:20:48 DEBUG cic.cs.unb.ca.jnetpcap.FlowGenerator    Timeout current has 7250 flow
2025-12-12 11:20:49 INFO  cic.cs.unb.ca.jnetpcap.FlowGenerator    Forward flow closed due to FIN Flag
2025-12-12 11:20:49 DEBUG cic.cs.unb.ca.jnetpcap.FlowGenerator    FlagFIN current has 7262 flow
2025-12-12 11:20:53 DEBUG cic.cs.unb.ca.jnetpcap.FlowGenerator    FlagRST current has 7280 flow
2025-12-12 11:20:53 DEBUG cic.cs.unb.ca.jnetpcap.FlowGenerator    FlagFIN current has 7279 flow
2025-12-12 11:20:55 DEBUG cic.cs.unb.ca.jnetpcap.FlowGenerator    FlagRST current has 7289 flow
2025-12-12 11:20:55 DEBUG cic.cs.unb.ca.jnetpcap.FlowGenerator    FlagFIN current has 7289 flow
2025-12-12 11:20:55 DEBUG cic.cs.unb.ca.jnetpcap.FlowGenerator    FlagRST current has 7289 flow
2025-12-12 11:20:56 DEBUG cic.cs.unb.ca.jnetpcap.FlowGenerator    FlagRST current has 7289 flow
2025-12-12 11:21:05 DEBUG cic.cs.unb.ca.jnetpcap.FlowGenerator    Timeout current has 7300 flow
2025-12-12 11:21:14 DEBUG cic.cs.unb.ca.jnetpcap.FlowGenerator    FlagFIN current has 7315 flow
2025-12-12 11:21:14 INFO  cic.cs.unb.ca.jnetpcap.FlowGenerator    Forward flow closed due to FIN Flag
2025-12-12 11:21:18 INFO  cic.cs.unb.ca.jnetpcap.FlowGenerator    Forward flow closed due to FIN Flag
2025-12-12 11:21:18 DEBUG cic.cs.unb.ca.jnetpcap.FlowGenerator    FlagFIN current has 7328 flow
2025-12-12 11:21:18 DEBUG cic.cs.unb.ca.jnetpcap.FlowGenerator    FlagRST current has 7328 flow
2025-12-12 11:21:32 DEBUG cic.cs.unb.ca.jnetpcap.FlowGenerator    Timeout current has 7350 flow
2025-12-12 11:21:47 DEBUG cic.cs.unb.ca.jnetpcap.FlowGenerator    FlagFIN current has 7392 flow
2025-12-12 11:21:47 INFO  cic.cs.unb.ca.jnetpcap.FlowGenerator    Forward flow closed due to FIN Flag
2025-12-12 11:21:49 INFO  cic.cs.unb.ca.jnetpcap.FlowGenerator    Forward flow closed due to FIN Flag
2025-12-12 11:21:49 DEBUG cic.cs.unb.ca.jnetpcap.FlowGenerator    FlagFIN current has 7395 flow
2025-12-12 11:21:49 INFO  cic.cs.unb.ca.jnetpcap.FlowGenerator    Forward flow closed due to FIN Flag
2025-12-12 11:21:49 DEBUG cic.cs.unb.ca.jnetpcap.FlowGenerator    FlagFIN current has 7402 flow
2025-12-12 11:22:18 INFO  cic.cs.unb.ca.jnetpcap.FlowGenerator    Forward flow closed due to FIN Flag
2025-12-12 11:22:18 DEBUG cic.cs.unb.ca.jnetpcap.FlowGenerator    FlagFIN current has 7473 flow
2025-12-12 11:22:41 DEBUG cic.cs.unb.ca.jnetpcap.FlowGenerator    FlagFIN current has 7516 flow
2025-12-12 11:22:41 INFO  cic.cs.unb.ca.jnetpcap.FlowGenerator    Forward flow closed due to FIN Flag
2025-12-12 11:22:47 DEBUG cic.cs.unb.ca.jnetpcap.FlowGenerator    FlagRST current has 7532 flow
2025-12-12 11:22:49 INFO  cic.cs.unb.ca.jnetpcap.FlowGenerator    Forward flow closed due to FIN Flag
2025-12-12 11:22:49 DEBUG cic.cs.unb.ca.jnetpcap.FlowGenerator    FlagFIN current has 7535 flow
2025-12-12 11:22:50 INFO  cic.cs.unb.ca.jnetpcap.FlowGenerator    Forward flow closed due to FIN Flag
2025-12-12 11:22:50 DEBUG cic.cs.unb.ca.jnetpcap.FlowGenerator    FlagFIN current has 7540 flow
2025-12-12 11:22:59 DEBUG cic.cs.unb.ca.jnetpcap.FlowGenerator    FlagRST current has 7557 flow
2025-12-12 11:23:20 INFO  cic.cs.unb.ca.jnetpcap.FlowGenerator    Forward flow closed due to FIN Flag
2025-12-12 11:23:20 DEBUG cic.cs.unb.ca.jnetpcap.FlowGenerator    FlagFIN current has 7613 flow
2025-12-12 11:23:27 INFO  cic.cs.unb.ca.jnetpcap.FlowGenerator    Forward flow closed due to FIN Flag
2025-12-12 11:23:27 DEBUG cic.cs.unb.ca.jnetpcap.FlowGenerator    FlagFIN current has 7622 flow
2025-12-12 11:23:27 DEBUG cic.cs.unb.ca.jnetpcap.FlowGenerator    FlagRST current has 7622 flow
2025-12-12 11:23:27 DEBUG cic.cs.unb.ca.jnetpcap.FlowGenerator    FlagRST current has 7622 flow
2025-12-12 11:23:33 DEBUG cic.cs.unb.ca.jnetpcap.FlowGenerator    Timeout current has 7650 flow
2025-12-12 11:23:40 DEBUG cic.cs.unb.ca.jnetpcap.FlowGenerator    FlagFIN current has 7659 flow
2025-12-12 11:23:40 INFO  cic.cs.unb.ca.jnetpcap.FlowGenerator    Forward flow closed due to FIN Flag
2025-12-12 11:23:43 INFO  cic.cs.unb.ca.jnetpcap.FlowGenerator    Forward flow closed due to FIN Flag
2025-12-12 11:23:43 DEBUG cic.cs.unb.ca.jnetpcap.FlowGenerator    FlagFIN current has 7664 flow
2025-12-12 11:23:43 DEBUG cic.cs.unb.ca.jnetpcap.FlowGenerator    FlagRST current has 7664 flow
2025-12-12 11:23:43 DEBUG cic.cs.unb.ca.jnetpcap.FlowGenerator    FlagRST current has 7664 flow
2025-12-12 11:23:47 DEBUG cic.cs.unb.ca.jnetpcap.FlowGenerator    FlagRST current has 7676 flow
2025-12-12 11:23:50 INFO  cic.cs.unb.ca.jnetpcap.FlowGenerator    Forward flow closed due to FIN Flag
2025-12-12 11:23:50 DEBUG cic.cs.unb.ca.jnetpcap.FlowGenerator    FlagFIN current has 7683 flow
2025-12-12 11:23:50 INFO  cic.cs.unb.ca.jnetpcap.FlowGenerator    Forward flow closed due to FIN Flag
2025-12-12 11:23:50 DEBUG cic.cs.unb.ca.jnetpcap.FlowGenerator    FlagFIN current has 7683 flow
2025-12-12 11:23:50 DEBUG cic.cs.unb.ca.jnetpcap.FlowGenerator    Timeout current has 7700 flow
2025-12-12 11:23:50 DEBUG cic.cs.unb.ca.jnetpcap.FlowGenerator    Timeout current has 7700 flow
2025-12-12 11:23:59 DEBUG cic.cs.unb.ca.jnetpcap.FlowGenerator    FlagRST current has 7715 flow
2025-12-12 11:24:20 INFO  cic.cs.unb.ca.jnetpcap.FlowGenerator    Forward flow closed due to FIN Flag
2025-12-12 11:24:20 DEBUG cic.cs.unb.ca.jnetpcap.FlowGenerator    FlagFIN current has 7782 flow
2025-12-12 11:24:20 DEBUG cic.cs.unb.ca.jnetpcap.FlowGenerator    FlagFIN current has 7783 flow
2025-12-12 11:24:25 DEBUG cic.cs.unb.ca.jnetpcap.FlowGenerator    FlagFIN current has 7791 flow
2025-12-12 11:24:25 INFO  cic.cs.unb.ca.jnetpcap.FlowGenerator    Forward flow closed due to FIN Flag
2025-12-12 11:24:25 DEBUG cic.cs.unb.ca.jnetpcap.FlowGenerator    FlagFIN current has 7792 flow
2025-12-12 11:24:25 INFO  cic.cs.unb.ca.jnetpcap.FlowGenerator    Forward flow closed due to FIN Flag
2025-12-12 11:24:29 DEBUG cic.cs.unb.ca.jnetpcap.FlowGenerator    Timeout current has 7800 flow
2025-12-12 11:24:29 DEBUG cic.cs.unb.ca.jnetpcap.FlowGenerator    Timeout current has 7800 flow
2025-12-12 11:24:29 DEBUG cic.cs.unb.ca.jnetpcap.FlowGenerator    Timeout current has 7800 flow
2025-12-12 11:24:29 DEBUG cic.cs.unb.ca.jnetpcap.FlowGenerator    FlagFIN current has 7801 flow
2025-12-12 11:24:29 INFO  cic.cs.unb.ca.jnetpcap.FlowGenerator    Forward flow closed due to FIN Flag
2025-12-12 11:24:29 DEBUG cic.cs.unb.ca.jnetpcap.FlowGenerator    FlagFIN current has 7802 flow
2025-12-12 11:24:29 INFO  cic.cs.unb.ca.jnetpcap.FlowGenerator    Forward flow closed due to FIN Flag
2025-12-12 11:24:41 DEBUG cic.cs.unb.ca.jnetpcap.FlowGenerator    FlagFIN current has 7828 flow
2025-12-12 11:24:41 INFO  cic.cs.unb.ca.jnetpcap.FlowGenerator    Forward flow closed due to FIN Flag
2025-12-12 11:24:50 INFO  cic.cs.unb.ca.jnetpcap.FlowGenerator    Forward flow closed due to FIN Flag
2025-12-12 11:24:50 DEBUG cic.cs.unb.ca.jnetpcap.FlowGenerator    FlagFIN current has 7853 flow
2025-12-12 11:24:50 INFO  cic.cs.unb.ca.jnetpcap.FlowGenerator    Forward flow closed due to FIN Flag
2025-12-12 11:24:50 DEBUG cic.cs.unb.ca.jnetpcap.FlowGenerator    FlagFIN current has 7857 flow
2025-12-12 11:24:51 DEBUG cic.cs.unb.ca.jnetpcap.FlowGenerator    FlagRST current has 7857 flow
2025-12-12 11:24:57 DEBUG cic.cs.unb.ca.jnetpcap.FlowGenerator    FlagFIN current has 7886 flow
2025-12-12 11:24:57 INFO  cic.cs.unb.ca.jnetpcap.FlowGenerator    Forward flow closed due to FIN Flag
2025-12-12 11:25:22 INFO  cic.cs.unb.ca.jnetpcap.FlowGenerator    Forward flow closed due to FIN Flag
2025-12-12 11:25:22 DEBUG cic.cs.unb.ca.jnetpcap.FlowGenerator    FlagFIN current has 7995 flow
2025-12-12 11:25:27 DEBUG cic.cs.unb.ca.jnetpcap.FlowGenerator    Timeout current has 8000 flow
2025-12-12 11:25:27 DEBUG cic.cs.unb.ca.jnetpcap.FlowGenerator    Timeout current has 8000 flow
2025-12-12 11:25:39 DEBUG cic.cs.unb.ca.jnetpcap.FlowGenerator    FlagRST current has 8044 flow
2025-12-12 11:25:39 DEBUG cic.cs.unb.ca.jnetpcap.FlowGenerator    FlagRST current has 8043 flow
2025-12-12 11:25:39 DEBUG cic.cs.unb.ca.jnetpcap.FlowGenerator    FlagRST current has 8042 flow
2025-12-12 11:25:40 INFO  cic.cs.unb.ca.jnetpcap.FlowGenerator    Forward flow closed due to FIN Flag
2025-12-12 11:25:40 DEBUG cic.cs.unb.ca.jnetpcap.FlowGenerator    FlagFIN current has 8048 flow
2025-12-12 11:25:40 DEBUG cic.cs.unb.ca.jnetpcap.FlowGenerator    FlagRST current has 8048 flow
2025-12-12 11:25:43 INFO  cic.cs.unb.ca.jnetpcap.FlowGenerator    Forward flow closed due to FIN Flag
2025-12-12 11:25:43 DEBUG cic.cs.unb.ca.jnetpcap.FlowGenerator    FlagFIN current has 8048 flow
2025-12-12 11:25:43 DEBUG cic.cs.unb.ca.jnetpcap.FlowGenerator    FlagFIN current has 8048 flow
2025-12-12 11:25:43 DEBUG cic.cs.unb.ca.jnetpcap.FlowGenerator    FlagRST current has 8048 flow
2025-12-12 11:25:43 DEBUG cic.cs.unb.ca.jnetpcap.FlowGenerator    FlagFIN current has 8047 flow
2025-12-12 11:25:43 INFO  cic.cs.unb.ca.jnetpcap.FlowGenerator    Forward flow closed due to FIN Flag
2025-12-12 11:25:43 DEBUG cic.cs.unb.ca.jnetpcap.FlowGenerator    FlagRST current has 8049 flow
2025-12-12 11:25:43 DEBUG cic.cs.unb.ca.jnetpcap.FlowGenerator    Timeout current has 8050 flow
2025-12-12 11:25:45 DEBUG cic.cs.unb.ca.jnetpcap.FlowGenerator    Timeout current has 8050 flow
2025-12-12 11:25:49 INFO  cic.cs.unb.ca.jnetpcap.FlowGenerator    Forward flow closed due to FIN Flag
2025-12-12 11:25:49 DEBUG cic.cs.unb.ca.jnetpcap.FlowGenerator    FlagFIN current has 8063 flow
2025-12-12 11:25:50 INFO  cic.cs.unb.ca.jnetpcap.FlowGenerator    Forward flow closed due to FIN Flag
2025-12-12 11:25:50 DEBUG cic.cs.unb.ca.jnetpcap.FlowGenerator    FlagFIN current has 8066 flow
2025-12-12 11:25:52 DEBUG cic.cs.unb.ca.jnetpcap.FlowGenerator    FlagFIN current has 8091 flow
2025-12-12 11:25:53 DEBUG cic.cs.unb.ca.jnetpcap.FlowGenerator    FlagFIN current has 8093 flow
2025-12-12 11:25:53 DEBUG cic.cs.unb.ca.jnetpcap.FlowGenerator    FlagFIN current has 8093 flow
2025-12-12 11:25:53 INFO  cic.cs.unb.ca.jnetpcap.FlowGenerator    Forward flow closed due to FIN Flag
2025-12-12 11:25:53 DEBUG cic.cs.unb.ca.jnetpcap.FlowGenerator    FlagRST current has 8093 flow
2025-12-12 11:26:01 INFO  cic.cs.unb.ca.jnetpcap.FlowGenerator    Forward flow closed due to FIN Flag
2025-12-12 11:26:01 DEBUG cic.cs.unb.ca.jnetpcap.FlowGenerator    FlagFIN current has 8114 flow
2025-12-12 11:26:01 DEBUG cic.cs.unb.ca.jnetpcap.FlowGenerator    FlagRST current has 8114 flow
2025-12-12 11:26:11 DEBUG cic.cs.unb.ca.jnetpcap.FlowGenerator    FlagFIN current has 8132 flow
2025-12-12 11:26:11 INFO  cic.cs.unb.ca.jnetpcap.FlowGenerator    Forward flow closed due to FIN Flag
2025-12-12 11:26:13 INFO  cic.cs.unb.ca.jnetpcap.FlowGenerator    Forward flow closed due to FIN Flag
2025-12-12 11:26:13 DEBUG cic.cs.unb.ca.jnetpcap.FlowGenerator    FlagFIN current has 8138 flow
2025-12-12 11:26:18 DEBUG cic.cs.unb.ca.jnetpcap.FlowGenerator    FlagRST current has 8156 flow
2025-12-12 11:26:22 DEBUG cic.cs.unb.ca.jnetpcap.FlowGenerator    FlagRST current has 8160 flow
2025-12-12 11:26:24 INFO  cic.cs.unb.ca.jnetpcap.FlowGenerator    Forward flow closed due to FIN Flag
2025-12-12 11:26:24 DEBUG cic.cs.unb.ca.jnetpcap.FlowGenerator    FlagFIN current has 8173 flow
2025-12-12 11:26:37 DEBUG cic.cs.unb.ca.jnetpcap.FlowGenerator    FlagFIN current has 8224 flow
2025-12-12 11:26:37 INFO  cic.cs.unb.ca.jnetpcap.FlowGenerator    Forward flow closed due to FIN Flag
2025-12-12 11:26:37 DEBUG cic.cs.unb.ca.jnetpcap.FlowGenerator    FlagRST current has 8224 flow
2025-12-12 11:26:40 INFO  cic.cs.unb.ca.jnetpcap.FlowGenerator    Forward flow closed due to FIN Flag
2025-12-12 11:26:40 DEBUG cic.cs.unb.ca.jnetpcap.FlowGenerator    FlagFIN current has 8232 flow
2025-12-12 11:26:40 DEBUG cic.cs.unb.ca.jnetpcap.FlowGenerator    FlagFIN current has 8233 flow
2025-12-12 11:26:40 DEBUG cic.cs.unb.ca.jnetpcap.FlowGenerator    FlagFIN current has 8233 flow
2025-12-12 11:26:45 DEBUG cic.cs.unb.ca.jnetpcap.FlowGenerator    FlagFIN current has 8237 flow
2025-12-12 11:26:45 INFO  cic.cs.unb.ca.jnetpcap.FlowGenerator    Forward flow closed due to FIN Flag
2025-12-12 11:26:48 DEBUG cic.cs.unb.ca.jnetpcap.FlowGenerator    FlagRST current has 8242 flow
2025-12-12 11:26:49 DEBUG cic.cs.unb.ca.jnetpcap.FlowGenerator    Timeout current has 8250 flow
2025-12-12 11:26:49 INFO  cic.cs.unb.ca.jnetpcap.FlowGenerator    Forward flow closed due to FIN Flag
2025-12-12 11:26:49 DEBUG cic.cs.unb.ca.jnetpcap.FlowGenerator    FlagFIN current has 8251 flow
2025-12-12 11:26:52 DEBUG cic.cs.unb.ca.jnetpcap.FlowGenerator    FlagRST current has 8254 flow
2025-12-12 11:26:56 INFO  cic.cs.unb.ca.jnetpcap.FlowGenerator    Forward flow closed due to FIN Flag
2025-12-12 11:26:56 DEBUG cic.cs.unb.ca.jnetpcap.FlowGenerator    FlagFIN current has 8268 flow
2025-12-12 11:26:57 INFO  cic.cs.unb.ca.jnetpcap.FlowGenerator    Forward flow closed due to FIN Flag
2025-12-12 11:26:57 DEBUG cic.cs.unb.ca.jnetpcap.FlowGenerator    FlagFIN current has 8272 flow
2025-12-12 11:26:57 DEBUG cic.cs.unb.ca.jnetpcap.FlowGenerator    FlagFIN current has 8272 flow
2025-12-12 11:26:57 DEBUG cic.cs.unb.ca.jnetpcap.FlowGenerator    FlagFIN current has 8272 flow
2025-12-12 11:26:58 DEBUG cic.cs.unb.ca.jnetpcap.FlowGenerator    FlagFIN current has 8279 flow
2025-12-12 11:26:58 INFO  cic.cs.unb.ca.jnetpcap.FlowGenerator    Forward flow closed due to FIN Flag
2025-12-12 11:26:58 INFO  cic.cs.unb.ca.jnetpcap.FlowGenerator    Forward flow closed due to FIN Flag
2025-12-12 11:26:58 DEBUG cic.cs.unb.ca.jnetpcap.FlowGenerator    FlagFIN current has 8279 flow
2025-12-12 11:26:58 DEBUG cic.cs.unb.ca.jnetpcap.FlowGenerator    FlagRST current has 8279 flow
2025-12-12 11:26:58 DEBUG cic.cs.unb.ca.jnetpcap.FlowGenerator    FlagFIN current has 8278 flow
2025-12-12 11:26:58 DEBUG cic.cs.unb.ca.jnetpcap.FlowGenerator    FlagRST current has 8279 flow
2025-12-12 11:26:58 INFO  cic.cs.unb.ca.jnetpcap.FlowGenerator    Forward flow closed due to FIN Flag
2025-12-12 11:26:58 DEBUG cic.cs.unb.ca.jnetpcap.FlowGenerator    FlagFIN current has 8278 flow
2025-12-12 11:26:58 DEBUG cic.cs.unb.ca.jnetpcap.FlowGenerator    FlagRST current has 8278 flow
2025-12-12 11:26:58 DEBUG cic.cs.unb.ca.jnetpcap.FlowGenerator    FlagRST current has 8278 flow
2025-12-12 11:27:01 DEBUG cic.cs.unb.ca.jnetpcap.FlowGenerator    FlagFIN current has 8277 flow
2025-12-12 11:27:03 INFO  cic.cs.unb.ca.jnetpcap.FlowGenerator    Forward flow closed due to FIN Flag
2025-12-12 11:27:03 DEBUG cic.cs.unb.ca.jnetpcap.FlowGenerator    FlagRST current has 8289 flow
2025-12-12 11:27:03 INFO  cic.cs.unb.ca.jnetpcap.FlowGenerator    Forward flow closed due to FIN Flag
2025-12-12 11:27:03 DEBUG cic.cs.unb.ca.jnetpcap.FlowGenerator    FlagRST current has 8288 flow
2025-12-12 11:27:03 DEBUG cic.cs.unb.ca.jnetpcap.FlowGenerator    FlagRST current has 8288 flow
2025-12-12 11:27:05 DEBUG cic.cs.unb.ca.jnetpcap.FlowGenerator    FlagRST current has 8289 flow
2025-12-12 11:27:05 DEBUG cic.cs.unb.ca.jnetpcap.FlowGenerator    FlagRST current has 8288 flow
2025-12-12 11:27:05 DEBUG cic.cs.unb.ca.jnetpcap.FlowGenerator    FlagRST current has 8287 flow
2025-12-12 11:27:07 DEBUG cic.cs.unb.ca.jnetpcap.FlowGenerator    FlagRST current has 8287 flow
2025-12-12 11:27:13 DEBUG cic.cs.unb.ca.jnetpcap.FlowGenerator    FlagFIN current has 8301 flow
2025-12-12 11:27:13 INFO  cic.cs.unb.ca.jnetpcap.FlowGenerator    Forward flow closed due to FIN Flag
2025-12-12 11:27:26 INFO  cic.cs.unb.ca.jnetpcap.FlowGenerator    Forward flow closed due to FIN Flag
2025-12-12 11:27:26 DEBUG cic.cs.unb.ca.jnetpcap.FlowGenerator    FlagFIN current has 8314 flow
2025-12-12 11:27:26 INFO  cic.cs.unb.ca.jnetpcap.FlowGenerator    Forward flow closed due to FIN Flag
2025-12-12 11:27:26 DEBUG cic.cs.unb.ca.jnetpcap.FlowGenerator    FlagRST current has 8317 flow
2025-12-12 11:27:26 INFO  cic.cs.unb.ca.jnetpcap.FlowGenerator    Forward flow closed due to FIN Flag
2025-12-12 11:27:26 DEBUG cic.cs.unb.ca.jnetpcap.FlowGenerator    FlagRST current has 8316 flow
2025-12-12 11:27:32 INFO  cic.cs.unb.ca.jnetpcap.FlowGenerator    Forward flow closed due to FIN Flag
2025-12-12 11:27:38 INFO  cic.cs.unb.ca.jnetpcap.FlowGenerator    Forward flow closed due to FIN Flag
2025-12-12 11:27:38 INFO  cic.cs.unb.ca.jnetpcap.FlowGenerator    Forward flow closed due to FIN Flag
2025-12-12 11:27:38 DEBUG cic.cs.unb.ca.jnetpcap.FlowGenerator    FlagFIN current has 8372 flow
2025-12-12 11:27:38 DEBUG cic.cs.unb.ca.jnetpcap.FlowGenerator    FlagFIN current has 8373 flow
2025-12-12 11:27:40 INFO  cic.cs.unb.ca.jnetpcap.FlowGenerator    Forward flow closed due to FIN Flag
2025-12-12 11:27:40 DEBUG cic.cs.unb.ca.jnetpcap.FlowGenerator    FlagFIN current has 8377 flow
2025-12-12 11:27:40 INFO  cic.cs.unb.ca.jnetpcap.FlowGenerator    Forward flow closed due to FIN Flag
2025-12-12 11:27:40 DEBUG cic.cs.unb.ca.jnetpcap.FlowGenerator    FlagFIN current has 8379 flow
2025-12-12 11:27:40 DEBUG cic.cs.unb.ca.jnetpcap.FlowGenerator    FlagRST current has 8381 flow
2025-12-12 11:27:45 DEBUG cic.cs.unb.ca.jnetpcap.FlowGenerator    Timeout current has 8450 flow
2025-12-12 11:27:45 DEBUG cic.cs.unb.ca.jnetpcap.FlowGenerator    Timeout current has 8450 flow
2025-12-12 11:27:45 DEBUG cic.cs.unb.ca.jnetpcap.FlowGenerator    Timeout current has 8450 flow
2025-12-12 11:27:47 DEBUG cic.cs.unb.ca.jnetpcap.FlowGenerator    Timeout current has 8450 flow
2025-12-12 11:27:47 DEBUG cic.cs.unb.ca.jnetpcap.FlowGenerator    Timeout current has 8450 flow
2025-12-12 11:27:47 DEBUG cic.cs.unb.ca.jnetpcap.FlowGenerator    FlagRST current has 8450 flow
2025-12-12 11:27:47 DEBUG cic.cs.unb.ca.jnetpcap.FlowGenerator    Timeout current has 8450 flow
2025-12-12 11:27:47 DEBUG cic.cs.unb.ca.jnetpcap.FlowGenerator    FlagRST current has 8498 flow
2025-12-12 11:27:50 INFO  cic.cs.unb.ca.jnetpcap.FlowGenerator    Forward flow closed due to FIN Flag
2025-12-12 11:27:50 DEBUG cic.cs.unb.ca.jnetpcap.FlowGenerator    FlagFIN current has 8889 flow
2025-12-12 11:27:50 DEBUG cic.cs.unb.ca.jnetpcap.FlowGenerator    FlagFIN current has 9217 flow
2025-12-12 11:27:50 INFO  cic.cs.unb.ca.jnetpcap.FlowGenerator    Forward flow closed due to FIN Flag
2025-12-12 11:27:53 INFO  cic.cs.unb.ca.jnetpcap.FlowGenerator    Forward flow closed due to FIN Flag
2025-12-12 11:27:53 INFO  cic.cs.unb.ca.jnetpcap.FlowGenerator    Forward flow closed due to FIN Flag
2025-12-12 11:27:53 INFO  cic.cs.unb.ca.jnetpcap.FlowGenerator    Forward flow closed due to FIN Flag
2025-12-12 11:27:53 DEBUG cic.cs.unb.ca.jnetpcap.FlowGenerator    FlagRST current has 10168 flow
2025-12-12 11:27:53 DEBUG cic.cs.unb.ca.jnetpcap.FlowGenerator    FlagRST current has 10168 flow
2025-12-12 11:27:53 DEBUG cic.cs.unb.ca.jnetpcap.FlowGenerator    FlagRST current has 10172 flow
2025-12-12 11:27:53 DEBUG cic.cs.unb.ca.jnetpcap.FlowGenerator    FlagFIN current has 10174 flow
2025-12-12 11:27:53 INFO  cic.cs.unb.ca.jnetpcap.FlowGenerator    Forward flow closed due to FIN Flag
2025-12-12 11:27:53 INFO  cic.cs.unb.ca.jnetpcap.FlowGenerator    Forward flow closed due to FIN Flag
2025-12-12 11:27:53 INFO  cic.cs.unb.ca.jnetpcap.FlowGenerator    Forward flow closed due to FIN Flag
2025-12-12 11:27:53 INFO  cic.cs.unb.ca.jnetpcap.FlowGenerator    Forward flow closed due to FIN Flag
2025-12-12 11:27:53 DEBUG cic.cs.unb.ca.jnetpcap.FlowGenerator    FlagRST current has 10356 flow
2025-12-12 11:27:53 DEBUG cic.cs.unb.ca.jnetpcap.FlowGenerator    FlagRST current has 10355 flow
2025-12-12 11:27:53 DEBUG cic.cs.unb.ca.jnetpcap.FlowGenerator    FlagRST current has 10354 flow
2025-12-12 11:27:53 DEBUG cic.cs.unb.ca.jnetpcap.FlowGenerator    FlagRST current has 10353 flow
2025-12-12 11:27:53 DEBUG cic.cs.unb.ca.jnetpcap.FlowGenerator    FlagRST current has 10355 flow
2025-12-12 11:27:53 DEBUG cic.cs.unb.ca.jnetpcap.FlowGenerator    FlagRST current has 10355 flow
2025-12-12 11:27:53 DEBUG cic.cs.unb.ca.jnetpcap.FlowGenerator    FlagRST current has 10355 flow
2025-12-12 11:27:53 DEBUG cic.cs.unb.ca.jnetpcap.FlowGenerator    FlagRST current has 10355 flow
2025-12-12 11:27:54 INFO  cic.cs.unb.ca.jnetpcap.FlowGenerator    Forward flow closed due to FIN Flag
2025-12-12 11:27:54 DEBUG cic.cs.unb.ca.jnetpcap.FlowGenerator    FlagFIN current has 10778 flow
2025-12-12 11:27:57 DEBUG cic.cs.unb.ca.jnetpcap.FlowGenerator    FlagRST current has 11295 flow
2025-12-12 11:27:58 INFO  cic.cs.unb.ca.jnetpcap.FlowGenerator    Forward flow closed due to FIN Flag
2025-12-12 11:27:58 INFO  cic.cs.unb.ca.jnetpcap.FlowGenerator    Forward flow closed due to FIN Flag
2025-12-12 11:27:58 INFO  cic.cs.unb.ca.jnetpcap.FlowGenerator    Forward flow closed due to FIN Flag
2025-12-12 11:27:58 INFO  cic.cs.unb.ca.jnetpcap.FlowGenerator    Forward flow closed due to FIN Flag
2025-12-12 11:27:58 DEBUG cic.cs.unb.ca.jnetpcap.FlowGenerator    FlagRST current has 11426 flow
2025-12-12 11:27:58 DEBUG cic.cs.unb.ca.jnetpcap.FlowGenerator    FlagRST current has 11426 flow
2025-12-12 11:27:58 DEBUG cic.cs.unb.ca.jnetpcap.FlowGenerator    FlagRST current has 11427 flow
2025-12-12 11:27:58 DEBUG cic.cs.unb.ca.jnetpcap.FlowGenerator    FlagRST current has 11426 flow
2025-12-12 11:27:58 DEBUG cic.cs.unb.ca.jnetpcap.FlowGenerator    FlagRST current has 11426 flow
2025-12-12 11:27:58 DEBUG cic.cs.unb.ca.jnetpcap.FlowGenerator    FlagRST current has 11425 flow
2025-12-12 11:27:58 DEBUG cic.cs.unb.ca.jnetpcap.FlowGenerator    FlagRST current has 11425 flow
2025-12-12 11:27:58 DEBUG cic.cs.unb.ca.jnetpcap.FlowGenerator    FlagRST current has 11429 flow
2025-12-12 11:27:58 DEBUG cic.cs.unb.ca.jnetpcap.FlowGenerator    FlagRST current has 11428 flow
2025-12-12 11:27:59 INFO  cic.cs.unb.ca.jnetpcap.FlowGenerator    Forward flow closed due to FIN Flag
2025-12-12 11:27:59 INFO  cic.cs.unb.ca.jnetpcap.FlowGenerator    Forward flow closed due to FIN Flag
2025-12-12 11:27:59 INFO  cic.cs.unb.ca.jnetpcap.FlowGenerator    Forward flow closed due to FIN Flag
2025-12-12 11:27:59 DEBUG cic.cs.unb.ca.jnetpcap.FlowGenerator    FlagRST current has 11790 flow
2025-12-12 11:27:59 INFO  cic.cs.unb.ca.jnetpcap.FlowGenerator    Forward flow closed due to FIN Flag
2025-12-12 11:27:59 DEBUG cic.cs.unb.ca.jnetpcap.FlowGenerator    FlagRST current has 11789 flow
2025-12-12 11:27:59 DEBUG cic.cs.unb.ca.jnetpcap.FlowGenerator    FlagRST current has 11788 flow
2025-12-12 11:27:59 DEBUG cic.cs.unb.ca.jnetpcap.FlowGenerator    FlagRST current has 11787 flow
2025-12-12 11:27:59 DEBUG cic.cs.unb.ca.jnetpcap.FlowGenerator    FlagRST current has 11795 flow
2025-12-12 11:27:59 DEBUG cic.cs.unb.ca.jnetpcap.FlowGenerator    FlagRST current has 11795 flow
2025-12-12 11:27:59 DEBUG cic.cs.unb.ca.jnetpcap.FlowGenerator    FlagRST current has 11797 flow
2025-12-12 11:27:59 DEBUG cic.cs.unb.ca.jnetpcap.FlowGenerator    FlagRST current has 11797 flow
2025-12-12 11:27:59 INFO  cic.cs.unb.ca.jnetpcap.FlowGenerator    Forward flow closed due to FIN Flag
2025-12-12 11:27:59 INFO  cic.cs.unb.ca.jnetpcap.FlowGenerator    Forward flow closed due to FIN Flag
2025-12-12 11:27:59 INFO  cic.cs.unb.ca.jnetpcap.FlowGenerator    Forward flow closed due to FIN Flag
2025-12-12 11:27:59 DEBUG cic.cs.unb.ca.jnetpcap.FlowGenerator    FlagRST current has 12026 flow
2025-12-12 11:27:59 DEBUG cic.cs.unb.ca.jnetpcap.FlowGenerator    FlagRST current has 12025 flow
2025-12-12 11:27:59 DEBUG cic.cs.unb.ca.jnetpcap.FlowGenerator    FlagRST current has 12027 flow
2025-12-12 11:27:59 DEBUG cic.cs.unb.ca.jnetpcap.FlowGenerator    FlagRST current has 12035 flow
2025-12-12 11:27:59 DEBUG cic.cs.unb.ca.jnetpcap.FlowGenerator    FlagRST current has 12035 flow
2025-12-12 11:28:00 INFO  cic.cs.unb.ca.jnetpcap.FlowGenerator    Forward flow closed due to FIN Flag
2025-12-12 11:28:00 INFO  cic.cs.unb.ca.jnetpcap.FlowGenerator    Forward flow closed due to FIN Flag
2025-12-12 11:28:00 DEBUG cic.cs.unb.ca.jnetpcap.FlowGenerator    FlagRST current has 12382 flow
2025-12-12 11:28:00 INFO  cic.cs.unb.ca.jnetpcap.FlowGenerator    Forward flow closed due to FIN Flag
2025-12-12 11:28:00 DEBUG cic.cs.unb.ca.jnetpcap.FlowGenerator    FlagRST current has 12394 flow
2025-12-12 11:28:00 DEBUG cic.cs.unb.ca.jnetpcap.FlowGenerator    FlagFIN current has 12394 flow
2025-12-12 11:28:00 DEBUG cic.cs.unb.ca.jnetpcap.FlowGenerator    FlagFIN current has 12394 flow
2025-12-12 11:28:00 DEBUG cic.cs.unb.ca.jnetpcap.FlowGenerator    FlagRST current has 12394 flow
2025-12-12 11:28:03 INFO  cic.cs.unb.ca.jnetpcap.FlowGenerator    Forward flow closed due to FIN Flag
2025-12-12 11:28:03 INFO  cic.cs.unb.ca.jnetpcap.FlowGenerator    Forward flow closed due to FIN Flag
2025-12-12 11:28:03 INFO  cic.cs.unb.ca.jnetpcap.FlowGenerator    Forward flow closed due to FIN Flag
2025-12-12 11:28:03 INFO  cic.cs.unb.ca.jnetpcap.FlowGenerator    Forward flow closed due to FIN Flag
2025-12-12 11:28:03 DEBUG cic.cs.unb.ca.jnetpcap.FlowGenerator    FlagRST current has 12584 flow
2025-12-12 11:28:03 DEBUG cic.cs.unb.ca.jnetpcap.FlowGenerator    FlagRST current has 12585 flow
2025-12-12 11:28:03 DEBUG cic.cs.unb.ca.jnetpcap.FlowGenerator    FlagRST current has 12586 flow
2025-12-12 11:28:03 DEBUG cic.cs.unb.ca.jnetpcap.FlowGenerator    FlagRST current has 12585 flow
2025-12-12 11:28:03 DEBUG cic.cs.unb.ca.jnetpcap.FlowGenerator    FlagRST current has 12585 flow
2025-12-12 11:28:03 DEBUG cic.cs.unb.ca.jnetpcap.FlowGenerator    FlagRST current has 12585 flow
2025-12-12 11:28:03 DEBUG cic.cs.unb.ca.jnetpcap.FlowGenerator    FlagRST current has 12585 flow
2025-12-12 11:28:03 DEBUG cic.cs.unb.ca.jnetpcap.FlowGenerator    FlagRST current has 12585 flow
2025-12-12 11:28:04 INFO  cic.cs.unb.ca.jnetpcap.FlowGenerator    Forward flow closed due to FIN Flag
2025-12-12 11:28:04 INFO  cic.cs.unb.ca.jnetpcap.FlowGenerator    Forward flow closed due to FIN Flag
2025-12-12 11:28:04 INFO  cic.cs.unb.ca.jnetpcap.FlowGenerator    Forward flow closed due to FIN Flag
2025-12-12 11:28:04 INFO  cic.cs.unb.ca.jnetpcap.FlowGenerator    Forward flow closed due to FIN Flag
2025-12-12 11:28:04 DEBUG cic.cs.unb.ca.jnetpcap.FlowGenerator    FlagRST current has 12939 flow
2025-12-12 11:28:04 DEBUG cic.cs.unb.ca.jnetpcap.FlowGenerator    FlagRST current has 12938 flow
2025-12-12 11:28:04 DEBUG cic.cs.unb.ca.jnetpcap.FlowGenerator    FlagRST current has 12942 flow
2025-12-12 11:28:04 DEBUG cic.cs.unb.ca.jnetpcap.FlowGenerator    FlagRST current has 12941 flow
2025-12-12 11:28:04 DEBUG cic.cs.unb.ca.jnetpcap.FlowGenerator    FlagRST current has 12941 flow
2025-12-12 11:28:04 DEBUG cic.cs.unb.ca.jnetpcap.FlowGenerator    FlagRST current has 12941 flow
2025-12-12 11:28:04 DEBUG cic.cs.unb.ca.jnetpcap.FlowGenerator    FlagRST current has 12941 flow
2025-12-12 11:28:04 DEBUG cic.cs.unb.ca.jnetpcap.FlowGenerator    FlagRST current has 12941 flow
2025-12-12 11:28:09 DEBUG cic.cs.unb.ca.jnetpcap.FlowGenerator    FlagFIN current has 13929 flow
2025-12-12 11:28:09 INFO  cic.cs.unb.ca.jnetpcap.FlowGenerator    Forward flow closed due to FIN Flag
2025-12-12 11:28:09 INFO  cic.cs.unb.ca.jnetpcap.FlowGenerator    Forward flow closed due to FIN Flag
2025-12-12 11:28:09 INFO  cic.cs.unb.ca.jnetpcap.FlowGenerator    Forward flow closed due to FIN Flag
2025-12-12 11:28:09 INFO  cic.cs.unb.ca.jnetpcap.FlowGenerator    Forward flow closed due to FIN Flag
2025-12-12 11:28:09 DEBUG cic.cs.unb.ca.jnetpcap.FlowGenerator    FlagRST current has 14136 flow
2025-12-12 11:28:09 DEBUG cic.cs.unb.ca.jnetpcap.FlowGenerator    FlagRST current has 14135 flow
2025-12-12 11:28:09 DEBUG cic.cs.unb.ca.jnetpcap.FlowGenerator    FlagRST current has 14137 flow
2025-12-12 11:28:09 DEBUG cic.cs.unb.ca.jnetpcap.FlowGenerator    FlagRST current has 14137 flow
2025-12-12 11:28:09 DEBUG cic.cs.unb.ca.jnetpcap.FlowGenerator    FlagRST current has 14137 flow
2025-12-12 11:28:09 DEBUG cic.cs.unb.ca.jnetpcap.FlowGenerator    FlagRST current has 14139 flow
2025-12-12 11:28:11 INFO  cic.cs.unb.ca.jnetpcap.FlowGenerator    Forward flow closed due to FIN Flag
2025-12-12 11:28:11 INFO  cic.cs.unb.ca.jnetpcap.FlowGenerator    Forward flow closed due to FIN Flag
2025-12-12 11:28:11 INFO  cic.cs.unb.ca.jnetpcap.FlowGenerator    Forward flow closed due to FIN Flag
2025-12-12 11:28:11 INFO  cic.cs.unb.ca.jnetpcap.FlowGenerator    Forward flow closed due to FIN Flag
2025-12-12 11:28:11 INFO  cic.cs.unb.ca.jnetpcap.FlowGenerator    Forward flow closed due to FIN Flag
2025-12-12 11:28:11 INFO  cic.cs.unb.ca.jnetpcap.FlowGenerator    Forward flow closed due to FIN Flag
2025-12-12 11:28:11 INFO  cic.cs.unb.ca.jnetpcap.FlowGenerator    Forward flow closed due to FIN Flag
2025-12-12 11:28:11 INFO  cic.cs.unb.ca.jnetpcap.FlowGenerator    Forward flow closed due to FIN Flag
2025-12-12 11:28:11 DEBUG cic.cs.unb.ca.jnetpcap.FlowGenerator    FlagFIN current has 14272 flow
2025-12-12 11:28:11 DEBUG cic.cs.unb.ca.jnetpcap.FlowGenerator    FlagFIN current has 14272 flow
2025-12-12 11:28:11 DEBUG cic.cs.unb.ca.jnetpcap.FlowGenerator    FlagFIN current has 14272 flow
2025-12-12 11:28:11 DEBUG cic.cs.unb.ca.jnetpcap.FlowGenerator    FlagFIN current has 14272 flow
2025-12-12 11:28:11 DEBUG cic.cs.unb.ca.jnetpcap.FlowGenerator    FlagFIN current has 14272 flow
2025-12-12 11:28:11 DEBUG cic.cs.unb.ca.jnetpcap.FlowGenerator    FlagFIN current has 14276 flow
2025-12-12 11:28:11 DEBUG cic.cs.unb.ca.jnetpcap.FlowGenerator    FlagFIN current has 14276 flow
2025-12-12 11:28:11 DEBUG cic.cs.unb.ca.jnetpcap.FlowGenerator    FlagRST current has 14276 flow
2025-12-12 11:28:11 DEBUG cic.cs.unb.ca.jnetpcap.FlowGenerator    FlagFIN current has 14276 flow
2025-12-12 11:28:11 INFO  cic.cs.unb.ca.jnetpcap.FlowGenerator    Forward flow closed due to FIN Flag
2025-12-12 11:28:11 DEBUG cic.cs.unb.ca.jnetpcap.FlowGenerator    FlagRST current has 14333 flow
2025-12-12 11:28:11 DEBUG cic.cs.unb.ca.jnetpcap.FlowGenerator    FlagRST current has 14333 flow
2025-12-12 11:28:11 DEBUG cic.cs.unb.ca.jnetpcap.FlowGenerator    FlagFIN current has 14333 flow
2025-12-12 11:28:11 INFO  cic.cs.unb.ca.jnetpcap.FlowGenerator    Forward flow closed due to FIN Flag
2025-12-12 11:28:11 DEBUG cic.cs.unb.ca.jnetpcap.FlowGenerator    FlagFIN current has 14378 flow
2025-12-12 11:28:12 DEBUG cic.cs.unb.ca.jnetpcap.FlowGenerator    FlagFIN current has 14403 flow
2025-12-12 11:28:12 INFO  cic.cs.unb.ca.jnetpcap.FlowGenerator    Forward flow closed due to FIN Flag
2025-12-12 11:28:23 DEBUG cic.cs.unb.ca.jnetpcap.worker.TrafficFlowWorker    break Packet loop
2025-12-12 11:28:23 INFO  cic.cs.unb.ca.flow.ui.FlowMonitorPane    path:C:\Users\z1395\network_trace_system\CICFlowMeter\target\data\daily\2025-12-12_Flow.csv
2025-12-12 11:28:23 INFO  cic.cs.unb.ca.flow.ui.FlowMonitorPane    Pcap stop listening
2025-12-12 12:31:57 DEBUG swing.common.SwingUtils    C:\Users\z1395\network_trace_system\CICFlowMeter\target\classes (拒绝访问。)
2025-12-12 12:31:57 DEBUG swing.common.SwingUtils    C:\Users\z1395\network_trace_system\CICFlowMeter\target\data (拒绝访问。)
2025-12-12 12:31:57 DEBUG swing.common.SwingUtils    C:\Users\z1395\network_trace_system\CICFlowMeter\target\generated-sources (拒绝访问。)
2025-12-12 12:31:57 DEBUG swing.common.SwingUtils    C:\Users\z1395\network_trace_system\CICFlowMeter\target\logs (拒绝访问。)
2025-12-12 12:31:57 DEBUG swing.common.SwingUtils    C:\Users\z1395\network_trace_system\CICFlowMeter\target\maven-archiver (拒绝访问。)
2025-12-12 12:31:57 DEBUG swing.common.SwingUtils    C:\Users\z1395\network_trace_system\CICFlowMeter\target\maven-status (拒绝访问。)
2025-12-12 12:32:01 INFO  cic.cs.unb.ca.jnetpcap.worker.TrafficFlowWorker    Pcap is listening...
2025-12-12 12:32:03 DEBUG cic.cs.unb.ca.jnetpcap.FlowGenerator    FlagFIN current has 85 flow
2025-12-12 12:32:03 INFO  cic.cs.unb.ca.jnetpcap.FlowGenerator    Forward flow closed due to FIN Flag
2025-12-12 12:32:03 DEBUG cic.cs.unb.ca.jnetpcap.FlowGenerator    FlagRST current has 128 flow
2025-12-12 12:32:03 DEBUG cic.cs.unb.ca.jnetpcap.FlowGenerator    FlagRST current has 130 flow
2025-12-12 12:32:04 DEBUG cic.cs.unb.ca.jnetpcap.FlowGenerator    FlagRST current has 161 flow
2025-12-12 12:32:08 DEBUG cic.cs.unb.ca.jnetpcap.FlowGenerator    FlagFIN current has 214 flow
2025-12-12 12:32:08 INFO  cic.cs.unb.ca.jnetpcap.FlowGenerator    Forward flow closed due to FIN Flag
2025-12-12 12:32:09 DEBUG cic.cs.unb.ca.jnetpcap.FlowGenerator    FlagFIN current has 216 flow
2025-12-12 12:32:09 INFO  cic.cs.unb.ca.jnetpcap.FlowGenerator    Forward flow closed due to FIN Flag
2025-12-12 12:32:22 DEBUG cic.cs.unb.ca.jnetpcap.FlowGenerator    FlagRST current has 2934 flow
2025-12-12 12:32:23 DEBUG cic.cs.unb.ca.jnetpcap.FlowGenerator    FlagRST current has 2943 flow
2025-12-12 12:32:25 DEBUG cic.cs.unb.ca.jnetpcap.FlowGenerator    FlagFIN current has 2954 flow
2025-12-12 12:32:25 INFO  cic.cs.unb.ca.jnetpcap.FlowGenerator    Forward flow closed due to FIN Flag
2025-12-12 12:32:27 INFO  cic.cs.unb.ca.jnetpcap.FlowGenerator    Forward flow closed due to FIN Flag
2025-12-12 12:32:27 INFO  cic.cs.unb.ca.jnetpcap.FlowGenerator    Forward flow closed due to FIN Flag
2025-12-12 12:32:27 INFO  cic.cs.unb.ca.jnetpcap.FlowGenerator    Forward flow closed due to FIN Flag
2025-12-12 12:32:27 INFO  cic.cs.unb.ca.jnetpcap.FlowGenerator    Forward flow closed due to FIN Flag
2025-12-12 12:32:27 DEBUG cic.cs.unb.ca.jnetpcap.FlowGenerator    FlagRST current has 3539 flow
2025-12-12 12:32:27 DEBUG cic.cs.unb.ca.jnetpcap.FlowGenerator    FlagRST current has 3541 flow
2025-12-12 12:32:27 DEBUG cic.cs.unb.ca.jnetpcap.FlowGenerator    FlagRST current has 3542 flow
2025-12-12 12:32:27 DEBUG cic.cs.unb.ca.jnetpcap.FlowGenerator    FlagRST current has 3541 flow
2025-12-12 12:32:27 DEBUG cic.cs.unb.ca.jnetpcap.FlowGenerator    FlagRST current has 3541 flow
2025-12-12 12:32:27 DEBUG cic.cs.unb.ca.jnetpcap.FlowGenerator    FlagRST current has 3541 flow
2025-12-12 12:32:27 DEBUG cic.cs.unb.ca.jnetpcap.FlowGenerator    FlagRST current has 3542 flow
2025-12-12 12:32:29 INFO  cic.cs.unb.ca.jnetpcap.FlowGenerator    Forward flow closed due to FIN Flag
2025-12-12 12:32:29 INFO  cic.cs.unb.ca.jnetpcap.FlowGenerator    Forward flow closed due to FIN Flag
2025-12-12 12:32:29 INFO  cic.cs.unb.ca.jnetpcap.FlowGenerator    Forward flow closed due to FIN Flag
2025-12-12 12:32:29 INFO  cic.cs.unb.ca.jnetpcap.FlowGenerator    Forward flow closed due to FIN Flag
2025-12-12 12:32:29 INFO  cic.cs.unb.ca.jnetpcap.FlowGenerator    Forward flow closed due to FIN Flag
2025-12-12 12:32:29 DEBUG cic.cs.unb.ca.jnetpcap.FlowGenerator    FlagRST current has 4145 flow
2025-12-12 12:32:29 DEBUG cic.cs.unb.ca.jnetpcap.FlowGenerator    FlagRST current has 4145 flow
2025-12-12 12:32:29 DEBUG cic.cs.unb.ca.jnetpcap.FlowGenerator    FlagRST current has 4144 flow
2025-12-12 12:32:29 DEBUG cic.cs.unb.ca.jnetpcap.FlowGenerator    FlagRST current has 4143 flow
2025-12-12 12:32:29 DEBUG cic.cs.unb.ca.jnetpcap.FlowGenerator    FlagRST current has 4147 flow
2025-12-12 12:32:29 DEBUG cic.cs.unb.ca.jnetpcap.FlowGenerator    FlagRST current has 4146 flow
2025-12-12 12:32:29 DEBUG cic.cs.unb.ca.jnetpcap.FlowGenerator    FlagRST current has 4146 flow
2025-12-12 12:32:29 DEBUG cic.cs.unb.ca.jnetpcap.FlowGenerator    FlagRST current has 4145 flow
2025-12-12 12:32:29 DEBUG cic.cs.unb.ca.jnetpcap.FlowGenerator    FlagRST current has 4145 flow
2025-12-12 12:32:29 DEBUG cic.cs.unb.ca.jnetpcap.FlowGenerator    FlagRST current has 4145 flow
2025-12-12 12:32:29 DEBUG cic.cs.unb.ca.jnetpcap.FlowGenerator    FlagRST current has 4145 flow
2025-12-12 12:32:31 INFO  cic.cs.unb.ca.jnetpcap.FlowGenerator    Forward flow closed due to FIN Flag
2025-12-12 12:32:31 DEBUG cic.cs.unb.ca.jnetpcap.FlowGenerator    FlagFIN current has 4508 flow
2025-12-12 12:32:31 INFO  cic.cs.unb.ca.jnetpcap.FlowGenerator    Forward flow closed due to FIN Flag
2025-12-12 12:32:31 INFO  cic.cs.unb.ca.jnetpcap.FlowGenerator    Forward flow closed due to FIN Flag
2025-12-12 12:32:31 INFO  cic.cs.unb.ca.jnetpcap.FlowGenerator    Forward flow closed due to FIN Flag
2025-12-12 12:32:31 INFO  cic.cs.unb.ca.jnetpcap.FlowGenerator    Forward flow closed due to FIN Flag
2025-12-12 12:32:31 INFO  cic.cs.unb.ca.jnetpcap.FlowGenerator    Forward flow closed due to FIN Flag
2025-12-12 12:32:31 INFO  cic.cs.unb.ca.jnetpcap.FlowGenerator    Forward flow closed due to FIN Flag
2025-12-12 12:32:31 INFO  cic.cs.unb.ca.jnetpcap.FlowGenerator    Forward flow closed due to FIN Flag
2025-12-12 12:32:31 INFO  cic.cs.unb.ca.jnetpcap.FlowGenerator    Forward flow closed due to FIN Flag
2025-12-12 12:32:31 INFO  cic.cs.unb.ca.jnetpcap.FlowGenerator    Forward flow closed due to FIN Flag
2025-12-12 12:32:31 INFO  cic.cs.unb.ca.jnetpcap.FlowGenerator    Forward flow closed due to FIN Flag
2025-12-12 12:32:31 INFO  cic.cs.unb.ca.jnetpcap.FlowGenerator    Forward flow closed due to FIN Flag
2025-12-12 12:32:31 INFO  cic.cs.unb.ca.jnetpcap.FlowGenerator    Forward flow closed due to FIN Flag
2025-12-12 12:32:31 INFO  cic.cs.unb.ca.jnetpcap.FlowGenerator    Forward flow closed due to FIN Flag
2025-12-12 12:32:31 INFO  cic.cs.unb.ca.jnetpcap.FlowGenerator    Forward flow closed due to FIN Flag
2025-12-12 12:32:31 INFO  cic.cs.unb.ca.jnetpcap.FlowGenerator    Forward flow closed due to FIN Flag
2025-12-12 12:32:31 INFO  cic.cs.unb.ca.jnetpcap.FlowGenerator    Forward flow closed due to FIN Flag
2025-12-12 12:32:31 INFO  cic.cs.unb.ca.jnetpcap.FlowGenerator    Forward flow closed due to FIN Flag
2025-12-12 12:32:31 INFO  cic.cs.unb.ca.jnetpcap.FlowGenerator    Forward flow closed due to FIN Flag
2025-12-12 12:32:31 INFO  cic.cs.unb.ca.jnetpcap.FlowGenerator    Forward flow closed due to FIN Flag
2025-12-12 12:32:31 INFO  cic.cs.unb.ca.jnetpcap.FlowGenerator    Forward flow closed due to FIN Flag
2025-12-12 12:32:31 INFO  cic.cs.unb.ca.jnetpcap.FlowGenerator    Forward flow closed due to FIN Flag
2025-12-12 12:32:31 INFO  cic.cs.unb.ca.jnetpcap.FlowGenerator    Forward flow closed due to FIN Flag
2025-12-12 12:32:31 DEBUG cic.cs.unb.ca.jnetpcap.FlowGenerator    FlagFIN current has 4525 flow
2025-12-12 12:32:31 DEBUG cic.cs.unb.ca.jnetpcap.FlowGenerator    FlagFIN current has 4525 flow
2025-12-12 12:32:31 DEBUG cic.cs.unb.ca.jnetpcap.FlowGenerator    FlagFIN current has 4525 flow
2025-12-12 12:32:31 DEBUG cic.cs.unb.ca.jnetpcap.FlowGenerator    FlagFIN current has 4525 flow
2025-12-12 12:32:31 DEBUG cic.cs.unb.ca.jnetpcap.FlowGenerator    FlagFIN current has 4525 flow
2025-12-12 12:32:31 DEBUG cic.cs.unb.ca.jnetpcap.FlowGenerator    FlagFIN current has 4525 flow
2025-12-12 12:32:31 DEBUG cic.cs.unb.ca.jnetpcap.FlowGenerator    FlagFIN current has 4525 flow
2025-12-12 12:32:31 DEBUG cic.cs.unb.ca.jnetpcap.FlowGenerator    FlagFIN current has 4525 flow
2025-12-12 12:32:31 DEBUG cic.cs.unb.ca.jnetpcap.FlowGenerator    FlagRST current has 4524 flow
2025-12-12 12:32:31 DEBUG cic.cs.unb.ca.jnetpcap.FlowGenerator    FlagFIN current has 4524 flow
2025-12-12 12:32:31 DEBUG cic.cs.unb.ca.jnetpcap.FlowGenerator    FlagFIN current has 4525 flow
2025-12-12 12:32:31 DEBUG cic.cs.unb.ca.jnetpcap.FlowGenerator    FlagFIN current has 4525 flow
2025-12-12 12:32:31 DEBUG cic.cs.unb.ca.jnetpcap.FlowGenerator    FlagFIN current has 4525 flow
2025-12-12 12:32:31 DEBUG cic.cs.unb.ca.jnetpcap.FlowGenerator    FlagFIN current has 4525 flow
2025-12-12 12:32:31 DEBUG cic.cs.unb.ca.jnetpcap.FlowGenerator    FlagRST current has 4525 flow
2025-12-12 12:32:31 DEBUG cic.cs.unb.ca.jnetpcap.FlowGenerator    FlagFIN current has 4524 flow
2025-12-12 12:32:31 DEBUG cic.cs.unb.ca.jnetpcap.FlowGenerator    FlagRST current has 4525 flow
2025-12-12 12:32:31 DEBUG cic.cs.unb.ca.jnetpcap.FlowGenerator    FlagRST current has 4524 flow
2025-12-12 12:32:31 DEBUG cic.cs.unb.ca.jnetpcap.FlowGenerator    FlagFIN current has 4524 flow
2025-12-12 12:32:31 DEBUG cic.cs.unb.ca.jnetpcap.FlowGenerator    FlagRST current has 4524 flow
2025-12-12 12:32:31 DEBUG cic.cs.unb.ca.jnetpcap.FlowGenerator    FlagFIN current has 4524 flow
2025-12-12 12:32:31 DEBUG cic.cs.unb.ca.jnetpcap.FlowGenerator    FlagRST current has 4524 flow
2025-12-12 12:32:31 DEBUG cic.cs.unb.ca.jnetpcap.FlowGenerator    FlagFIN current has 4523 flow
2025-12-12 12:32:31 DEBUG cic.cs.unb.ca.jnetpcap.FlowGenerator    FlagRST current has 4525 flow
2025-12-12 12:32:31 DEBUG cic.cs.unb.ca.jnetpcap.FlowGenerator    FlagRST current has 4525 flow
2025-12-12 12:32:31 DEBUG cic.cs.unb.ca.jnetpcap.FlowGenerator    FlagFIN current has 4524 flow
2025-12-12 12:32:31 DEBUG cic.cs.unb.ca.jnetpcap.FlowGenerator    FlagFIN current has 4524 flow
2025-12-12 12:32:32 INFO  cic.cs.unb.ca.jnetpcap.FlowGenerator    Forward flow closed due to FIN Flag
2025-12-12 12:32:32 DEBUG cic.cs.unb.ca.jnetpcap.FlowGenerator    FlagRST current has 4581 flow
2025-12-12 12:32:32 DEBUG cic.cs.unb.ca.jnetpcap.FlowGenerator    FlagRST current has 4581 flow
2025-12-12 12:32:32 DEBUG cic.cs.unb.ca.jnetpcap.FlowGenerator    FlagRST current has 4581 flow
2025-12-12 12:32:32 DEBUG cic.cs.unb.ca.jnetpcap.FlowGenerator    FlagRST current has 4582 flow
2025-12-12 12:32:32 DEBUG cic.cs.unb.ca.jnetpcap.FlowGenerator    FlagRST current has 4581 flow
2025-12-12 12:32:32 WARN  cic.cs.unb.ca.jnetpcap.FlowGenerator    Forward flow received 2 FIN packets
2025-12-12 12:32:33 INFO  cic.cs.unb.ca.flow.ui.FlowMonitorPane    path:C:\Users\z1395\network_trace_system\CICFlowMeter\target\data\daily\2025-12-12_Flow.csv
2025-12-12 12:32:33 DEBUG cic.cs.unb.ca.jnetpcap.worker.TrafficFlowWorker    break Packet loop
2025-12-12 12:32:33 INFO  cic.cs.unb.ca.flow.ui.FlowMonitorPane    Pcap stop listening
2025-12-12 12:37:15 DEBUG swing.common.SwingUtils    C:\Users\z1395\network_trace_system\CICFlowMeter\target\classes (拒绝访问。)
2025-12-12 12:37:15 DEBUG swing.common.SwingUtils    C:\Users\z1395\network_trace_system\CICFlowMeter\target\data (拒绝访问。)
2025-12-12 12:37:15 DEBUG swing.common.SwingUtils    C:\Users\z1395\network_trace_system\CICFlowMeter\target\generated-sources (拒绝访问。)
2025-12-12 12:37:15 DEBUG swing.common.SwingUtils    C:\Users\z1395\network_trace_system\CICFlowMeter\target\logs (拒绝访问。)
2025-12-12 12:37:15 DEBUG swing.common.SwingUtils    C:\Users\z1395\network_trace_system\CICFlowMeter\target\maven-archiver (拒绝访问。)
2025-12-12 12:37:15 DEBUG swing.common.SwingUtils    C:\Users\z1395\network_trace_system\CICFlowMeter\target\maven-status (拒绝访问。)
2025-12-12 12:37:19 INFO  cic.cs.unb.ca.jnetpcap.worker.TrafficFlowWorker    Pcap is listening...
2025-12-12 12:38:14 INFO  cic.cs.unb.ca.flow.ui.FlowMonitorPane    path:C:\Users\z1395\network_trace_system\CICFlowMeter\target\data\daily\2025-12-12_Flow.csv
2025-12-12 12:38:15 INFO  cic.cs.unb.ca.flow.ui.FlowMonitorPane    path:C:\Users\z1395\network_trace_system\CICFlowMeter\target\data\daily\2025-12-12_Flow.csv
2025-12-12 12:38:18 INFO  cic.cs.unb.ca.jnetpcap.worker.TrafficFlowWorker    Pcap is listening...
2025-12-12 12:38:27 INFO  cic.cs.unb.ca.flow.ui.FlowMonitorPane    path:C:\Users\z1395\network_trace_system\CICFlowMeter\target\data\daily\2025-12-12_Flow.csv
2025-12-12 14:45:10 DEBUG swing.common.SwingUtils    C:\Users\z1395\network_trace_system\CICFlowMeter\target\classes (拒绝访问。)
2025-12-12 14:45:10 DEBUG swing.common.SwingUtils    C:\Users\z1395\network_trace_system\CICFlowMeter\target\data (拒绝访问。)
2025-12-12 14:45:10 DEBUG swing.common.SwingUtils    C:\Users\z1395\network_trace_system\CICFlowMeter\target\generated-sources (拒绝访问。)
2025-12-12 14:45:10 DEBUG swing.common.SwingUtils    C:\Users\z1395\network_trace_system\CICFlowMeter\target\logs (拒绝访问。)
2025-12-12 14:45:10 DEBUG swing.common.SwingUtils    C:\Users\z1395\network_trace_system\CICFlowMeter\target\maven-archiver (拒绝访问。)
2025-12-12 14:45:10 DEBUG swing.common.SwingUtils    C:\Users\z1395\network_trace_system\CICFlowMeter\target\maven-status (拒绝访问。)
2025-12-12 14:45:17 INFO  cic.cs.unb.ca.jnetpcap.worker.TrafficFlowWorker    Pcap is listening...
2025-12-12 14:45:56 INFO  cic.cs.unb.ca.flow.ui.FlowMonitorPane    path:C:\Users\z1395\network_trace_system\CICFlowMeter\target\data\daily\2025-12-12_Flow.csv
2025-12-12 14:45:57 INFO  cic.cs.unb.ca.jnetpcap.worker.TrafficFlowWorker    Pcap is listening...
2025-12-12 14:45:58 INFO  cic.cs.unb.ca.flow.ui.FlowMonitorPane    path:C:\Users\z1395\network_trace_system\CICFlowMeter\target\data\daily\2025-12-12_Flow.csv
2025-12-12 14:46:00 INFO  cic.cs.unb.ca.jnetpcap.worker.TrafficFlowWorker    Pcap is listening...
2025-12-26 13:36:39 DEBUG swing.common.SwingUtils    C:\Users\z1395\network_trace_system\CICFlowMeter\target\classes (拒绝访问。)
2025-12-26 13:36:39 DEBUG swing.common.SwingUtils    C:\Users\z1395\network_trace_system\CICFlowMeter\target\logs (拒绝访问。)
2025-12-26 13:36:39 DEBUG swing.common.SwingUtils    C:\Users\z1395\network_trace_system\CICFlowMeter\target\maven-archiver (拒绝访问。)
2025-12-26 13:36:39 DEBUG swing.common.SwingUtils    C:\Users\z1395\network_trace_system\CICFlowMeter\target\maven-status (拒绝访问。)
2025-12-26 13:39:35 DEBUG cic.cs.unb.ca.flow.ui.FlowOfflinePane    offline select input C:\Users\z1395\network_trace_system\catched_data\fulltest_251226.pcap
2025-12-26 13:40:34 DEBUG cic.cs.unb.ca.flow.ui.FlowOfflinePane    offline select output C:\Users\z1395\network_trace_system\CICFlowMeter\target\data\daily
2025-12-26 13:40:37 DEBUG cic.cs.unb.ca.jnetpcap.worker.ReadPcapFileWorker    Working on... C:\Users\z1395\network_trace_system\catched_data\fulltest_251226.pcap
2025-12-26 13:40:37 DEBUG cic.cs.unb.ca.jnetpcap.PacketReader    null
********************************************************************************
0000:*01 d0 f8 00* 00 08 80 05  88 39 64 ba  00 49 aa aa    .........9d..I..
0010: 03 00 d0 f8  07 88 00 08  01 02 00 41  00 00 00 00    ...........A....
0020: 00 00 00 00  00 00 00 00  00 00 00 00  00 00 80 05    ................
0030: 88 39 64 ba  00 00 00 00  00 00 00 02  00 00 03 e8    .9d.............
0040: 00 01 01 15  47 69 67 61  62 69 74 45  74 68 65 72    ....GigabitEther
0050: 6e 65 74 20  30 2f 32*                                net 0/2         


2025-12-26 13:40:37 DEBUG cic.cs.unb.ca.jnetpcap.PacketReader    null
********************************************************************************
0000:*33 33 00 00  00 fb 90 2a  ee 00 98 00* 86 dd 60 00    33.....*......`.
0010: da e5 01 b5  11 01 fe 80  00 00 00 00  00 00 8b 16    ................
0020: cb b4 26 46  bf 73 ff 02  00 00 00 00  00 00 00 00    ..&F.s..........
0030: 00 00 00 00  00 fb 14 e9  14 e9 01 b5  62 c0 00 00    ............b...
0040: 84 00 00 00  00 01 00 00  00 02 06 5f  64 6f 73 76    ..........._dosv
0050: 63 04 5f 74  63 70 05 6c  6f 63 61 6c  00 00 0c 00    c._tcp.local....
0060: 01 00 00 00  00 00 1a 06  ef bf bd e5  b4 bf 06 5f    ..............._
0070: 64 6f 73 76  63 04 5f 74  63 70 05 6c  6f 63 61 6c    dosvc._tcp.local
0080: 00 06 ef bf  bd e5 b4 bf  06 5f 64 6f  73 76 63 04    ........._dosvc.
0090: 5f 74 63 70  05 6c 6f 63  61 6c 00 00  21 00 01 00    _tcp.local..!...
00a0: 00 00 00 00  14 00 00 00  00 1e 00 06  ef bf bd e5    ................
00b0: b4 bf 05 6c  6f 63 61 6c  00 c0 43 00  10 00 01 00    ...local..C.....
00c0: 00 00 00 01  26 07 50 3d  36 35 32 38  30 15 53 48    ....&.P=65280.SH
00d0: 30 30 3d 41  39 71 46 6b  33 31 57 62  4d 6c 7a 45    00=A9qFk31WbMlzE
00e0: 34 79 50 15  53 48 30 31  3d 42 52 6a  73 79 2f 6c    4yP.SH01=BRjsy/l
00f0: 6a 50 45 44  75 59 47 64  48 15 53 48  30 32 3d 46    jPEDuYGdH.SH02=F
0100: 39 55 59 71  61 71 73 78  58 6c 65 57  6c 78 53 15    9UYqaqsxXleWlxS.
0110: 53 48 30 33  3d 4f 55 43  54 49 6b 33  5a 43 72 67    SH03=OUCTIk3ZCrg
0120: 65 6c 4e 4e  73 15 53 48  30 34 3d 4f  30 32 48 4f    elNNs.SH04=O02HO
0130: 49 64 64 55  71 57 64 35  6d 4b 69 15  53 48 30 35    IddUqWd5mKi.SH05
0140: 3d 54 46 76  73 6b 32 55  63 77 66 4c  42 65 77 78    =TFvsk2UcwfLBewx
0150: 54 15 53 48  30 36 3d 64  46 4c 48 43  66 5a 62 52    T.SH06=dFLHCfZbR
0160: 68 74 65 32  45 4d 37 15  53 48 30 37  3d 69 46 2f    hte2EM7.SH07=iF/
0170: 33 50 37 61  62 50 68 6b  55 37 4f 4a  67 15 53 48    3P7abPhkU7OJg.SH
0180: 30 38 3d 6e  66 6a 78 70  76 52 2f 41  46 70 4d 7a    08=nfjxpvR/AFpMz
0190: 7a 52 73 15  53 48 30 39  3d 73 4b 72  42 59 35 76    zRs.SH09=sKrBY5v
01a0: 50 59 44 70  53 34 78 6d  47 15 53 48  30 61 3d 34    PYDpS4xmG.SH0a=4
01b0: 52 50 67 41  45 2b 78 6c  68 35 79 79  32 71 62 15    RPgAE+xlh5yy2qb.
01c0: 53 48 30 62  3d 2b 35 5a  50 58 6c 4e  6b 66 64 45    SH0b=+5ZPXlNkfdE
01d0: 73 78 6f 44  53 15 53 48  30 63 3d 2f  45 7a 64 33    sxoDS.SH0c=/Ezd3
01e0: 37 38 2b 4f  4a 47 61 66  65 33 7a*                   78+OJGafe3z     


2025-12-26 13:40:37 DEBUG cic.cs.unb.ca.jnetpcap.PacketReader    null
********************************************************************************
0000:*33 33 00 00  00 fb 90 2a  ee 00 98 00* 86 dd 60 00    33.....*......`.
0010: da e5 00 32  11 01 fe 80  00 00 00 00  00 00 8b 16    ...2............
0020: cb b4 26 46  bf 73 ff 02  00 00 00 00  00 00 00 00    ..&F.s..........
0030: 00 00 00 00  00 fb 14 e9  14 e9 00 32  c4 76 00 00    ...........2.v..
0040: 00 00 00 01  00 00 00 00  00 00 06 ef  bf bd e5 b4    ................
0050: bf 06 5f 64  6f 73 76 63  04 5f 74 63  70 05 6c 6f    .._dosvc._tcp.lo
0060: 63 61 6c 00  00 ff 00 01*                             cal.....        


2025-12-26 13:40:37 DEBUG cic.cs.unb.ca.jnetpcap.PacketReader    null
********************************************************************************
0000:*33 33 00 00  00 fb 90 2a  ee 00 98 00* 86 dd 60 00    33.....*......`.
0010: da e5 00 32  11 01 fe 80  00 00 00 00  00 00 8b 16    ...2............
0020: cb b4 26 46  bf 73 ff 02  00 00 00 00  00 00 00 00    ..&F.s..........
0030: 00 00 00 00  00 fb 14 e9  14 e9 00 32  c4 76 00 00    ...........2.v..
0040: 00 00 00 01  00 00 00 00  00 00 06 ef  bf bd e5 b4    ................
0050: bf 06 5f 64  6f 73 76 63  04 5f 74 63  70 05 6c 6f    .._dosvc._tcp.lo
0060: 63 61 6c 00  00 ff 00 01*                             cal.....        


2025-12-26 13:40:37 DEBUG cic.cs.unb.ca.jnetpcap.PacketReader    null
********************************************************************************
0000:*33 33 00 00  00 fb 90 2a  ee 00 98 00* 86 dd 60 00    33.....*......`.
0010: da e5 00 32  11 01 fe 80  00 00 00 00  00 00 8b 16    ...2............
0020: cb b4 26 46  bf 73 ff 02  00 00 00 00  00 00 00 00    ..&F.s..........
0030: 00 00 00 00  00 fb 14 e9  14 e9 00 32  c4 76 00 00    ...........2.v..
0040: 00 00 00 01  00 00 00 00  00 00 06 ef  bf bd e5 b4    ................
0050: bf 06 5f 64  6f 73 76 63  04 5f 74 63  70 05 6c 6f    .._dosvc._tcp.lo
0060: 63 61 6c 00  00 ff 00 01*                             cal.....        


2025-12-26 13:40:37 DEBUG cic.cs.unb.ca.jnetpcap.PacketReader    null
********************************************************************************
0000:*01 80 c2 00* 00 00 80 05  88 39 64 ba  00 69 42 42    .........9d..iBB
0010: 03 00 00 03  02 7c 80 00  80 05 88 39  64 ba 00 00    .....|.....9d...
0020: 00 00 80 00  80 05 88 39  64 ba 80 02  00 00 14 00    .......9d.......
0030: 02 00 0f 00  00 00 40 00  00 00 00 00  00 00 00 00    ......@.........
0040: 00 00 00 00  00 00 00 00  00 00 00 00  00 00 00 00    ................
0050: 00 00 00 00  00 00 00 00  00 00 ac 36  17 7f 50 28    ...........6..P(
0060: 3c d4 b8 38  21 d8 ab 26  de 62 00 00  00 00 80 00    <..8!..&.b......
0070: 80 05 88 39  64 ba 14*                                ...9d..         


2025-12-26 13:40:37 DEBUG cic.cs.unb.ca.jnetpcap.PacketReader    null
********************************************************************************
0000:*33 33 00 00  00 fb 90 2a  ee 00 98 00* 86 dd 60 00    33.....*......`.
0010: da e5 01 b5  11 01 fe 80  00 00 00 00  00 00 8b 16    ................
0020: cb b4 26 46  bf 73 ff 02  00 00 00 00  00 00 00 00    ..&F.s..........
0030: 00 00 00 00  00 fb 14 e9  14 e9 01 b5  c1 1c 00 00    ................
0040: 84 00 00 00  00 01 00 00  00 02 06 5f  64 6f 73 76    ..........._dosv
0050: 63 04 5f 74  63 70 05 6c  6f 63 61 6c  00 00 0c 80    c._tcp.local....
0060: 01 00 00 11  94 00 1a 06  ef bf bd e5  b4 bf 06 5f    ..............._
0070: 64 6f 73 76  63 04 5f 74  63 70 05 6c  6f 63 61 6c    dosvc._tcp.local
0080: 00 06 ef bf  bd e5 b4 bf  06 5f 64 6f  73 76 63 04    ........._dosvc.
0090: 5f 74 63 70  05 6c 6f 63  61 6c 00 00  21 80 01 00    _tcp.local..!...
00a0: 00 00 78 00  14 00 00 00  00 1e 00 06  ef bf bd e5    ..x.............
00b0: b4 bf 05 6c  6f 63 61 6c  00 c0 43 00  10 80 01 00    ...local..C.....
00c0: 00 11 94 01  26 07 50 3d  36 35 32 38  30 15 53 48    ....&.P=65280.SH
00d0: 30 30 3d 41  39 71 46 6b  33 31 57 62  4d 6c 7a 45    00=A9qFk31WbMlzE
00e0: 34 79 50 15  53 48 30 31  3d 42 52 6a  73 79 2f 6c    4yP.SH01=BRjsy/l
00f0: 6a 50 45 44  75 59 47 64  48 15 53 48  30 32 3d 46    jPEDuYGdH.SH02=F
0100: 39 55 59 71  61 71 73 78  58 6c 65 57  6c 78 53 15    9UYqaqsxXleWlxS.
0110: 53 48 30 33  3d 4f 55 43  54 49 6b 33  5a 43 72 67    SH03=OUCTIk3ZCrg
0120: 65 6c 4e 4e  73 15 53 48  30 34 3d 4f  30 32 48 4f    elNNs.SH04=O02HO
0130: 49 64 64 55  71 57 64 35  6d 4b 69 15  53 48 30 35    IddUqWd5mKi.SH05
0140: 3d 54 46 76  73 6b 32 55  63 77 66 4c  42 65 77 78    =TFvsk2UcwfLBewx
0150: 54 15 53 48  30 36 3d 64  46 4c 48 43  66 5a 62 52    T.SH06=dFLHCfZbR
0160: 68 74 65 32  45 4d 37 15  53 48 30 37  3d 69 46 2f    hte2EM7.SH07=iF/
0170: 33 50 37 61  62 50 68 6b  55 37 4f 4a  67 15 53 48    3P7abPhkU7OJg.SH
0180: 30 38 3d 6e  66 6a 78 70  76 52 2f 41  46 70 4d 7a    08=nfjxpvR/AFpMz
0190: 7a 52 73 15  53 48 30 39  3d 73 4b 72  42 59 35 76    zRs.SH09=sKrBY5v
01a0: 50 59 44 70  53 34 78 6d  47 15 53 48  30 61 3d 34    PYDpS4xmG.SH0a=4
01b0: 52 50 67 41  45 2b 78 6c  68 35 79 79  32 71 62 15    RPgAE+xlh5yy2qb.
01c0: 53 48 30 62  3d 2b 35 5a  50 58 6c 4e  6b 66 64 45    SH0b=+5ZPXlNkfdE
01d0: 73 78 6f 44  53 15 53 48  30 63 3d 2f  45 7a 64 33    sxoDS.SH0c=/Ezd3
01e0: 37 38 2b 4f  4a 47 61 66  65 33 7a*                   78+OJGafe3z     


2025-12-26 13:40:37 DEBUG cic.cs.unb.ca.jnetpcap.PacketReader    null
********************************************************************************
0000:*33 33 00 00  00 fb 90 2a  ee 00 98 00* 86 dd 60 00    33.....*......`.
0010: da e5 01 7e  11 01 fe 80  00 00 00 00  00 00 8b 16    ...~............
0020: cb b4 26 46  bf 73 ff 02  00 00 00 00  00 00 00 00    ..&F.s..........
0030: 00 00 00 00  00 fb 14 e9  14 e9 01 7e  56 d1 00 00    ...........~V...
0040: 84 00 00 00  00 01 00 00  00 01 06 ef  bf bd e5 b4    ................
0050: bf 06 5f 64  6f 73 76 63  04 5f 74 63  70 05 6c 6f    .._dosvc._tcp.lo
0060: 63 61 6c 00  00 21 80 01  00 00 00 78  00 14 00 00    cal..!.....x....
0070: 00 00 1e 00  06 ef bf bd  e5 b4 bf 05  6c 6f 63 61    ............loca
0080: 6c 00 c0 0c  00 10 80 01  00 00 11 94  01 26 07 50    l............&.P
0090: 3d 36 35 32  38 30 15 53  48 30 30 3d  41 39 71 46    =65280.SH00=A9qF
00a0: 6b 33 31 57  62 4d 6c 7a  45 34 79 50  15 53 48 30    k31WbMlzE4yP.SH0
00b0: 31 3d 42 52  6a 73 79 2f  6c 6a 50 45  44 75 59 47    1=BRjsy/ljPEDuYG
00c0: 64 48 15 53  48 30 32 3d  46 39 55 59  71 61 71 73    dH.SH02=F9UYqaqs
00d0: 78 58 6c 65  57 6c 78 53  15 53 48 30  33 3d 4f 55    xXleWlxS.SH03=OU
00e0: 43 54 49 6b  33 5a 43 72  67 65 6c 4e  4e 73 15 53    CTIk3ZCrgelNNs.S
00f0: 48 30 34 3d  4f 30 32 48  4f 49 64 64  55 71 57 64    H04=O02HOIddUqWd
0100: 35 6d 4b 69  15 53 48 30  35 3d 54 46  76 73 6b 32    5mKi.SH05=TFvsk2
0110: 55 63 77 66  4c 42 65 77  78 54 15 53  48 30 36 3d    UcwfLBewxT.SH06=
0120: 64 46 4c 48  43 66 5a 62  52 68 74 65  32 45 4d 37    dFLHCfZbRhte2EM7
0130: 15 53 48 30  37 3d 69 46  2f 33 50 37  61 62 50 68    .SH07=iF/3P7abPh
0140: 6b 55 37 4f  4a 67 15 53  48 30 38 3d  6e 66 6a 78    kU7OJg.SH08=nfjx
0150: 70 76 52 2f  41 46 70 4d  7a 7a 52 73  15 53 48 30    pvR/AFpMzzRs.SH0
0160: 39 3d 73 4b  72 42 59 35  76 50 59 44  70 53 34 78    9=sKrBY5vPYDpS4x
0170: 6d 47 15 53  48 30 61 3d  34 52 50 67  41 45 2b 78    mG.SH0a=4RPgAE+x
0180: 6c 68 35 79  79 32 71 62  15 53 48 30  62 3d 2b 35    lh5yy2qb.SH0b=+5
0190: 5a 50 58 6c  4e 6b 66 64  45 73 78 6f  44 53 15 53    ZPXlNkfdEsxoDS.S
01a0: 48 30 63 3d  2f 45 7a 64  33 37 38 2b  4f 4a 47 61    H0c=/Ezd378+OJGa
01b0: 66 65 33 7a*                                          fe3z            


2025-12-26 13:40:37 DEBUG cic.cs.unb.ca.jnetpcap.PacketReader    null
********************************************************************************
0000:*01 d0 f8 00* 00 08 80 05  88 39 64 ba  00 49 aa aa    .........9d..I..
0010: 03 00 d0 f8  07 88 00 08  01 02 00 41  00 00 00 00    ...........A....
0020: 00 00 00 00  00 00 00 00  00 00 00 00  00 00 80 05    ................
0030: 88 39 64 ba  00 00 00 00  00 00 00 02  00 00 03 e8    .9d.............
0040: 00 01 01 15  47 69 67 61  62 69 74 45  74 68 65 72    ....GigabitEther
0050: 6e 65 74 20  30 2f 32*                                net 0/2         


2025-12-26 13:40:37 DEBUG cic.cs.unb.ca.jnetpcap.PacketReader    null
********************************************************************************
0000:*01 80 c2 00* 00 00 80 05  88 39 64 ba  00 69 42 42    .........9d..iBB
0010: 03 00 00 03  02 7c 80 00  80 05 88 39  64 ba 00 00    .....|.....9d...
0020: 00 00 80 00  80 05 88 39  64 ba 80 02  00 00 14 00    .......9d.......
0030: 02 00 0f 00  00 00 40 00  00 00 00 00  00 00 00 00    ......@.........
0040: 00 00 00 00  00 00 00 00  00 00 00 00  00 00 00 00    ................
0050: 00 00 00 00  00 00 00 00  00 00 ac 36  17 7f 50 28    ...........6..P(
0060: 3c d4 b8 38  21 d8 ab 26  de 62 00 00  00 00 80 00    <..8!..&.b......
0070: 80 05 88 39  64 ba 14*                                ...9d..         


2025-12-26 13:40:37 INFO  cic.cs.unb.ca.jnetpcap.FlowGenerator    Forward flow closed due to FIN Flag
2025-12-26 13:40:37 DEBUG cic.cs.unb.ca.jnetpcap.FlowGenerator    FlagFIN current has 111 flow
2025-12-26 13:40:37 INFO  cic.cs.unb.ca.jnetpcap.FlowGenerator    Forward flow closed due to FIN Flag
2025-12-26 13:40:37 DEBUG cic.cs.unb.ca.jnetpcap.FlowGenerator    FlagFIN current has 157 flow
2025-12-26 13:40:37 DEBUG cic.cs.unb.ca.jnetpcap.PacketReader    null
********************************************************************************
0000:*33 33 00 00  00 fb 88 a4  c2 f8 ed db* 86 dd 60 0e    33............`.
0010: cb f6 00 21  11 01 fe 80  00 00 00 00  00 00 ab 84    ...!............
0020: 74 40 8e ee  b3 62 ff 02  00 00 00 00  00 00 00 00    t@...b..........
0030: 00 00 00 00  00 fb 14 e9  14 e9 00 21  9b 97 00 00    ...........!....
0040: 00 00 00 01  00 00 00 00  00 00 01 71  05 6c 6f 63    ...........q.loc
0050: 61 6c 00 00  01 00 01*                                al.....         


2025-12-26 13:40:37 DEBUG cic.cs.unb.ca.jnetpcap.PacketReader    null
********************************************************************************
0000:*33 33 00 00  00 fb 88 a4  c2 f8 ed db* 86 dd 60 0e    33............`.
0010: cb f6 00 21  11 01 fe 80  00 00 00 00  00 00 ab 84    ...!............
0020: 74 40 8e ee  b3 62 ff 02  00 00 00 00  00 00 00 00    t@...b..........
0030: 00 00 00 00  00 fb 14 e9  14 e9 00 21  80 97 00 00    ...........!....
0040: 00 00 00 01  00 00 00 00  00 00 01 71  05 6c 6f 63    ...........q.loc
0050: 61 6c 00 00  1c 00 01*                                al.....         


2025-12-26 13:40:37 DEBUG cic.cs.unb.ca.jnetpcap.PacketReader    null
********************************************************************************
0000:*33 33 00 01  00 03 88 a4  c2 f8 ed db* 86 dd 60 0e    33............`.
0010: 83 b0 00 1b  11 01 fe 80  00 00 00 00  00 00 ab 84    ................
0020: 74 40 8e ee  b3 62 ff 02  00 00 00 00  00 00 00 00    t@...b..........
0030: 00 00 00 01  00 03 e2 28  14 eb 00 1b  13 fe 91 96    .......(........
0040: 00 00 00 01  00 00 00 00  00 00 01 71  00 00 01 00    ...........q....
0050: 01                                                    .               


2025-12-26 13:40:37 DEBUG cic.cs.unb.ca.jnetpcap.PacketReader    null
********************************************************************************
0000:*33 33 00 01  00 03 88 a4  c2 f8 ed db* 86 dd 60 0e    33............`.
0010: fe 20 00 1b  11 01 fe 80  00 00 00 00  00 00 ab 84    . ..............
0020: 74 40 8e ee  b3 62 ff 02  00 00 00 00  00 00 00 00    t@...b..........
0030: 00 00 00 01  00 03 e0 f5  14 eb 00 1b  e6 5a a5 6c    .............Z.l
0040: 00 00 00 01  00 00 00 00  00 00 01 71  00 00 1c 00    ...........q....
0050: 01                                                    .               


2025-12-26 13:40:37 DEBUG cic.cs.unb.ca.jnetpcap.PacketReader    null
********************************************************************************
0000:*33 33 00 00  00 fb 88 a4  c2 f8 ed db* 86 dd 60 0e    33............`.
0010: cb f6 00 21  11 01 fe 80  00 00 00 00  00 00 ab 84    ...!............
0020: 74 40 8e ee  b3 62 ff 02  00 00 00 00  00 00 00 00    t@...b..........
0030: 00 00 00 00  00 fb 14 e9  14 e9 00 21  9b 97 00 00    ...........!....
0040: 00 00 00 01  00 00 00 00  00 00 01 71  05 6c 6f 63    ...........q.loc
0050: 61 6c 00 00  01 00 01*                                al.....         


2025-12-26 13:40:37 DEBUG cic.cs.unb.ca.jnetpcap.PacketReader    null
********************************************************************************
0000:*33 33 00 00  00 fb 88 a4  c2 f8 ed db* 86 dd 60 0e    33............`.
0010: cb f6 00 21  11 01 fe 80  00 00 00 00  00 00 ab 84    ...!............
0020: 74 40 8e ee  b3 62 ff 02  00 00 00 00  00 00 00 00    t@...b..........
0030: 00 00 00 00  00 fb 14 e9  14 e9 00 21  80 97 00 00    ...........!....
0040: 00 00 00 01  00 00 00 00  00 00 01 71  05 6c 6f 63    ...........q.loc
0050: 61 6c 00 00  1c 00 01*                                al.....         


2025-12-26 13:40:37 INFO  cic.cs.unb.ca.jnetpcap.FlowGenerator    Forward flow closed due to FIN Flag
2025-12-26 13:40:37 DEBUG cic.cs.unb.ca.jnetpcap.FlowGenerator    FlagFIN current has 191 flow
2025-12-26 13:40:37 INFO  cic.cs.unb.ca.jnetpcap.FlowGenerator    Forward flow closed due to FIN Flag
2025-12-26 13:40:37 DEBUG cic.cs.unb.ca.jnetpcap.FlowGenerator    FlagFIN current has 236 flow
2025-12-26 13:40:37 DEBUG cic.cs.unb.ca.jnetpcap.PacketReader    null
********************************************************************************
0000:*33 33 00 01  00 03 88 a4  c2 f8 ed db* 86 dd 60 0e    33............`.
0010: fe 20 00 1b  11 01 fe 80  00 00 00 00  00 00 ab 84    . ..............
0020: 74 40 8e ee  b3 62 ff 02  00 00 00 00  00 00 00 00    t@...b..........
0030: 00 00 00 01  00 03 e0 f5  14 eb 00 1b  e6 5a a5 6c    .............Z.l
0040: 00 00 00 01  00 00 00 00  00 00 01 71  00 00 1c 00    ...........q....
0050: 01                                                    .               


2025-12-26 13:40:37 DEBUG cic.cs.unb.ca.jnetpcap.PacketReader    null
********************************************************************************
0000:*33 33 00 01  00 03 88 a4  c2 f8 ed db* 86 dd 60 0e    33............`.
0010: 83 b0 00 1b  11 01 fe 80  00 00 00 00  00 00 ab 84    ................
0020: 74 40 8e ee  b3 62 ff 02  00 00 00 00  00 00 00 00    t@...b..........
0030: 00 00 00 01  00 03 e2 28  14 eb 00 1b  13 fe 91 96    .......(........
0040: 00 00 00 01  00 00 00 00  00 00 01 71  00 00 01 00    ...........q....
0050: 01                                                    .               


2025-12-26 13:40:37 DEBUG cic.cs.unb.ca.jnetpcap.PacketReader    null
********************************************************************************
0000:*33 33 00 00  00 fb 88 a4  c2 f8 ed db* 86 dd 60 0e    33............`.
0010: cb f6 00 21  11 01 fe 80  00 00 00 00  00 00 ab 84    ...!............
0020: 74 40 8e ee  b3 62 ff 02  00 00 00 00  00 00 00 00    t@...b..........
0030: 00 00 00 00  00 fb 14 e9  14 e9 00 21  9b 97 00 00    ...........!....
0040: 00 00 00 01  00 00 00 00  00 00 01 71  05 6c 6f 63    ...........q.loc
0050: 61 6c 00 00  01 00 01*                                al.....         


2025-12-26 13:40:37 DEBUG cic.cs.unb.ca.jnetpcap.PacketReader    null
********************************************************************************
0000:*33 33 00 00  00 fb 88 a4  c2 f8 ed db* 86 dd 60 0e    33............`.
0010: cb f6 00 21  11 01 fe 80  00 00 00 00  00 00 ab 84    ...!............
0020: 74 40 8e ee  b3 62 ff 02  00 00 00 00  00 00 00 00    t@...b..........
0030: 00 00 00 00  00 fb 14 e9  14 e9 00 21  80 97 00 00    ...........!....
0040: 00 00 00 01  00 00 00 00  00 00 01 71  05 6c 6f 63    ...........q.loc
0050: 61 6c 00 00  1c 00 01*                                al.....         


2025-12-26 13:40:37 DEBUG cic.cs.unb.ca.jnetpcap.PacketReader    null
********************************************************************************
0000:*33 33 00 00  00 fb 88 a4  c2 f8 ed db* 86 dd 60 0e    33............`.
0010: cb f6 00 21  11 01 fe 80  00 00 00 00  00 00 ab 84    ...!............
0020: 74 40 8e ee  b3 62 ff 02  00 00 00 00  00 00 00 00    t@...b..........
0030: 00 00 00 00  00 fb 14 e9  14 e9 00 21  80 97 00 00    ...........!....
0040: 00 00 00 01  00 00 00 00  00 00 01 71  05 6c 6f 63    ...........q.loc
0050: 61 6c 00 00  1c 00 01*                                al.....         


2025-12-26 13:40:37 DEBUG cic.cs.unb.ca.jnetpcap.PacketReader    null
********************************************************************************
0000:*33 33 00 00  00 fb 88 a4  c2 f8 ed db* 86 dd 60 0e    33............`.
0010: cb f6 00 21  11 01 fe 80  00 00 00 00  00 00 ab 84    ...!............
0020: 74 40 8e ee  b3 62 ff 02  00 00 00 00  00 00 00 00    t@...b..........
0030: 00 00 00 00  00 fb 14 e9  14 e9 00 21  9b 97 00 00    ...........!....
0040: 00 00 00 01  00 00 00 00  00 00 01 71  05 6c 6f 63    ...........q.loc
0050: 61 6c 00 00  01 00 01*                                al.....         


2025-12-26 13:40:37 DEBUG cic.cs.unb.ca.jnetpcap.PacketReader    null
********************************************************************************
0000:*33 33 00 00  00 fb 90 2a  ee 00 98 00* 86 dd 60 0b    33.....*......`.
0010: ad 11 00 2f  11 ff fe 80  00 00 00 00  00 00 8b 16    .../............
0020: cb b4 26 46  bf 73 ff 02  00 00 00 00  00 00 00 00    ..&F.s..........
0030: 00 00 00 00  00 fb f2 67  14 e9 00 2f  27 7f 00 00    .......g.../'...
0040: 00 00 00 01  00 00 00 00  00 00 0a 5f  6c 79 72 61    ..........._lyra
0050: 2d 6d 64 6e  73 04 5f 75  64 70 05 6c  6f 63 61 6c    -mdns._udp.local
0060: 00 00 0c 80  01*                                      .....           


2025-12-26 13:40:37 DEBUG cic.cs.unb.ca.jnetpcap.PacketReader    null
********************************************************************************
0000:*01 80 c2 00* 00 00 80 05  88 39 64 ba  00 69 42 42    .........9d..iBB
0010: 03 00 00 03  02 7c 80 00  80 05 88 39  64 ba 00 00    .....|.....9d...
0020: 00 00 80 00  80 05 88 39  64 ba 80 02  00 00 14 00    .......9d.......
0030: 02 00 0f 00  00 00 40 00  00 00 00 00  00 00 00 00    ......@.........
0040: 00 00 00 00  00 00 00 00  00 00 00 00  00 00 00 00    ................
0050: 00 00 00 00  00 00 00 00  00 00 ac 36  17 7f 50 28    ...........6..P(
0060: 3c d4 b8 38  21 d8 ab 26  de 62 00 00  00 00 80 00    <..8!..&.b......
0070: 80 05 88 39  64 ba 14*                                ...9d..         


2025-12-26 13:40:37 DEBUG cic.cs.unb.ca.jnetpcap.PacketReader    null
********************************************************************************
0000:*01 d0 f8 00* 00 08 80 05  88 39 64 ba  00 49 aa aa    .........9d..I..
0010: 03 00 d0 f8  07 88 00 08  01 02 00 41  00 00 00 00    ...........A....
0020: 00 00 00 00  00 00 00 00  00 00 00 00  00 00 80 05    ................
0030: 88 39 64 ba  00 00 00 00  00 00 00 02  00 00 03 e8    .9d.............
0040: 00 01 01 15  47 69 67 61  62 69 74 45  74 68 65 72    ....GigabitEther
0050: 6e 65 74 20  30 2f 32*                                net 0/2         


2025-12-26 13:40:37 DEBUG cic.cs.unb.ca.jnetpcap.PacketReader    null
********************************************************************************
0000:*d2 24 67 6a  db 2b 7c 39* 85 20 2c 02  08 06 00 01    .$gj.+|9. ,.....
0010: 08 00 06 04  00 01 7c 39  85 20 2c 02  0a 35 57 fe    ......|9. ,..5W.
0020: d2 24 67 6a  db 2b 0a 35  50 29 00 00  00 00 00 00    .$gj.+.5P)......
0030: 00 00 00 00  00 00 00 00  00 00 00 00*                ............    


2025-12-26 13:40:37 DEBUG cic.cs.unb.ca.jnetpcap.PacketReader    null
********************************************************************************
0000:*01 80 c2 00* 00 00 80 05  88 39 64 ba  00 69 42 42    .........9d..iBB
0010: 03 00 00 03  02 7c 80 00  80 05 88 39  64 ba 00 00    .....|.....9d...
0020: 00 00 80 00  80 05 88 39  64 ba 80 02  00 00 14 00    .......9d.......
0030: 02 00 0f 00  00 00 40 00  00 00 00 00  00 00 00 00    ......@.........
0040: 00 00 00 00  00 00 00 00  00 00 00 00  00 00 00 00    ................
0050: 00 00 00 00  00 00 00 00  00 00 ac 36  17 7f 50 28    ...........6..P(
0060: 3c d4 b8 38  21 d8 ab 26  de 62 00 00  00 00 80 00    <..8!..&.b......
0070: 80 05 88 39  64 ba 14*                                ...9d..         


2025-12-26 13:40:37 DEBUG cic.cs.unb.ca.jnetpcap.PacketReader    null
********************************************************************************
0000:*01 d0 f8 00* 00 08 80 05  88 39 64 ba  00 49 aa aa    .........9d..I..
0010: 03 00 d0 f8  07 88 00 08  01 02 00 41  00 00 00 00    ...........A....
0020: 00 00 00 00  00 00 00 00  00 00 00 00  00 00 80 05    ................
0030: 88 39 64 ba  00 00 00 00  00 00 00 02  00 00 03 e8    .9d.............
0040: 00 01 01 15  47 69 67 61  62 69 74 45  74 68 65 72    ....GigabitEther
0050: 6e 65 74 20  30 2f 32*                                net 0/2         


2025-12-26 13:40:37 DEBUG cic.cs.unb.ca.jnetpcap.PacketReader    null
********************************************************************************
0000:*01 80 c2 00* 00 00 80 05  88 39 64 ba  00 69 42 42    .........9d..iBB
0010: 03 00 00 03  02 7c 80 00  80 05 88 39  64 ba 00 00    .....|.....9d...
0020: 00 00 80 00  80 05 88 39  64 ba 80 02  00 00 14 00    .......9d.......
0030: 02 00 0f 00  00 00 40 00  00 00 00 00  00 00 00 00    ......@.........
0040: 00 00 00 00  00 00 00 00  00 00 00 00  00 00 00 00    ................
0050: 00 00 00 00  00 00 00 00  00 00 ac 36  17 7f 50 28    ...........6..P(
0060: 3c d4 b8 38  21 d8 ab 26  de 62 00 00  00 00 80 00    <..8!..&.b......
0070: 80 05 88 39  64 ba 14*                                ...9d..         


2025-12-26 13:40:37 DEBUG cic.cs.unb.ca.jnetpcap.PacketReader    null
********************************************************************************
0000:*33 33 00 00  00 fb 1c 83  41 ca 06 61* 86 dd 60 05    33......A..a..`.
0010: 92 e4 00 2f  11 ff fe 80  00 00 00 00  00 00 f9 9f    .../............
0020: 20 8d fc df  4e 96 ff 02  00 00 00 00  00 00 00 00     ...N...........
0030: 00 00 00 00  00 fb c7 5b  14 e9 00 2f  29 6d 00 00    .......[.../)m..
0040: 00 00 00 01  00 00 00 00  00 00 0a 5f  6c 79 72 61    ..........._lyra
0050: 2d 6d 64 6e  73 04 5f 75  64 70 05 6c  6f 63 61 6c    -mdns._udp.local
0060: 00 00 0c 80  01*                                      .....           


2025-12-26 13:40:37 DEBUG cic.cs.unb.ca.jnetpcap.FlowGenerator    FlagRST current has 1203 flow
2025-12-26 13:40:37 DEBUG cic.cs.unb.ca.jnetpcap.FlowGenerator    FlagRST current has 1202 flow
2025-12-26 13:40:37 DEBUG cic.cs.unb.ca.jnetpcap.FlowGenerator    FlagRST current has 1206 flow
2025-12-26 13:40:37 DEBUG cic.cs.unb.ca.jnetpcap.FlowGenerator    FlagFIN current has 1213 flow
2025-12-26 13:40:37 INFO  cic.cs.unb.ca.jnetpcap.FlowGenerator    Forward flow closed due to FIN Flag
2025-12-26 13:40:37 DEBUG cic.cs.unb.ca.jnetpcap.PacketReader    null
********************************************************************************
0000:*01 80 c2 00* 00 00 80 05  88 39 64 ba  00 69 42 42    .........9d..iBB
0010: 03 00 00 03  02 7c 80 00  80 05 88 39  64 ba 00 00    .....|.....9d...
0020: 00 00 80 00  80 05 88 39  64 ba 80 02  00 00 14 00    .......9d.......
0030: 02 00 0f 00  00 00 40 00  00 00 00 00  00 00 00 00    ......@.........
0040: 00 00 00 00  00 00 00 00  00 00 00 00  00 00 00 00    ................
0050: 00 00 00 00  00 00 00 00  00 00 ac 36  17 7f 50 28    ...........6..P(
0060: 3c d4 b8 38  21 d8 ab 26  de 62 00 00  00 00 80 00    <..8!..&.b......
0070: 80 05 88 39  64 ba 14*                                ...9d..         


2025-12-26 13:40:37 DEBUG cic.cs.unb.ca.jnetpcap.PacketReader    null
********************************************************************************
0000:*d2 24 67 6a  db 2b 7c 39* 85 20 2c 02  08 06 00 01    .$gj.+|9. ,.....
0010: 08 00 06 04  00 01 7c 39  85 20 2c 02  0a 35 57 fe    ......|9. ,..5W.
0020: d2 24 67 6a  db 2b 0a 35  50 29 00 00  00 00 00 00    .$gj.+.5P)......
0030: 00 00 00 00  00 00 00 00  00 00 00 00*                ............    


2025-12-26 13:40:37 DEBUG cic.cs.unb.ca.jnetpcap.FlowGenerator    FlagRST current has 1222 flow
2025-12-26 13:40:37 DEBUG cic.cs.unb.ca.jnetpcap.PacketReader    null
********************************************************************************
0000:*01 d0 f8 00* 00 08 80 05  88 39 64 ba  00 49 aa aa    .........9d..I..
0010: 03 00 d0 f8  07 88 00 08  01 02 00 41  00 00 00 00    ...........A....
0020: 00 00 00 00  00 00 00 00  00 00 00 00  00 00 80 05    ................
0030: 88 39 64 ba  00 00 00 00  00 00 00 02  00 00 03 e8    .9d.............
0040: 00 01 01 15  47 69 67 61  62 69 74 45  74 68 65 72    ....GigabitEther
0050: 6e 65 74 20  30 2f 32*                                net 0/2         


2025-12-26 13:40:37 DEBUG cic.cs.unb.ca.jnetpcap.PacketReader    null
********************************************************************************
0000:*33 33 00 00  00 fb 88 a4  c2 f8 ed db* 86 dd 60 0e    33............`.
0010: cb f6 00 21  11 01 fe 80  00 00 00 00  00 00 ab 84    ...!............
0020: 74 40 8e ee  b3 62 ff 02  00 00 00 00  00 00 00 00    t@...b..........
0030: 00 00 00 00  00 fb 14 e9  14 e9 00 21  9b 97 00 00    ...........!....
0040: 00 00 00 01  00 00 00 00  00 00 01 71  05 6c 6f 63    ...........q.loc
0050: 61 6c 00 00  01 00 01*                                al.....         


2025-12-26 13:40:37 DEBUG cic.cs.unb.ca.jnetpcap.PacketReader    null
********************************************************************************
0000:*33 33 00 00  00 fb 88 a4  c2 f8 ed db* 86 dd 60 0e    33............`.
0010: cb f6 00 21  11 01 fe 80  00 00 00 00  00 00 ab 84    ...!............
0020: 74 40 8e ee  b3 62 ff 02  00 00 00 00  00 00 00 00    t@...b..........
0030: 00 00 00 00  00 fb 14 e9  14 e9 00 21  80 97 00 00    ...........!....
0040: 00 00 00 01  00 00 00 00  00 00 01 71  05 6c 6f 63    ...........q.loc
0050: 61 6c 00 00  1c 00 01*                                al.....         


2025-12-26 13:40:37 DEBUG cic.cs.unb.ca.jnetpcap.PacketReader    null
********************************************************************************
0000:*33 33 00 01  00 03 88 a4  c2 f8 ed db* 86 dd 60 04    33............`.
0010: 2a 1d 00 1b  11 01 fe 80  00 00 00 00  00 00 ab 84    *...............
0020: 74 40 8e ee  b3 62 ff 02  00 00 00 00  00 00 00 00    t@...b..........
0030: 00 00 00 01  00 03 cf c9  14 eb 00 1b  3e 7c 79 77    ............>|yw
0040: 00 00 00 01  00 00 00 00  00 00 01 71  00 00 01 00    ...........q....
0050: 01                                                    .               


2025-12-26 13:40:37 DEBUG cic.cs.unb.ca.jnetpcap.PacketReader    null
********************************************************************************
0000:*33 33 00 01  00 03 88 a4  c2 f8 ed db* 86 dd 60 0a    33............`.
0010: 0c e1 00 1b  11 01 fe 80  00 00 00 00  00 00 ab 84    ................
0020: 74 40 8e ee  b3 62 ff 02  00 00 00 00  00 00 00 00    t@...b..........
0030: 00 00 00 01  00 03 ea b0  14 eb 00 1b  a5 e4 dc 27    ...............'
0040: 00 00 00 01  00 00 00 00  00 00 01 71  00 00 1c 00    ...........q....
0050: 01                                                    .               


2025-12-26 13:40:37 DEBUG cic.cs.unb.ca.jnetpcap.PacketReader    null
********************************************************************************
0000:*33 33 00 00  00 fb 88 a4  c2 f8 ed db* 86 dd 60 0e    33............`.
0010: cb f6 00 21  11 01 fe 80  00 00 00 00  00 00 ab 84    ...!............
0020: 74 40 8e ee  b3 62 ff 02  00 00 00 00  00 00 00 00    t@...b..........
0030: 00 00 00 00  00 fb 14 e9  14 e9 00 21  9b 97 00 00    ...........!....
0040: 00 00 00 01  00 00 00 00  00 00 01 71  05 6c 6f 63    ...........q.loc
0050: 61 6c 00 00  01 00 01*                                al.....         


2025-12-26 13:40:37 DEBUG cic.cs.unb.ca.jnetpcap.PacketReader    null
********************************************************************************
0000:*33 33 00 00  00 fb 88 a4  c2 f8 ed db* 86 dd 60 0e    33............`.
0010: cb f6 00 21  11 01 fe 80  00 00 00 00  00 00 ab 84    ...!............
0020: 74 40 8e ee  b3 62 ff 02  00 00 00 00  00 00 00 00    t@...b..........
0030: 00 00 00 00  00 fb 14 e9  14 e9 00 21  80 97 00 00    ...........!....
0040: 00 00 00 01  00 00 00 00  00 00 01 71  05 6c 6f 63    ...........q.loc
0050: 61 6c 00 00  1c 00 01*                                al.....         


2025-12-26 13:40:37 DEBUG cic.cs.unb.ca.jnetpcap.PacketReader    null
********************************************************************************
0000:*33 33 00 01  00 03 88 a4  c2 f8 ed db* 86 dd 60 0a    33............`.
0010: 0c e1 00 1b  11 01 fe 80  00 00 00 00  00 00 ab 84    ................
0020: 74 40 8e ee  b3 62 ff 02  00 00 00 00  00 00 00 00    t@...b..........
0030: 00 00 00 01  00 03 ea b0  14 eb 00 1b  a5 e4 dc 27    ...............'
0040: 00 00 00 01  00 00 00 00  00 00 01 71  00 00 1c 00    ...........q....
0050: 01                                                    .               


2025-12-26 13:40:37 DEBUG cic.cs.unb.ca.jnetpcap.PacketReader    null
********************************************************************************
0000:*33 33 00 01  00 03 88 a4  c2 f8 ed db* 86 dd 60 04    33............`.
0010: 2a 1d 00 1b  11 01 fe 80  00 00 00 00  00 00 ab 84    *...............
0020: 74 40 8e ee  b3 62 ff 02  00 00 00 00  00 00 00 00    t@...b..........
0030: 00 00 00 01  00 03 cf c9  14 eb 00 1b  3e 7c 79 77    ............>|yw
0040: 00 00 00 01  00 00 00 00  00 00 01 71  00 00 01 00    ...........q....
0050: 01                                                    .               


2025-12-26 13:40:37 DEBUG cic.cs.unb.ca.jnetpcap.PacketReader    null
********************************************************************************
0000:*01 80 c2 00* 00 00 80 05  88 39 64 ba  00 69 42 42    .........9d..iBB
0010: 03 00 00 03  02 7c 80 00  80 05 88 39  64 ba 00 00    .....|.....9d...
0020: 00 00 80 00  80 05 88 39  64 ba 80 02  00 00 14 00    .......9d.......
0030: 02 00 0f 00  00 00 40 00  00 00 00 00  00 00 00 00    ......@.........
0040: 00 00 00 00  00 00 00 00  00 00 00 00  00 00 00 00    ................
0050: 00 00 00 00  00 00 00 00  00 00 ac 36  17 7f 50 28    ...........6..P(
0060: 3c d4 b8 38  21 d8 ab 26  de 62 00 00  00 00 80 00    <..8!..&.b......
0070: 80 05 88 39  64 ba 14*                                ...9d..         


2025-12-26 13:40:37 DEBUG cic.cs.unb.ca.jnetpcap.PacketReader    null
********************************************************************************
0000:*33 33 00 00  00 fb 88 a4  c2 f8 ed db* 86 dd 60 0e    33............`.
0010: cb f6 00 21  11 01 fe 80  00 00 00 00  00 00 ab 84    ...!............
0020: 74 40 8e ee  b3 62 ff 02  00 00 00 00  00 00 00 00    t@...b..........
0030: 00 00 00 00  00 fb 14 e9  14 e9 00 21  9b 97 00 00    ...........!....
0040: 00 00 00 01  00 00 00 00  00 00 01 71  05 6c 6f 63    ...........q.loc
0050: 61 6c 00 00  01 00 01*                                al.....         


2025-12-26 13:40:37 DEBUG cic.cs.unb.ca.jnetpcap.PacketReader    null
********************************************************************************
0000:*33 33 00 00  00 fb 88 a4  c2 f8 ed db* 86 dd 60 0e    33............`.
0010: cb f6 00 21  11 01 fe 80  00 00 00 00  00 00 ab 84    ...!............
0020: 74 40 8e ee  b3 62 ff 02  00 00 00 00  00 00 00 00    t@...b..........
0030: 00 00 00 00  00 fb 14 e9  14 e9 00 21  9b 97 00 00    ...........!....
0040: 00 00 00 01  00 00 00 00  00 00 01 71  05 6c 6f 63    ...........q.loc
0050: 61 6c 00 00  01 00 01*                                al.....         


2025-12-26 13:40:37 DEBUG cic.cs.unb.ca.jnetpcap.PacketReader    null
********************************************************************************
0000:*33 33 00 00  00 fb 88 a4  c2 f8 ed db* 86 dd 60 0e    33............`.
0010: cb f6 00 21  11 01 fe 80  00 00 00 00  00 00 ab 84    ...!............
0020: 74 40 8e ee  b3 62 ff 02  00 00 00 00  00 00 00 00    t@...b..........
0030: 00 00 00 00  00 fb 14 e9  14 e9 00 21  80 97 00 00    ...........!....
0040: 00 00 00 01  00 00 00 00  00 00 01 71  05 6c 6f 63    ...........q.loc
0050: 61 6c 00 00  1c 00 01*                                al.....         


2025-12-26 13:40:37 DEBUG cic.cs.unb.ca.jnetpcap.PacketReader    null
********************************************************************************
0000:*33 33 00 00  00 fb 88 a4  c2 f8 ed db* 86 dd 60 0e    33............`.
0010: cb f6 00 21  11 01 fe 80  00 00 00 00  00 00 ab 84    ...!............
0020: 74 40 8e ee  b3 62 ff 02  00 00 00 00  00 00 00 00    t@...b..........
0030: 00 00 00 00  00 fb 14 e9  14 e9 00 21  80 97 00 00    ...........!....
0040: 00 00 00 01  00 00 00 00  00 00 01 71  05 6c 6f 63    ...........q.loc
0050: 61 6c 00 00  1c 00 01*                                al.....         


2025-12-26 13:40:37 DEBUG cic.cs.unb.ca.jnetpcap.FlowGenerator    FlagFIN current has 1307 flow
2025-12-26 13:40:37 INFO  cic.cs.unb.ca.jnetpcap.FlowGenerator    Forward flow closed due to FIN Flag
2025-12-26 13:40:37 DEBUG cic.cs.unb.ca.jnetpcap.PacketReader    null
********************************************************************************
0000:*01 80 c2 00* 00 0e 80 05  88 39 64 ba  88 cc 02 07    .........9d.....
0010: 04 80 05 88  39 64 ba 04  07 03 80 05  88 39 64 ba    ....9d.......9d.
0020: 06 02 00 79  08 13 47 69  67 61 62 69  74 45 74 68    ...y..GigabitEth
0030: 65 72 6e 65  74 20 30 2f  32 0a 0a 53  35 34 59 53    ernet 0/2..S54YS
0040: 2e 53 57 30  36 0c 5a 52  75 69 6a 69  65 20 46 75    .SW06.ZRuijie Fu
0050: 6c 6c 20 47  69 67 61 62  69 74 20 53  65 63 75 72    ll Gigabit Secur
0060: 69 74 79 20  26 20 49 6e  74 65 6c 6c  69 67 65 6e    ity & Intelligen
0070: 63 65 20 41  63 63 65 73  73 20 53 77  69 74 63 68    ce Access Switch
0080: 20 28 53 32  39 35 32 47  2d 45 20 56  33 29 20 42     (S2952G-E V3) B
0090: 79 20 52 75  69 6a 69 65  20 4e 65 74  77 6f 72 6b    y Ruijie Network
00a0: 73 0e 04 00  14 00 14 10  0c 05 01 7f  00 00 01 02    s...............
00b0: 00 00 00 02  00 fe 06 00  80 c2 01 09  9d fe 07 00    ................
00c0: 80 c2 02 02  00 00 fe 0f  00 80 c2 03  09 9d 08 56    ...............V
00d0: 4c 41 4e 32  34 36 31 fe  09 00 12 0f  01 03 6c 03    LAN2461.......l.
00e0: 00 1e fe 09  00 12 0f 03  01 00 00 00  00 fe 06 00    ................
00f0: 12 0f 04 05  dc fe 07 00  12 bb 01 00  2f 04 fe 08    ............/...
0100: 00 12 bb 02  00 80 00 00  fe 07 00 12  bb 04 90 00    ................
0110: 00 fe 08 00  12 bb 05 31  2e 34 31 fe  1a 00 12 bb    .......1.41.....
0120: 06 53 32 39  5f 52 47 4f  53 20 31 31  2e 34 28 31    .S29_RGOS 11.4(1
0130: 29 42 31 32  50 32 34 fe  1a 00 12 bb  07 53 32 39    )B12P24......S29
0140: 5f 52 47 4f  53 20 31 31  2e 34 28 31  29 42 31 32    _RGOS 11.4(1)B12
0150: 50 32 34 fe  11 00 12 bb  08 47 31 4e  57 35 43 50    P24......G1NW5CP
0160: 30 33 38 36  38 32 fe 0a  00 12 bb 09  52 75 69 6a    038682......Ruij
0170: 69 65 fe 0f  00 12 bb 0a  53 32 39 35  32 47 2d 45    ie......S2952G-E
0180: 20 56 33 fe  05 00 12 bb  0b 00 00 00*                 V3.........    


2025-12-26 13:40:37 DEBUG cic.cs.unb.ca.jnetpcap.PacketReader    null
********************************************************************************
0000:*01 d0 f8 00* 00 08 80 05  88 39 64 ba  00 49 aa aa    .........9d..I..
0010: 03 00 d0 f8  07 88 00 08  01 02 00 41  00 00 00 00    ...........A....
0020: 00 00 00 00  00 00 00 00  00 00 00 00  00 00 80 05    ................
0030: 88 39 64 ba  00 00 00 00  00 00 00 02  00 00 03 e8    .9d.............
0040: 00 01 01 15  47 69 67 61  62 69 74 45  74 68 65 72    ....GigabitEther
0050: 6e 65 74 20  30 2f 32*                                net 0/2         


2025-12-26 13:40:37 DEBUG cic.cs.unb.ca.jnetpcap.PacketReader    null
********************************************************************************
0000:*01 80 c2 00* 00 00 80 05  88 39 64 ba  00 69 42 42    .........9d..iBB
0010: 03 00 00 03  02 7c 80 00  80 05 88 39  64 ba 00 00    .....|.....9d...
0020: 00 00 80 00  80 05 88 39  64 ba 80 02  00 00 14 00    .......9d.......
0030: 02 00 0f 00  00 00 40 00  00 00 00 00  00 00 00 00    ......@.........
0040: 00 00 00 00  00 00 00 00  00 00 00 00  00 00 00 00    ................
0050: 00 00 00 00  00 00 00 00  00 00 ac 36  17 7f 50 28    ...........6..P(
0060: 3c d4 b8 38  21 d8 ab 26  de 62 00 00  00 00 80 00    <..8!..&.b......
0070: 80 05 88 39  64 ba 14*                                ...9d..         


2025-12-26 13:40:37 DEBUG cic.cs.unb.ca.jnetpcap.PacketReader    null
********************************************************************************
0000:*01 80 c2 00* 00 00 80 05  88 39 64 ba  00 69 42 42    .........9d..iBB
0010: 03 00 00 03  02 7c 80 00  80 05 88 39  64 ba 00 00    .....|.....9d...
0020: 00 00 80 00  80 05 88 39  64 ba 80 02  00 00 14 00    .......9d.......
0030: 02 00 0f 00  00 00 40 00  00 00 00 00  00 00 00 00    ......@.........
0040: 00 00 00 00  00 00 00 00  00 00 00 00  00 00 00 00    ................
0050: 00 00 00 00  00 00 00 00  00 00 ac 36  17 7f 50 28    ...........6..P(
0060: 3c d4 b8 38  21 d8 ab 26  de 62 00 00  00 00 80 00    <..8!..&.b......
0070: 80 05 88 39  64 ba 14*                                ...9d..         


2025-12-26 13:40:37 DEBUG cic.cs.unb.ca.jnetpcap.PacketReader    null
********************************************************************************
0000:*01 d0 f8 00* 00 08 80 05  88 39 64 ba  00 49 aa aa    .........9d..I..
0010: 03 00 d0 f8  07 88 00 08  01 02 00 41  00 00 00 00    ...........A....
0020: 00 00 00 00  00 00 00 00  00 00 00 00  00 00 80 05    ................
0030: 88 39 64 ba  00 00 00 00  00 00 00 02  00 00 03 e8    .9d.............
0040: 00 01 01 15  47 69 67 61  62 69 74 45  74 68 65 72    ....GigabitEther
0050: 6e 65 74 20  30 2f 32*                                net 0/2         


2025-12-26 13:40:37 DEBUG cic.cs.unb.ca.jnetpcap.PacketReader    null
********************************************************************************
0000:*01 80 c2 00* 00 00 80 05  88 39 64 ba  00 69 42 42    .........9d..iBB
0010: 03 00 00 03  02 7c 80 00  80 05 88 39  64 ba 00 00    .....|.....9d...
0020: 00 00 80 00  80 05 88 39  64 ba 80 02  00 00 14 00    .......9d.......
0030: 02 00 0f 00  00 00 40 00  00 00 00 00  00 00 00 00    ......@.........
0040: 00 00 00 00  00 00 00 00  00 00 00 00  00 00 00 00    ................
0050: 00 00 00 00  00 00 00 00  00 00 ac 36  17 7f 50 28    ...........6..P(
0060: 3c d4 b8 38  21 d8 ab 26  de 62 00 00  00 00 80 00    <..8!..&.b......
0070: 80 05 88 39  64 ba 14*                                ...9d..         


2025-12-26 13:40:37 DEBUG cic.cs.unb.ca.jnetpcap.PacketReader    null
********************************************************************************
0000:*01 d0 f8 00* 00 08 80 05  88 39 64 ba  00 49 aa aa    .........9d..I..
0010: 03 00 d0 f8  07 88 00 08  01 02 00 41  00 00 00 00    ...........A....
0020: 00 00 00 00  00 00 00 00  00 00 00 00  00 00 80 05    ................
0030: 88 39 64 ba  00 00 00 00  00 00 00 02  00 00 03 e8    .9d.............
0040: 00 01 01 15  47 69 67 61  62 69 74 45  74 68 65 72    ....GigabitEther
0050: 6e 65 74 20  30 2f 32*                                net 0/2         


2025-12-26 13:40:37 DEBUG cic.cs.unb.ca.jnetpcap.PacketReader    null
********************************************************************************
0000:*33 33 00 01  00 02 04 95  e6 51 d9 f1* 86 dd 60 0f    33.......Q....`.
0010: 30 25 00 2c  11 01 fe 80  00 00 00 00  00 00 06 95    0%.,............
0020: e6 ff fe 51  d9 f1 ff 02  00 00 00 00  00 00 00 00    ...Q............
0030: 00 00 00 01  00 02 02 22  02 23 00 2c  07 00 0b 57    .......".#.,...W
0040: 60 62 00 01  00 0e 00 01  00 01 00 00  00 0c 04 95    `b..............
0050: e6 51 d9 f1  00 08 00 02  ff ff 00 06  00 04 00 18    .Q..............
0060: 00 17*                                                ..              


2025-12-26 13:40:37 DEBUG cic.cs.unb.ca.jnetpcap.PacketReader    null
********************************************************************************
0000:*01 80 c2 00* 00 00 80 05  88 39 64 ba  00 69 42 42    .........9d..iBB
0010: 03 00 00 03  02 7c 80 00  80 05 88 39  64 ba 00 00    .....|.....9d...
0020: 00 00 80 00  80 05 88 39  64 ba 80 02  00 00 14 00    .......9d.......
0030: 02 00 0f 00  00 00 40 00  00 00 00 00  00 00 00 00    ......@.........
0040: 00 00 00 00  00 00 00 00  00 00 00 00  00 00 00 00    ................
0050: 00 00 00 00  00 00 00 00  00 00 ac 36  17 7f 50 28    ...........6..P(
0060: 3c d4 b8 38  21 d8 ab 26  de 62 00 00  00 00 80 00    <..8!..&.b......
0070: 80 05 88 39  64 ba 14*                                ...9d..         


2025-12-26 13:40:37 DEBUG cic.cs.unb.ca.jnetpcap.FlowGenerator    FlagRST current has 1393 flow
2025-12-26 13:40:37 DEBUG cic.cs.unb.ca.jnetpcap.PacketReader    null
********************************************************************************
0000:*01 80 c2 00* 00 00 80 05  88 39 64 ba  00 69 42 42    .........9d..iBB
0010: 03 00 00 03  02 7c 80 00  80 05 88 39  64 ba 00 00    .....|.....9d...
0020: 00 00 80 00  80 05 88 39  64 ba 80 02  00 00 14 00    .......9d.......
0030: 02 00 0f 00  00 00 40 00  00 00 00 00  00 00 00 00    ......@.........
0040: 00 00 00 00  00 00 00 00  00 00 00 00  00 00 00 00    ................
0050: 00 00 00 00  00 00 00 00  00 00 ac 36  17 7f 50 28    ...........6..P(
0060: 3c d4 b8 38  21 d8 ab 26  de 62 00 00  00 00 80 00    <..8!..&.b......
0070: 80 05 88 39  64 ba 14*                                ...9d..         


2025-12-26 13:40:37 DEBUG cic.cs.unb.ca.jnetpcap.PacketReader    null
********************************************************************************
0000:*01 d0 f8 00* 00 08 80 05  88 39 64 ba  00 49 aa aa    .........9d..I..
0010: 03 00 d0 f8  07 88 00 08  01 02 00 41  00 00 00 00    ...........A....
0020: 00 00 00 00  00 00 00 00  00 00 00 00  00 00 80 05    ................
0030: 88 39 64 ba  00 00 00 00  00 00 00 02  00 00 03 e8    .9d.............
0040: 00 01 01 15  47 69 67 61  62 69 74 45  74 68 65 72    ....GigabitEther
0050: 6e 65 74 20  30 2f 32*                                net 0/2         


2025-12-26 13:40:37 INFO  cic.cs.unb.ca.jnetpcap.FlowGenerator    Forward flow closed due to FIN Flag
2025-12-26 13:40:37 DEBUG cic.cs.unb.ca.jnetpcap.PacketReader    null
********************************************************************************
0000:*01 80 c2 00* 00 00 80 05  88 39 64 ba  00 69 42 42    .........9d..iBB
0010: 03 00 00 03  02 7c 80 00  80 05 88 39  64 ba 00 00    .....|.....9d...
0020: 00 00 80 00  80 05 88 39  64 ba 80 02  00 00 14 00    .......9d.......
0030: 02 00 0f 00  00 00 40 00  00 00 00 00  00 00 00 00    ......@.........
0040: 00 00 00 00  00 00 00 00  00 00 00 00  00 00 00 00    ................
0050: 00 00 00 00  00 00 00 00  00 00 ac 36  17 7f 50 28    ...........6..P(
0060: 3c d4 b8 38  21 d8 ab 26  de 62 00 00  00 00 80 00    <..8!..&.b......
0070: 80 05 88 39  64 ba 14*                                ...9d..         


2025-12-26 13:40:37 WARN  cic.cs.unb.ca.jnetpcap.FlowGenerator    Forward flow received 2 FIN packets
2025-12-26 13:40:37 DEBUG cic.cs.unb.ca.jnetpcap.PacketReader    null
********************************************************************************
0000:*01 d0 f8 00* 00 08 80 05  88 39 64 ba  00 49 aa aa    .........9d..I..
0010: 03 00 d0 f8  07 88 00 08  01 02 00 41  00 00 00 00    ...........A....
0020: 00 00 00 00  00 00 00 00  00 00 00 00  00 00 80 05    ................
0030: 88 39 64 ba  00 00 00 00  00 00 00 02  00 00 03 e8    .9d.............
0040: 00 01 01 15  47 69 67 61  62 69 74 45  74 68 65 72    ....GigabitEther
0050: 6e 65 74 20  30 2f 32*                                net 0/2         


2025-12-26 13:40:37 DEBUG cic.cs.unb.ca.jnetpcap.PacketReader    null
********************************************************************************
0000:*01 80 c2 00* 00 00 80 05  88 39 64 ba  00 69 42 42    .........9d..iBB
0010: 03 00 00 03  02 7c 80 00  80 05 88 39  64 ba 00 00    .....|.....9d...
0020: 00 00 80 00  80 05 88 39  64 ba 80 02  00 00 14 00    .......9d.......
0030: 02 00 0f 00  00 00 40 00  00 00 00 00  00 00 00 00    ......@.........
0040: 00 00 00 00  00 00 00 00  00 00 00 00  00 00 00 00    ................
0050: 00 00 00 00  00 00 00 00  00 00 ac 36  17 7f 50 28    ...........6..P(
0060: 3c d4 b8 38  21 d8 ab 26  de 62 00 00  00 00 80 00    <..8!..&.b......
0070: 80 05 88 39  64 ba 14*                                ...9d..         


2025-12-26 13:40:37 INFO  cic.cs.unb.ca.jnetpcap.FlowGenerator    Forward flow closed due to FIN Flag
2025-12-26 13:40:37 INFO  cic.cs.unb.ca.jnetpcap.FlowGenerator    Forward flow closed due to FIN Flag
2025-12-26 13:40:37 INFO  cic.cs.unb.ca.jnetpcap.FlowGenerator    Forward flow closed due to FIN Flag
2025-12-26 13:40:37 DEBUG cic.cs.unb.ca.jnetpcap.FlowGenerator    FlagFIN current has 1449 flow
2025-12-26 13:40:37 DEBUG cic.cs.unb.ca.jnetpcap.FlowGenerator    FlagFIN current has 1449 flow
2025-12-26 13:40:37 INFO  cic.cs.unb.ca.jnetpcap.FlowGenerator    Forward flow closed due to FIN Flag
2025-12-26 13:40:37 INFO  cic.cs.unb.ca.jnetpcap.FlowGenerator    Forward flow closed due to FIN Flag
2025-12-26 13:40:37 INFO  cic.cs.unb.ca.jnetpcap.FlowGenerator    Forward flow closed due to FIN Flag
2025-12-26 13:40:37 INFO  cic.cs.unb.ca.jnetpcap.FlowGenerator    Forward flow closed due to FIN Flag
2025-12-26 13:40:37 INFO  cic.cs.unb.ca.jnetpcap.FlowGenerator    Forward flow closed due to FIN Flag
2025-12-26 13:40:37 INFO  cic.cs.unb.ca.jnetpcap.FlowGenerator    Forward flow closed due to FIN Flag
2025-12-26 13:40:37 INFO  cic.cs.unb.ca.jnetpcap.FlowGenerator    Forward flow closed due to FIN Flag
2025-12-26 13:40:37 INFO  cic.cs.unb.ca.jnetpcap.FlowGenerator    Forward flow closed due to FIN Flag
2025-12-26 13:40:37 INFO  cic.cs.unb.ca.jnetpcap.FlowGenerator    Forward flow closed due to FIN Flag
2025-12-26 13:40:37 INFO  cic.cs.unb.ca.jnetpcap.FlowGenerator    Forward flow closed due to FIN Flag
2025-12-26 13:40:37 INFO  cic.cs.unb.ca.jnetpcap.FlowGenerator    Forward flow closed due to FIN Flag
2025-12-26 13:40:37 DEBUG cic.cs.unb.ca.jnetpcap.FlowGenerator    FlagFIN current has 1451 flow
2025-12-26 13:40:37 INFO  cic.cs.unb.ca.jnetpcap.FlowGenerator    Forward flow closed due to FIN Flag
2025-12-26 13:40:37 INFO  cic.cs.unb.ca.jnetpcap.FlowGenerator    Forward flow closed due to FIN Flag
2025-12-26 13:40:37 INFO  cic.cs.unb.ca.jnetpcap.FlowGenerator    Forward flow closed due to FIN Flag
2025-12-26 13:40:37 INFO  cic.cs.unb.ca.jnetpcap.FlowGenerator    Forward flow closed due to FIN Flag
2025-12-26 13:40:37 INFO  cic.cs.unb.ca.jnetpcap.FlowGenerator    Forward flow closed due to FIN Flag
2025-12-26 13:40:37 INFO  cic.cs.unb.ca.jnetpcap.FlowGenerator    Forward flow closed due to FIN Flag
2025-12-26 13:40:37 INFO  cic.cs.unb.ca.jnetpcap.FlowGenerator    Forward flow closed due to FIN Flag
2025-12-26 13:40:37 INFO  cic.cs.unb.ca.jnetpcap.FlowGenerator    Forward flow closed due to FIN Flag
2025-12-26 13:40:37 DEBUG cic.cs.unb.ca.jnetpcap.FlowGenerator    FlagRST current has 1451 flow
2025-12-26 13:40:37 INFO  cic.cs.unb.ca.jnetpcap.FlowGenerator    Forward flow closed due to FIN Flag
2025-12-26 13:40:37 INFO  cic.cs.unb.ca.jnetpcap.FlowGenerator    Forward flow closed due to FIN Flag
2025-12-26 13:40:37 INFO  cic.cs.unb.ca.jnetpcap.FlowGenerator    Forward flow closed due to FIN Flag
2025-12-26 13:40:37 INFO  cic.cs.unb.ca.jnetpcap.FlowGenerator    Forward flow closed due to FIN Flag
2025-12-26 13:40:37 DEBUG cic.cs.unb.ca.jnetpcap.FlowGenerator    FlagFIN current has 1451 flow
2025-12-26 13:40:37 DEBUG cic.cs.unb.ca.jnetpcap.FlowGenerator    FlagFIN current has 1451 flow
2025-12-26 13:40:37 DEBUG cic.cs.unb.ca.jnetpcap.FlowGenerator    FlagFIN current has 1451 flow
2025-12-26 13:40:37 INFO  cic.cs.unb.ca.jnetpcap.FlowGenerator    Forward flow closed due to FIN Flag
2025-12-26 13:40:37 INFO  cic.cs.unb.ca.jnetpcap.FlowGenerator    Forward flow closed due to FIN Flag
2025-12-26 13:40:37 INFO  cic.cs.unb.ca.jnetpcap.FlowGenerator    Forward flow closed due to FIN Flag
2025-12-26 13:40:37 INFO  cic.cs.unb.ca.jnetpcap.FlowGenerator    Forward flow closed due to FIN Flag
2025-12-26 13:40:37 INFO  cic.cs.unb.ca.jnetpcap.FlowGenerator    Forward flow closed due to FIN Flag
2025-12-26 13:40:37 DEBUG cic.cs.unb.ca.jnetpcap.FlowGenerator    FlagFIN current has 1451 flow
2025-12-26 13:40:37 DEBUG cic.cs.unb.ca.jnetpcap.FlowGenerator    FlagRST current has 1451 flow
2025-12-26 13:40:37 DEBUG cic.cs.unb.ca.jnetpcap.FlowGenerator    FlagFIN current has 1450 flow
2025-12-26 13:40:37 DEBUG cic.cs.unb.ca.jnetpcap.FlowGenerator    FlagFIN current has 1450 flow
2025-12-26 13:40:37 DEBUG cic.cs.unb.ca.jnetpcap.FlowGenerator    FlagFIN current has 1450 flow
2025-12-26 13:40:37 DEBUG cic.cs.unb.ca.jnetpcap.FlowGenerator    FlagFIN current has 1450 flow
2025-12-26 13:40:37 DEBUG cic.cs.unb.ca.jnetpcap.FlowGenerator    FlagFIN current has 1450 flow
2025-12-26 13:40:37 DEBUG cic.cs.unb.ca.jnetpcap.FlowGenerator    FlagFIN current has 1450 flow
2025-12-26 13:40:37 DEBUG cic.cs.unb.ca.jnetpcap.FlowGenerator    FlagFIN current has 1450 flow
2025-12-26 13:40:37 DEBUG cic.cs.unb.ca.jnetpcap.FlowGenerator    FlagFIN current has 1450 flow
2025-12-26 13:40:37 DEBUG cic.cs.unb.ca.jnetpcap.FlowGenerator    FlagFIN current has 1449 flow
2025-12-26 13:40:37 DEBUG cic.cs.unb.ca.jnetpcap.FlowGenerator    FlagFIN current has 1450 flow
2025-12-26 13:40:37 DEBUG cic.cs.unb.ca.jnetpcap.FlowGenerator    FlagFIN current has 1450 flow
2025-12-26 13:40:37 DEBUG cic.cs.unb.ca.jnetpcap.FlowGenerator    FlagFIN current has 1450 flow
2025-12-26 13:40:37 DEBUG cic.cs.unb.ca.jnetpcap.FlowGenerator    FlagFIN current has 1450 flow
2025-12-26 13:40:37 DEBUG cic.cs.unb.ca.jnetpcap.FlowGenerator    FlagFIN current has 1450 flow
2025-12-26 13:40:37 DEBUG cic.cs.unb.ca.jnetpcap.FlowGenerator    FlagFIN current has 1450 flow
2025-12-26 13:40:37 DEBUG cic.cs.unb.ca.jnetpcap.FlowGenerator    FlagFIN current has 1449 flow
2025-12-26 13:40:37 DEBUG cic.cs.unb.ca.jnetpcap.FlowGenerator    FlagFIN current has 1450 flow
2025-12-26 13:40:37 DEBUG cic.cs.unb.ca.jnetpcap.FlowGenerator    FlagRST current has 1450 flow
2025-12-26 13:40:37 DEBUG cic.cs.unb.ca.jnetpcap.FlowGenerator    FlagFIN current has 1449 flow
2025-12-26 13:40:37 DEBUG cic.cs.unb.ca.jnetpcap.FlowGenerator    FlagFIN current has 1449 flow
2025-12-26 13:40:37 DEBUG cic.cs.unb.ca.jnetpcap.FlowGenerator    FlagRST current has 1449 flow
2025-12-26 13:40:37 DEBUG cic.cs.unb.ca.jnetpcap.FlowGenerator    FlagRST current has 1448 flow
2025-12-26 13:40:37 DEBUG cic.cs.unb.ca.jnetpcap.FlowGenerator    FlagFIN current has 1447 flow
2025-12-26 13:40:37 DEBUG cic.cs.unb.ca.jnetpcap.FlowGenerator    FlagFIN current has 1447 flow
2025-12-26 13:40:37 DEBUG cic.cs.unb.ca.jnetpcap.FlowGenerator    FlagFIN current has 1447 flow
2025-12-26 13:40:37 DEBUG cic.cs.unb.ca.jnetpcap.FlowGenerator    FlagFIN current has 1447 flow
2025-12-26 13:40:37 DEBUG cic.cs.unb.ca.jnetpcap.FlowGenerator    FlagRST current has 1449 flow
2025-12-26 13:40:37 DEBUG cic.cs.unb.ca.jnetpcap.FlowGenerator    FlagRST current has 1448 flow
2025-12-26 13:40:37 DEBUG cic.cs.unb.ca.jnetpcap.PacketReader    null
********************************************************************************
0000:*01 80 c2 00* 00 00 80 05  88 39 64 ba  00 69 42 42    .........9d..iBB
0010: 03 00 00 03  02 7c 80 00  80 05 88 39  64 ba 00 00    .....|.....9d...
0020: 00 00 80 00  80 05 88 39  64 ba 80 02  00 00 14 00    .......9d.......
0030: 02 00 0f 00  00 00 40 00  00 00 00 00  00 00 00 00    ......@.........
0040: 00 00 00 00  00 00 00 00  00 00 00 00  00 00 00 00    ................
0050: 00 00 00 00  00 00 00 00  00 00 ac 36  17 7f 50 28    ...........6..P(
0060: 3c d4 b8 38  21 d8 ab 26  de 62 00 00  00 00 80 00    <..8!..&.b......
0070: 80 05 88 39  64 ba 14*                                ...9d..         


2025-12-26 13:40:37 DEBUG cic.cs.unb.ca.jnetpcap.PacketReader    null
********************************************************************************
0000:*01 d0 f8 00* 00 08 80 05  88 39 64 ba  00 49 aa aa    .........9d..I..
0010: 03 00 d0 f8  07 88 00 08  01 02 00 41  00 00 00 00    ...........A....
0020: 00 00 00 00  00 00 00 00  00 00 00 00  00 00 80 05    ................
0030: 88 39 64 ba  00 00 00 00  00 00 00 02  00 00 03 e8    .9d.............
0040: 00 01 01 15  47 69 67 61  62 69 74 45  74 68 65 72    ....GigabitEther
0050: 6e 65 74 20  30 2f 32*                                net 0/2         


2025-12-26 13:40:37 DEBUG cic.cs.unb.ca.jnetpcap.PacketReader    null
********************************************************************************
0000:*01 80 c2 00* 00 00 80 05  88 39 64 ba  00 69 42 42    .........9d..iBB
0010: 03 00 00 03  02 7c 80 00  80 05 88 39  64 ba 00 00    .....|.....9d...
0020: 00 00 80 00  80 05 88 39  64 ba 80 02  00 00 14 00    .......9d.......
0030: 02 00 0f 00  00 00 40 00  00 00 00 00  00 00 00 00    ......@.........
0040: 00 00 00 00  00 00 00 00  00 00 00 00  00 00 00 00    ................
0050: 00 00 00 00  00 00 00 00  00 00 ac 36  17 7f 50 28    ...........6..P(
0060: 3c d4 b8 38  21 d8 ab 26  de 62 00 00  00 00 80 00    <..8!..&.b......
0070: 80 05 88 39  64 ba 14*                                ...9d..         


2025-12-26 13:40:37 DEBUG cic.cs.unb.ca.jnetpcap.PacketReader    null
********************************************************************************
0000:*01 d0 f8 00* 00 08 80 05  88 39 64 ba  00 49 aa aa    .........9d..I..
0010: 03 00 d0 f8  07 88 00 08  01 02 00 41  00 00 00 00    ...........A....
0020: 00 00 00 00  00 00 00 00  00 00 00 00  00 00 80 05    ................
0030: 88 39 64 ba  00 00 00 00  00 00 00 02  00 00 03 e8    .9d.............
0040: 00 01 01 15  47 69 67 61  62 69 74 45  74 68 65 72    ....GigabitEther
0050: 6e 65 74 20  30 2f 32*                                net 0/2         


2025-12-26 13:40:37 DEBUG cic.cs.unb.ca.jnetpcap.PacketReader    null
********************************************************************************
0000:*01 80 c2 00* 00 00 80 05  88 39 64 ba  00 69 42 42    .........9d..iBB
0010: 03 00 00 03  02 7c 80 00  80 05 88 39  64 ba 00 00    .....|.....9d...
0020: 00 00 80 00  80 05 88 39  64 ba 80 02  00 00 14 00    .......9d.......
0030: 02 00 0f 00  00 00 40 00  00 00 00 00  00 00 00 00    ......@.........
0040: 00 00 00 00  00 00 00 00  00 00 00 00  00 00 00 00    ................
0050: 00 00 00 00  00 00 00 00  00 00 ac 36  17 7f 50 28    ...........6..P(
0060: 3c d4 b8 38  21 d8 ab 26  de 62 00 00  00 00 80 00    <..8!..&.b......
0070: 80 05 88 39  64 ba 14*                                ...9d..         


2025-12-26 13:40:37 INFO  cic.cs.unb.ca.jnetpcap.FlowGenerator    Forward flow closed due to FIN Flag
2025-12-26 13:40:37 DEBUG cic.cs.unb.ca.jnetpcap.FlowGenerator    FlagFIN current has 1485 flow
2025-12-26 13:40:37 DEBUG cic.cs.unb.ca.jnetpcap.FlowGenerator    FlagRST current has 1486 flow
2025-12-26 13:40:37 DEBUG cic.cs.unb.ca.jnetpcap.PacketReader    null
********************************************************************************
0000:*33 33 00 00  00 fb 90 2a  ee 00 98 00* 86 dd 60 0b    33.....*......`.
0010: ad 11 00 2f  11 ff fe 80  00 00 00 00  00 00 8b 16    .../............
0020: cb b4 26 46  bf 73 ff 02  00 00 00 00  00 00 00 00    ..&F.s..........
0030: 00 00 00 00  00 fb f2 67  14 e9 00 2f  27 7f 00 00    .......g.../'...
0040: 00 00 00 01  00 00 00 00  00 00 0a 5f  6c 79 72 61    ..........._lyra
0050: 2d 6d 64 6e  73 04 5f 75  64 70 05 6c  6f 63 61 6c    -mdns._udp.local
0060: 00 00 0c 80  01*                                      .....           


2025-12-26 13:40:37 DEBUG cic.cs.unb.ca.jnetpcap.PacketReader    null
********************************************************************************
0000:*01 80 c2 00* 00 00 80 05  88 39 64 ba  00 69 42 42    .........9d..iBB
0010: 03 00 00 03  02 7c 80 00  80 05 88 39  64 ba 00 00    .....|.....9d...
0020: 00 00 80 00  80 05 88 39  64 ba 80 02  00 00 14 00    .......9d.......
0030: 02 00 0f 00  00 00 40 00  00 00 00 00  00 00 00 00    ......@.........
0040: 00 00 00 00  00 00 00 00  00 00 00 00  00 00 00 00    ................
0050: 00 00 00 00  00 00 00 00  00 00 ac 36  17 7f 50 28    ...........6..P(
0060: 3c d4 b8 38  21 d8 ab 26  de 62 00 00  00 00 80 00    <..8!..&.b......
0070: 80 05 88 39  64 ba 14*                                ...9d..         


2025-12-26 13:40:37 DEBUG cic.cs.unb.ca.jnetpcap.FlowGenerator    FlagRST current has 1510 flow
2025-12-26 13:40:37 DEBUG cic.cs.unb.ca.jnetpcap.FlowGenerator    FlagRST current has 1509 flow
2025-12-26 13:40:37 DEBUG cic.cs.unb.ca.jnetpcap.FlowGenerator    FlagRST current has 1508 flow
2025-12-26 13:40:37 DEBUG cic.cs.unb.ca.jnetpcap.FlowGenerator    FlagRST current has 1507 flow
2025-12-26 13:40:37 DEBUG cic.cs.unb.ca.jnetpcap.FlowGenerator    FlagRST current has 1506 flow
2025-12-26 13:40:37 DEBUG cic.cs.unb.ca.jnetpcap.FlowGenerator    FlagRST current has 1505 flow
2025-12-26 13:40:37 DEBUG cic.cs.unb.ca.jnetpcap.PacketReader    null
********************************************************************************
0000:*33 33 00 00  00 fb 90 2a  ee 00 98 00* 86 dd 60 0b    33.....*......`.
0010: ad 11 00 2f  11 ff fe 80  00 00 00 00  00 00 8b 16    .../............
0020: cb b4 26 46  bf 73 ff 02  00 00 00 00  00 00 00 00    ..&F.s..........
0030: 00 00 00 00  00 fb f2 67  14 e9 00 2f  27 7f 00 00    .......g.../'...
0040: 00 00 00 01  00 00 00 00  00 00 0a 5f  6c 79 72 61    ..........._lyra
0050: 2d 6d 64 6e  73 04 5f 75  64 70 05 6c  6f 63 61 6c    -mdns._udp.local
0060: 00 00 0c 80  01*                                      .....           


2025-12-26 13:40:37 DEBUG cic.cs.unb.ca.jnetpcap.FlowGenerator    FlagRST current has 1511 flow
2025-12-26 13:40:37 DEBUG cic.cs.unb.ca.jnetpcap.PacketReader    null
********************************************************************************
0000:*01 d0 f8 00* 00 08 80 05  88 39 64 ba  00 49 aa aa    .........9d..I..
0010: 03 00 d0 f8  07 88 00 08  01 02 00 41  00 00 00 00    ...........A....
0020: 00 00 00 00  00 00 00 00  00 00 00 00  00 00 80 05    ................
0030: 88 39 64 ba  00 00 00 00  00 00 00 02  00 00 03 e8    .9d.............
0040: 00 01 01 15  47 69 67 61  62 69 74 45  74 68 65 72    ....GigabitEther
0050: 6e 65 74 20  30 2f 32*                                net 0/2         


2025-12-26 13:40:37 DEBUG cic.cs.unb.ca.jnetpcap.FlowGenerator    FlagRST current has 1510 flow
2025-12-26 13:40:37 DEBUG cic.cs.unb.ca.jnetpcap.FlowGenerator    FlagRST current has 1509 flow
2025-12-26 13:40:37 DEBUG cic.cs.unb.ca.jnetpcap.FlowGenerator    FlagRST current has 1508 flow
2025-12-26 13:40:37 DEBUG cic.cs.unb.ca.jnetpcap.FlowGenerator    FlagRST current has 1507 flow
2025-12-26 13:40:37 DEBUG cic.cs.unb.ca.jnetpcap.FlowGenerator    FlagRST current has 1507 flow
2025-12-26 13:40:37 INFO  cic.cs.unb.ca.jnetpcap.FlowGenerator    Forward flow closed due to FIN Flag
2025-12-26 13:40:37 DEBUG cic.cs.unb.ca.jnetpcap.FlowGenerator    FlagFIN current has 1509 flow
2025-12-26 13:40:37 DEBUG cic.cs.unb.ca.jnetpcap.FlowGenerator    FlagRST current has 1509 flow
2025-12-26 13:40:37 DEBUG cic.cs.unb.ca.jnetpcap.FlowGenerator    FlagRST current has 1508 flow
2025-12-26 13:40:37 DEBUG cic.cs.unb.ca.jnetpcap.FlowGenerator    FlagRST current has 1507 flow
2025-12-26 13:40:37 DEBUG cic.cs.unb.ca.jnetpcap.FlowGenerator    FlagRST current has 1506 flow
2025-12-26 13:40:37 DEBUG cic.cs.unb.ca.jnetpcap.FlowGenerator    FlagRST current has 1505 flow
2025-12-26 13:40:37 INFO  cic.cs.unb.ca.jnetpcap.FlowGenerator    Forward flow closed due to FIN Flag
2025-12-26 13:40:37 DEBUG cic.cs.unb.ca.jnetpcap.FlowGenerator    FlagFIN current has 1505 flow
2025-12-26 13:40:37 DEBUG cic.cs.unb.ca.jnetpcap.FlowGenerator    FlagFIN current has 1514 flow
2025-12-26 13:40:37 INFO  cic.cs.unb.ca.jnetpcap.FlowGenerator    Forward flow closed due to FIN Flag
2025-12-26 13:40:37 DEBUG cic.cs.unb.ca.jnetpcap.FlowGenerator    FlagFIN current has 1514 flow
2025-12-26 13:40:37 INFO  cic.cs.unb.ca.jnetpcap.FlowGenerator    Forward flow closed due to FIN Flag
2025-12-26 13:40:37 DEBUG cic.cs.unb.ca.jnetpcap.FlowGenerator    FlagFIN current has 1514 flow
2025-12-26 13:40:37 INFO  cic.cs.unb.ca.jnetpcap.FlowGenerator    Forward flow closed due to FIN Flag
2025-12-26 13:40:37 DEBUG cic.cs.unb.ca.jnetpcap.FlowGenerator    FlagFIN current has 1514 flow
2025-12-26 13:40:37 INFO  cic.cs.unb.ca.jnetpcap.FlowGenerator    Forward flow closed due to FIN Flag
2025-12-26 13:40:37 DEBUG cic.cs.unb.ca.jnetpcap.FlowGenerator    FlagFIN current has 1515 flow
2025-12-26 13:40:37 INFO  cic.cs.unb.ca.jnetpcap.FlowGenerator    Forward flow closed due to FIN Flag
2025-12-26 13:40:37 DEBUG cic.cs.unb.ca.jnetpcap.FlowGenerator    FlagFIN current has 1516 flow
2025-12-26 13:40:37 INFO  cic.cs.unb.ca.jnetpcap.FlowGenerator    Forward flow closed due to FIN Flag
2025-12-26 13:40:37 DEBUG cic.cs.unb.ca.jnetpcap.PacketReader    null
********************************************************************************
0000:*01 80 c2 00* 00 00 80 05  88 39 64 ba  00 69 42 42    .........9d..iBB
0010: 03 00 00 03  02 7c 80 00  80 05 88 39  64 ba 00 00    .....|.....9d...
0020: 00 00 80 00  80 05 88 39  64 ba 80 02  00 00 14 00    .......9d.......
0030: 02 00 0f 00  00 00 40 00  00 00 00 00  00 00 00 00    ......@.........
0040: 00 00 00 00  00 00 00 00  00 00 00 00  00 00 00 00    ................
0050: 00 00 00 00  00 00 00 00  00 00 ac 36  17 7f 50 28    ...........6..P(
0060: 3c d4 b8 38  21 d8 ab 26  de 62 00 00  00 00 80 00    <..8!..&.b......
0070: 80 05 88 39  64 ba 14*                                ...9d..         


2025-12-26 13:40:37 DEBUG cic.cs.unb.ca.jnetpcap.FlowGenerator    FlagFIN current has 1531 flow
2025-12-26 13:40:37 INFO  cic.cs.unb.ca.jnetpcap.FlowGenerator    Forward flow closed due to FIN Flag
2025-12-26 13:40:37 DEBUG cic.cs.unb.ca.jnetpcap.PacketReader    null
********************************************************************************
0000:*33 33 00 00  00 fb 90 2a  ee 00 98 00* 86 dd 60 0b    33.....*......`.
0010: ad 11 00 2f  11 ff fe 80  00 00 00 00  00 00 8b 16    .../............
0020: cb b4 26 46  bf 73 ff 02  00 00 00 00  00 00 00 00    ..&F.s..........
0030: 00 00 00 00  00 fb f2 67  14 e9 00 2f  27 7f 00 00    .......g.../'...
0040: 00 00 00 01  00 00 00 00  00 00 0a 5f  6c 79 72 61    ..........._lyra
0050: 2d 6d 64 6e  73 04 5f 75  64 70 05 6c  6f 63 61 6c    -mdns._udp.local
0060: 00 00 0c 80  01*                                      .....           


2025-12-26 13:40:37 DEBUG cic.cs.unb.ca.jnetpcap.PacketReader    null
********************************************************************************
0000:*01 d0 f8 00* 00 08 80 05  88 39 64 ba  00 49 aa aa    .........9d..I..
0010: 03 00 d0 f8  07 88 00 08  01 02 00 41  00 00 00 00    ...........A....
0020: 00 00 00 00  00 00 00 00  00 00 00 00  00 00 80 05    ................
0030: 88 39 64 ba  00 00 00 00  00 00 00 02  00 00 03 e8    .9d.............
0040: 00 01 01 15  47 69 67 61  62 69 74 45  74 68 65 72    ....GigabitEther
0050: 6e 65 74 20  30 2f 32*                                net 0/2         


2025-12-26 13:40:37 DEBUG cic.cs.unb.ca.jnetpcap.FlowGenerator    FlagFIN current has 1547 flow
2025-12-26 13:40:37 INFO  cic.cs.unb.ca.jnetpcap.FlowGenerator    Forward flow closed due to FIN Flag
2025-12-26 13:40:37 DEBUG cic.cs.unb.ca.jnetpcap.FlowGenerator    FlagFIN current has 1570 flow
2025-12-26 13:40:37 INFO  cic.cs.unb.ca.jnetpcap.FlowGenerator    Forward flow closed due to FIN Flag
2025-12-26 13:40:37 DEBUG cic.cs.unb.ca.jnetpcap.PacketReader    null
********************************************************************************
0000:*01 80 c2 00* 00 00 80 05  88 39 64 ba  00 69 42 42    .........9d..iBB
0010: 03 00 00 03  02 7c 80 00  80 05 88 39  64 ba 00 00    .....|.....9d...
0020: 00 00 80 00  80 05 88 39  64 ba 80 02  00 00 14 00    .......9d.......
0030: 02 00 0f 00  00 00 40 00  00 00 00 00  00 00 00 00    ......@.........
0040: 00 00 00 00  00 00 00 00  00 00 00 00  00 00 00 00    ................
0050: 00 00 00 00  00 00 00 00  00 00 ac 36  17 7f 50 28    ...........6..P(
0060: 3c d4 b8 38  21 d8 ab 26  de 62 00 00  00 00 80 00    <..8!..&.b......
0070: 80 05 88 39  64 ba 14*                                ...9d..         


2025-12-26 13:40:37 DEBUG cic.cs.unb.ca.jnetpcap.PacketReader    null
********************************************************************************
0000:*33 33 00 00  00 fb 1c 83  41 ca 06 61* 86 dd 60 05    33......A..a..`.
0010: 92 e4 00 2f  11 ff fe 80  00 00 00 00  00 00 f9 9f    .../............
0020: 20 8d fc df  4e 96 ff 02  00 00 00 00  00 00 00 00     ...N...........
0030: 00 00 00 00  00 fb c7 5b  14 e9 00 2f  29 6d 00 00    .......[.../)m..
0040: 00 00 00 01  00 00 00 00  00 00 0a 5f  6c 79 72 61    ..........._lyra
0050: 2d 6d 64 6e  73 04 5f 75  64 70 05 6c  6f 63 61 6c    -mdns._udp.local
0060: 00 00 0c 80  01*                                      .....           


2025-12-26 13:40:37 DEBUG cic.cs.unb.ca.jnetpcap.FlowGenerator    FlagFIN current has 1807 flow
2025-12-26 13:40:37 INFO  cic.cs.unb.ca.jnetpcap.FlowGenerator    Forward flow closed due to FIN Flag
2025-12-26 13:40:37 DEBUG cic.cs.unb.ca.jnetpcap.PacketReader    null
********************************************************************************
0000:*01 80 c2 00* 00 00 80 05  88 39 64 ba  00 69 42 42    .........9d..iBB
0010: 03 00 00 03  02 7c 80 00  80 05 88 39  64 ba 00 00    .....|.....9d...
0020: 00 00 80 00  80 05 88 39  64 ba 80 02  00 00 14 00    .......9d.......
0030: 02 00 0f 00  00 00 40 00  00 00 00 00  00 00 00 00    ......@.........
0040: 00 00 00 00  00 00 00 00  00 00 00 00  00 00 00 00    ................
0050: 00 00 00 00  00 00 00 00  00 00 ac 36  17 7f 50 28    ...........6..P(
0060: 3c d4 b8 38  21 d8 ab 26  de 62 00 00  00 00 80 00    <..8!..&.b......
0070: 80 05 88 39  64 ba 14*                                ...9d..         


2025-12-26 13:40:37 DEBUG cic.cs.unb.ca.jnetpcap.FlowGenerator    FlagFIN current has 1810 flow
2025-12-26 13:40:37 DEBUG cic.cs.unb.ca.jnetpcap.FlowGenerator    FlagFIN current has 1810 flow
2025-12-26 13:40:37 DEBUG cic.cs.unb.ca.jnetpcap.FlowGenerator    FlagFIN current has 1827 flow
2025-12-26 13:40:37 INFO  cic.cs.unb.ca.jnetpcap.FlowGenerator    Forward flow closed due to FIN Flag
2025-12-26 13:40:37 DEBUG cic.cs.unb.ca.jnetpcap.FlowGenerator    FlagFIN current has 1827 flow
2025-12-26 13:40:37 INFO  cic.cs.unb.ca.jnetpcap.FlowGenerator    Forward flow closed due to FIN Flag
2025-12-26 13:40:37 DEBUG cic.cs.unb.ca.jnetpcap.FlowGenerator    FlagFIN current has 1829 flow
2025-12-26 13:40:37 DEBUG cic.cs.unb.ca.jnetpcap.FlowGenerator    FlagFIN current has 1829 flow
2025-12-26 13:40:37 DEBUG cic.cs.unb.ca.jnetpcap.FlowGenerator    FlagFIN current has 1828 flow
2025-12-26 13:40:37 INFO  cic.cs.unb.ca.jnetpcap.FlowGenerator    Forward flow closed due to FIN Flag
2025-12-26 13:40:37 DEBUG cic.cs.unb.ca.jnetpcap.FlowGenerator    FlagFIN current has 1828 flow
2025-12-26 13:40:37 INFO  cic.cs.unb.ca.jnetpcap.FlowGenerator    Forward flow closed due to FIN Flag
2025-12-26 13:40:37 DEBUG cic.cs.unb.ca.jnetpcap.FlowGenerator    FlagFIN current has 1828 flow
2025-12-26 13:40:37 INFO  cic.cs.unb.ca.jnetpcap.FlowGenerator    Forward flow closed due to FIN Flag
2025-12-26 13:40:37 DEBUG cic.cs.unb.ca.jnetpcap.FlowGenerator    FlagFIN current has 1828 flow
2025-12-26 13:40:37 DEBUG cic.cs.unb.ca.jnetpcap.FlowGenerator    FlagFIN current has 1828 flow
2025-12-26 13:40:37 DEBUG cic.cs.unb.ca.jnetpcap.PacketReader    null
********************************************************************************
0000:*01 d0 f8 00* 00 08 80 05  88 39 64 ba  00 49 aa aa    .........9d..I..
0010: 03 00 d0 f8  07 88 00 08  01 02 00 41  00 00 00 00    ...........A....
0020: 00 00 00 00  00 00 00 00  00 00 00 00  00 00 80 05    ................
0030: 88 39 64 ba  00 00 00 00  00 00 00 02  00 00 03 e8    .9d.............
0040: 00 01 01 15  47 69 67 61  62 69 74 45  74 68 65 72    ....GigabitEther
0050: 6e 65 74 20  30 2f 32*                                net 0/2         


2025-12-26 13:40:37 DEBUG cic.cs.unb.ca.jnetpcap.PacketReader    null
********************************************************************************
0000:*33 33 00 00  00 fb 90 2a  ee 00 98 00* 86 dd 60 00    33.....*......`.
0010: da e5 00 33  11 01 fe 80  00 00 00 00  00 00 8b 16    ...3............
0020: cb b4 26 46  bf 73 ff 02  00 00 00 00  00 00 00 00    ..&F.s..........
0030: 00 00 00 00  00 fb 14 e9  14 e9 00 33  f1 34 00 00    ...........3.4..
0040: 00 00 00 01  00 00 00 00  00 00 0e 5f  6d 69 63 72    ..........._micr
0050: 6f 73 6f 66  74 5f 6d 63  63 04 5f 74  63 70 05 6c    osoft_mcc._tcp.l
0060: 6f 63 61 6c  00 00 0c 80  01*                         ocal.....       


2025-12-26 13:40:37 INFO  cic.cs.unb.ca.jnetpcap.FlowGenerator    Forward flow closed due to FIN Flag
2025-12-26 13:40:37 DEBUG cic.cs.unb.ca.jnetpcap.FlowGenerator    FlagRST current has 1829 flow
2025-12-26 13:40:37 DEBUG cic.cs.unb.ca.jnetpcap.FlowGenerator    FlagFIN current has 1828 flow
2025-12-26 13:40:37 INFO  cic.cs.unb.ca.jnetpcap.FlowGenerator    Forward flow closed due to FIN Flag
2025-12-26 13:40:37 DEBUG cic.cs.unb.ca.jnetpcap.FlowGenerator    FlagRST current has 1829 flow
2025-12-26 13:40:37 DEBUG cic.cs.unb.ca.jnetpcap.FlowGenerator    FlagFIN current has 1828 flow
2025-12-26 13:40:37 INFO  cic.cs.unb.ca.jnetpcap.FlowGenerator    Forward flow closed due to FIN Flag
2025-12-26 13:40:37 DEBUG cic.cs.unb.ca.jnetpcap.FlowGenerator    FlagFIN current has 1848 flow
2025-12-26 13:40:37 INFO  cic.cs.unb.ca.jnetpcap.FlowGenerator    Forward flow closed due to FIN Flag
2025-12-26 13:40:37 DEBUG cic.cs.unb.ca.jnetpcap.FlowGenerator    FlagFIN current has 1854 flow
2025-12-26 13:40:37 INFO  cic.cs.unb.ca.jnetpcap.FlowGenerator    Forward flow closed due to FIN Flag
2025-12-26 13:40:37 DEBUG cic.cs.unb.ca.jnetpcap.FlowGenerator    FlagFIN current has 1856 flow
2025-12-26 13:40:37 INFO  cic.cs.unb.ca.jnetpcap.FlowGenerator    Forward flow closed due to FIN Flag
2025-12-26 13:40:37 DEBUG cic.cs.unb.ca.jnetpcap.FlowGenerator    FlagFIN current has 1856 flow
2025-12-26 13:40:37 DEBUG cic.cs.unb.ca.jnetpcap.FlowGenerator    FlagFIN current has 1856 flow
2025-12-26 13:40:37 DEBUG cic.cs.unb.ca.jnetpcap.FlowGenerator    FlagFIN current has 1859 flow
2025-12-26 13:40:37 INFO  cic.cs.unb.ca.jnetpcap.FlowGenerator    Forward flow closed due to FIN Flag
2025-12-26 13:40:37 DEBUG cic.cs.unb.ca.jnetpcap.FlowGenerator    FlagFIN current has 1859 flow
2025-12-26 13:40:37 DEBUG cic.cs.unb.ca.jnetpcap.FlowGenerator    FlagFIN current has 1859 flow
2025-12-26 13:40:37 DEBUG cic.cs.unb.ca.jnetpcap.FlowGenerator    FlagFIN current has 1858 flow
2025-12-26 13:40:37 INFO  cic.cs.unb.ca.jnetpcap.FlowGenerator    Forward flow closed due to FIN Flag
2025-12-26 13:40:37 DEBUG cic.cs.unb.ca.jnetpcap.FlowGenerator    FlagFIN current has 1860 flow
2025-12-26 13:40:37 INFO  cic.cs.unb.ca.jnetpcap.FlowGenerator    Forward flow closed due to FIN Flag
2025-12-26 13:40:37 DEBUG cic.cs.unb.ca.jnetpcap.PacketReader    null
********************************************************************************
0000:*33 33 00 00  00 fb 90 2a  ee 00 98 00* 86 dd 60 00    33.....*......`.
0010: da e5 00 33  11 01 fe 80  00 00 00 00  00 00 8b 16    ...3............
0020: cb b4 26 46  bf 73 ff 02  00 00 00 00  00 00 00 00    ..&F.s..........
0030: 00 00 00 00  00 fb 14 e9  14 e9 00 33  f1 b4 00 00    ...........3....
0040: 00 00 00 01  00 00 00 00  00 00 0e 5f  6d 69 63 72    ..........._micr
0050: 6f 73 6f 66  74 5f 6d 63  63 04 5f 74  63 70 05 6c    osoft_mcc._tcp.l
0060: 6f 63 61 6c  00 00 0c 00  01*                         ocal.....       


2025-12-26 13:40:37 DEBUG cic.cs.unb.ca.jnetpcap.FlowGenerator    FlagFIN current has 1862 flow
2025-12-26 13:40:37 DEBUG cic.cs.unb.ca.jnetpcap.FlowGenerator    FlagFIN current has 1862 flow
2025-12-26 13:40:37 DEBUG cic.cs.unb.ca.jnetpcap.FlowGenerator    FlagFIN current has 1864 flow
2025-12-26 13:40:37 DEBUG cic.cs.unb.ca.jnetpcap.FlowGenerator    FlagFIN current has 1864 flow
2025-12-26 13:40:37 DEBUG cic.cs.unb.ca.jnetpcap.FlowGenerator    FlagFIN current has 1865 flow
2025-12-26 13:40:37 DEBUG cic.cs.unb.ca.jnetpcap.FlowGenerator    FlagFIN current has 1865 flow
2025-12-26 13:40:37 DEBUG cic.cs.unb.ca.jnetpcap.FlowGenerator    FlagFIN current has 1865 flow
2025-12-26 13:40:37 DEBUG cic.cs.unb.ca.jnetpcap.FlowGenerator    FlagFIN current has 1865 flow
2025-12-26 13:40:37 DEBUG cic.cs.unb.ca.jnetpcap.FlowGenerator    FlagFIN current has 1866 flow
2025-12-26 13:40:37 DEBUG cic.cs.unb.ca.jnetpcap.FlowGenerator    FlagFIN current has 1866 flow
2025-12-26 13:40:37 DEBUG cic.cs.unb.ca.jnetpcap.FlowGenerator    FlagFIN current has 1867 flow
2025-12-26 13:40:37 INFO  cic.cs.unb.ca.jnetpcap.FlowGenerator    Forward flow closed due to FIN Flag
2025-12-26 13:40:37 DEBUG cic.cs.unb.ca.jnetpcap.PacketReader    null
********************************************************************************
0000:*01 80 c2 00* 00 00 80 05  88 39 64 ba  00 69 42 42    .........9d..iBB
0010: 03 00 00 03  02 7c 80 00  80 05 88 39  64 ba 00 00    .....|.....9d...
0020: 00 00 80 00  80 05 88 39  64 ba 80 02  00 00 14 00    .......9d.......
0030: 02 00 0f 00  00 00 40 00  00 00 00 00  00 00 00 00    ......@.........
0040: 00 00 00 00  00 00 00 00  00 00 00 00  00 00 00 00    ................
0050: 00 00 00 00  00 00 00 00  00 00 ac 36  17 7f 50 28    ...........6..P(
0060: 3c d4 b8 38  21 d8 ab 26  de 62 00 00  00 00 80 00    <..8!..&.b......
0070: 80 05 88 39  64 ba 14*                                ...9d..         


2025-12-26 13:40:37 DEBUG cic.cs.unb.ca.jnetpcap.FlowGenerator    FlagFIN current has 1868 flow
2025-12-26 13:40:37 INFO  cic.cs.unb.ca.jnetpcap.FlowGenerator    Forward flow closed due to FIN Flag
2025-12-26 13:40:37 DEBUG cic.cs.unb.ca.jnetpcap.FlowGenerator    FlagFIN current has 1869 flow
2025-12-26 13:40:37 INFO  cic.cs.unb.ca.jnetpcap.FlowGenerator    Forward flow closed due to FIN Flag
2025-12-26 13:40:37 DEBUG cic.cs.unb.ca.jnetpcap.FlowGenerator    FlagFIN current has 1870 flow
2025-12-26 13:40:37 INFO  cic.cs.unb.ca.jnetpcap.FlowGenerator    Forward flow closed due to FIN Flag
2025-12-26 13:40:37 DEBUG cic.cs.unb.ca.jnetpcap.FlowGenerator    FlagFIN current has 1872 flow
2025-12-26 13:40:37 INFO  cic.cs.unb.ca.jnetpcap.FlowGenerator    Forward flow closed due to FIN Flag
2025-12-26 13:40:37 DEBUG cic.cs.unb.ca.jnetpcap.FlowGenerator    FlagFIN current has 1873 flow
2025-12-26 13:40:37 INFO  cic.cs.unb.ca.jnetpcap.FlowGenerator    Forward flow closed due to FIN Flag
2025-12-26 13:40:37 DEBUG cic.cs.unb.ca.jnetpcap.FlowGenerator    FlagFIN current has 1873 flow
2025-12-26 13:40:37 INFO  cic.cs.unb.ca.jnetpcap.FlowGenerator    Forward flow closed due to FIN Flag
2025-12-26 13:40:37 DEBUG cic.cs.unb.ca.jnetpcap.FlowGenerator    FlagFIN current has 1880 flow
2025-12-26 13:40:37 INFO  cic.cs.unb.ca.jnetpcap.FlowGenerator    Forward flow closed due to FIN Flag
2025-12-26 13:40:37 DEBUG cic.cs.unb.ca.jnetpcap.FlowGenerator    FlagFIN current has 1881 flow
2025-12-26 13:40:37 INFO  cic.cs.unb.ca.jnetpcap.FlowGenerator    Forward flow closed due to FIN Flag
2025-12-26 13:40:37 DEBUG cic.cs.unb.ca.jnetpcap.PacketReader    null
********************************************************************************
0000:*01 d0 f8 00* 00 08 80 05  88 39 64 ba  00 49 aa aa    .........9d..I..
0010: 03 00 d0 f8  07 88 00 08  01 02 00 41  00 00 00 00    ...........A....
0020: 00 00 00 00  00 00 00 00  00 00 00 00  00 00 80 05    ................
0030: 88 39 64 ba  00 00 00 00  00 00 00 02  00 00 03 e8    .9d.............
0040: 00 01 01 15  47 69 67 61  62 69 74 45  74 68 65 72    ....GigabitEther
0050: 6e 65 74 20  30 2f 32*                                net 0/2         


2025-12-26 13:40:37 DEBUG cic.cs.unb.ca.jnetpcap.PacketReader    null
********************************************************************************
0000:*01 80 c2 00* 00 0e 80 05  88 39 64 ba  88 cc 02 07    .........9d.....
0010: 04 80 05 88  39 64 ba 04  07 03 80 05  88 39 64 ba    ....9d.......9d.
0020: 06 02 00 79  08 13 47 69  67 61 62 69  74 45 74 68    ...y..GigabitEth
0030: 65 72 6e 65  74 20 30 2f  32 0a 0a 53  35 34 59 53    ernet 0/2..S54YS
0040: 2e 53 57 30  36 0c 5a 52  75 69 6a 69  65 20 46 75    .SW06.ZRuijie Fu
0050: 6c 6c 20 47  69 67 61 62  69 74 20 53  65 63 75 72    ll Gigabit Secur
0060: 69 74 79 20  26 20 49 6e  74 65 6c 6c  69 67 65 6e    ity & Intelligen
0070: 63 65 20 41  63 63 65 73  73 20 53 77  69 74 63 68    ce Access Switch
0080: 20 28 53 32  39 35 32 47  2d 45 20 56  33 29 20 42     (S2952G-E V3) B
0090: 79 20 52 75  69 6a 69 65  20 4e 65 74  77 6f 72 6b    y Ruijie Network
00a0: 73 0e 04 00  14 00 14 10  0c 05 01 7f  00 00 01 02    s...............
00b0: 00 00 00 02  00 fe 06 00  80 c2 01 09  9d fe 07 00    ................
00c0: 80 c2 02 02  00 00 fe 0f  00 80 c2 03  09 9d 08 56    ...............V
00d0: 4c 41 4e 32  34 36 31 fe  09 00 12 0f  01 03 6c 03    LAN2461.......l.
00e0: 00 1e fe 09  00 12 0f 03  01 00 00 00  00 fe 06 00    ................
00f0: 12 0f 04 05  dc fe 07 00  12 bb 01 00  2f 04 fe 08    ............/...
0100: 00 12 bb 02  00 80 00 00  fe 07 00 12  bb 04 90 00    ................
0110: 00 fe 08 00  12 bb 05 31  2e 34 31 fe  1a 00 12 bb    .......1.41.....
0120: 06 53 32 39  5f 52 47 4f  53 20 31 31  2e 34 28 31    .S29_RGOS 11.4(1
0130: 29 42 31 32  50 32 34 fe  1a 00 12 bb  07 53 32 39    )B12P24......S29
0140: 5f 52 47 4f  53 20 31 31  2e 34 28 31  29 42 31 32    _RGOS 11.4(1)B12
0150: 50 32 34 fe  11 00 12 bb  08 47 31 4e  57 35 43 50    P24......G1NW5CP
0160: 30 33 38 36  38 32 fe 0a  00 12 bb 09  52 75 69 6a    038682......Ruij
0170: 69 65 fe 0f  00 12 bb 0a  53 32 39 35  32 47 2d 45    ie......S2952G-E
0180: 20 56 33 fe  05 00 12 bb  0b 00 00 00*                 V3.........    


2025-12-26 13:40:37 DEBUG cic.cs.unb.ca.jnetpcap.FlowGenerator    FlagFIN current has 1882 flow
2025-12-26 13:40:37 INFO  cic.cs.unb.ca.jnetpcap.FlowGenerator    Forward flow closed due to FIN Flag
2025-12-26 13:40:37 DEBUG cic.cs.unb.ca.jnetpcap.FlowGenerator    FlagFIN current has 1883 flow
2025-12-26 13:40:37 DEBUG cic.cs.unb.ca.jnetpcap.FlowGenerator    FlagFIN current has 1883 flow
2025-12-26 13:40:37 DEBUG cic.cs.unb.ca.jnetpcap.FlowGenerator    FlagFIN current has 1883 flow
2025-12-26 13:40:37 INFO  cic.cs.unb.ca.jnetpcap.FlowGenerator    Forward flow closed due to FIN Flag
2025-12-26 13:40:37 DEBUG cic.cs.unb.ca.jnetpcap.PacketReader    null
********************************************************************************
0000:*01 80 c2 00* 00 00 80 05  88 39 64 ba  00 69 42 42    .........9d..iBB
0010: 03 00 00 03  02 7c 80 00  80 05 88 39  64 ba 00 00    .....|.....9d...
0020: 00 00 80 00  80 05 88 39  64 ba 80 02  00 00 14 00    .......9d.......
0030: 02 00 0f 00  00 00 40 00  00 00 00 00  00 00 00 00    ......@.........
0040: 00 00 00 00  00 00 00 00  00 00 00 00  00 00 00 00    ................
0050: 00 00 00 00  00 00 00 00  00 00 ac 36  17 7f 50 28    ...........6..P(
0060: 3c d4 b8 38  21 d8 ab 26  de 62 00 00  00 00 80 00    <..8!..&.b......
0070: 80 05 88 39  64 ba 14*                                ...9d..         


2025-12-26 13:40:37 DEBUG cic.cs.unb.ca.jnetpcap.FlowGenerator    FlagFIN current has 1885 flow
2025-12-26 13:40:37 INFO  cic.cs.unb.ca.jnetpcap.FlowGenerator    Forward flow closed due to FIN Flag
2025-12-26 13:40:37 DEBUG cic.cs.unb.ca.jnetpcap.FlowGenerator    FlagFIN current has 1885 flow
2025-12-26 13:40:37 INFO  cic.cs.unb.ca.jnetpcap.FlowGenerator    Forward flow closed due to FIN Flag
2025-12-26 13:40:37 DEBUG cic.cs.unb.ca.jnetpcap.FlowGenerator    FlagFIN current has 1885 flow
2025-12-26 13:40:37 DEBUG cic.cs.unb.ca.jnetpcap.FlowGenerator    FlagFIN current has 1884 flow
2025-12-26 13:40:37 INFO  cic.cs.unb.ca.jnetpcap.FlowGenerator    Forward flow closed due to FIN Flag
2025-12-26 13:40:37 INFO  cic.cs.unb.ca.jnetpcap.FlowGenerator    Forward flow closed due to FIN Flag
2025-12-26 13:40:37 DEBUG cic.cs.unb.ca.jnetpcap.FlowGenerator    FlagFIN current has 1886 flow
2025-12-26 13:40:37 INFO  cic.cs.unb.ca.jnetpcap.FlowGenerator    Forward flow closed due to FIN Flag
2025-12-26 13:40:37 DEBUG cic.cs.unb.ca.jnetpcap.FlowGenerator    FlagFIN current has 1891 flow
2025-12-26 13:40:37 INFO  cic.cs.unb.ca.jnetpcap.FlowGenerator    Forward flow closed due to FIN Flag
2025-12-26 13:40:37 DEBUG cic.cs.unb.ca.jnetpcap.FlowGenerator    FlagFIN current has 1893 flow
2025-12-26 13:40:37 INFO  cic.cs.unb.ca.jnetpcap.FlowGenerator    Forward flow closed due to FIN Flag
2025-12-26 13:40:37 DEBUG cic.cs.unb.ca.jnetpcap.FlowGenerator    FlagRST current has 1893 flow
2025-12-26 13:40:37 DEBUG cic.cs.unb.ca.jnetpcap.FlowGenerator    FlagFIN current has 1893 flow
2025-12-26 13:40:37 INFO  cic.cs.unb.ca.jnetpcap.FlowGenerator    Forward flow closed due to FIN Flag
2025-12-26 13:40:37 DEBUG cic.cs.unb.ca.jnetpcap.FlowGenerator    FlagFIN current has 1893 flow
2025-12-26 13:40:37 INFO  cic.cs.unb.ca.jnetpcap.FlowGenerator    Forward flow closed due to FIN Flag
2025-12-26 13:40:37 DEBUG cic.cs.unb.ca.jnetpcap.FlowGenerator    FlagRST current has 1894 flow
2025-12-26 13:40:37 DEBUG cic.cs.unb.ca.jnetpcap.FlowGenerator    FlagFIN current has 1893 flow
2025-12-26 13:40:37 INFO  cic.cs.unb.ca.jnetpcap.FlowGenerator    Forward flow closed due to FIN Flag
2025-12-26 13:40:37 DEBUG cic.cs.unb.ca.jnetpcap.FlowGenerator    FlagFIN current has 1894 flow
2025-12-26 13:40:37 DEBUG cic.cs.unb.ca.jnetpcap.FlowGenerator    FlagFIN current has 1894 flow
2025-12-26 13:40:37 DEBUG cic.cs.unb.ca.jnetpcap.FlowGenerator    FlagFIN current has 1893 flow
2025-12-26 13:40:37 INFO  cic.cs.unb.ca.jnetpcap.FlowGenerator    Forward flow closed due to FIN Flag
2025-12-26 13:40:37 DEBUG cic.cs.unb.ca.jnetpcap.FlowGenerator    FlagFIN current has 1894 flow
2025-12-26 13:40:37 INFO  cic.cs.unb.ca.jnetpcap.FlowGenerator    Forward flow closed due to FIN Flag
2025-12-26 13:40:37 DEBUG cic.cs.unb.ca.jnetpcap.FlowGenerator    FlagFIN current has 1897 flow
2025-12-26 13:40:37 INFO  cic.cs.unb.ca.jnetpcap.FlowGenerator    Forward flow closed due to FIN Flag
2025-12-26 13:40:37 DEBUG cic.cs.unb.ca.jnetpcap.FlowGenerator    FlagFIN current has 1906 flow
2025-12-26 13:40:37 INFO  cic.cs.unb.ca.jnetpcap.FlowGenerator    Forward flow closed due to FIN Flag
2025-12-26 13:40:37 DEBUG cic.cs.unb.ca.jnetpcap.FlowGenerator    FlagFIN current has 1906 flow
2025-12-26 13:40:37 DEBUG cic.cs.unb.ca.jnetpcap.FlowGenerator    FlagFIN current has 1906 flow
2025-12-26 13:40:37 DEBUG cic.cs.unb.ca.jnetpcap.FlowGenerator    FlagFIN current has 1905 flow
2025-12-26 13:40:37 INFO  cic.cs.unb.ca.jnetpcap.FlowGenerator    Forward flow closed due to FIN Flag
2025-12-26 13:40:37 DEBUG cic.cs.unb.ca.jnetpcap.FlowGenerator    FlagFIN current has 1906 flow
2025-12-26 13:40:37 INFO  cic.cs.unb.ca.jnetpcap.FlowGenerator    Forward flow closed due to FIN Flag
2025-12-26 13:40:37 DEBUG cic.cs.unb.ca.jnetpcap.FlowGenerator    FlagFIN current has 1906 flow
2025-12-26 13:40:37 INFO  cic.cs.unb.ca.jnetpcap.FlowGenerator    Forward flow closed due to FIN Flag
2025-12-26 13:40:37 DEBUG cic.cs.unb.ca.jnetpcap.PacketReader    null
********************************************************************************
0000:*01 80 c2 00* 00 00 80 05  88 39 64 ba  00 69 42 42    .........9d..iBB
0010: 03 00 00 03  02 7c 80 00  80 05 88 39  64 ba 00 00    .....|.....9d...
0020: 00 00 80 00  80 05 88 39  64 ba 80 02  00 00 14 00    .......9d.......
0030: 02 00 0f 00  00 00 40 00  00 00 00 00  00 00 00 00    ......@.........
0040: 00 00 00 00  00 00 00 00  00 00 00 00  00 00 00 00    ................
0050: 00 00 00 00  00 00 00 00  00 00 ac 36  17 7f 50 28    ...........6..P(
0060: 3c d4 b8 38  21 d8 ab 26  de 62 00 00  00 00 80 00    <..8!..&.b......
0070: 80 05 88 39  64 ba 14*                                ...9d..         


2025-12-26 13:40:37 DEBUG cic.cs.unb.ca.jnetpcap.FlowGenerator    FlagFIN current has 1906 flow
2025-12-26 13:40:37 INFO  cic.cs.unb.ca.jnetpcap.FlowGenerator    Forward flow closed due to FIN Flag
2025-12-26 13:40:37 DEBUG cic.cs.unb.ca.jnetpcap.FlowGenerator    FlagFIN current has 1908 flow
2025-12-26 13:40:37 INFO  cic.cs.unb.ca.jnetpcap.FlowGenerator    Forward flow closed due to FIN Flag
2025-12-26 13:40:37 DEBUG cic.cs.unb.ca.jnetpcap.FlowGenerator    FlagFIN current has 1909 flow
2025-12-26 13:40:37 INFO  cic.cs.unb.ca.jnetpcap.FlowGenerator    Forward flow closed due to FIN Flag
2025-12-26 13:40:37 DEBUG cic.cs.unb.ca.jnetpcap.FlowGenerator    FlagFIN current has 1911 flow
2025-12-26 13:40:37 DEBUG cic.cs.unb.ca.jnetpcap.FlowGenerator    FlagFIN current has 1911 flow
2025-12-26 13:40:37 DEBUG cic.cs.unb.ca.jnetpcap.PacketReader    null
********************************************************************************
0000:*01 d0 f8 00* 00 08 80 05  88 39 64 ba  00 49 aa aa    .........9d..I..
0010: 03 00 d0 f8  07 88 00 08  01 02 00 41  00 00 00 00    ...........A....
0020: 00 00 00 00  00 00 00 00  00 00 00 00  00 00 80 05    ................
0030: 88 39 64 ba  00 00 00 00  00 00 00 02  00 00 03 e8    .9d.............
0040: 00 01 01 15  47 69 67 61  62 69 74 45  74 68 65 72    ....GigabitEther
0050: 6e 65 74 20  30 2f 32*                                net 0/2         


2025-12-26 13:40:37 DEBUG cic.cs.unb.ca.jnetpcap.FlowGenerator    FlagFIN current has 1913 flow
2025-12-26 13:40:37 INFO  cic.cs.unb.ca.jnetpcap.FlowGenerator    Forward flow closed due to FIN Flag
2025-12-26 13:40:37 DEBUG cic.cs.unb.ca.jnetpcap.FlowGenerator    FlagFIN current has 1913 flow
2025-12-26 13:40:37 DEBUG cic.cs.unb.ca.jnetpcap.FlowGenerator    FlagFIN current has 1913 flow
2025-12-26 13:40:37 DEBUG cic.cs.unb.ca.jnetpcap.FlowGenerator    FlagFIN current has 1916 flow
2025-12-26 13:40:37 DEBUG cic.cs.unb.ca.jnetpcap.FlowGenerator    FlagFIN current has 1916 flow
2025-12-26 13:40:37 DEBUG cic.cs.unb.ca.jnetpcap.FlowGenerator    FlagFIN current has 1915 flow
2025-12-26 13:40:37 INFO  cic.cs.unb.ca.jnetpcap.FlowGenerator    Forward flow closed due to FIN Flag
2025-12-26 13:40:37 DEBUG cic.cs.unb.ca.jnetpcap.FlowGenerator    FlagFIN current has 1917 flow
2025-12-26 13:40:37 DEBUG cic.cs.unb.ca.jnetpcap.FlowGenerator    FlagFIN current has 1917 flow
2025-12-26 13:40:37 DEBUG cic.cs.unb.ca.jnetpcap.FlowGenerator    FlagFIN current has 1921 flow
2025-12-26 13:40:37 INFO  cic.cs.unb.ca.jnetpcap.FlowGenerator    Forward flow closed due to FIN Flag
2025-12-26 13:40:37 DEBUG cic.cs.unb.ca.jnetpcap.FlowGenerator    FlagFIN current has 1921 flow
2025-12-26 13:40:37 INFO  cic.cs.unb.ca.jnetpcap.FlowGenerator    Forward flow closed due to FIN Flag
2025-12-26 13:40:37 DEBUG cic.cs.unb.ca.jnetpcap.FlowGenerator    FlagFIN current has 1922 flow
2025-12-26 13:40:37 INFO  cic.cs.unb.ca.jnetpcap.FlowGenerator    Forward flow closed due to FIN Flag
2025-12-26 13:40:37 DEBUG cic.cs.unb.ca.jnetpcap.FlowGenerator    FlagFIN current has 1922 flow
2025-12-26 13:40:37 DEBUG cic.cs.unb.ca.jnetpcap.FlowGenerator    FlagFIN current has 1922 flow
2025-12-26 13:40:37 DEBUG cic.cs.unb.ca.jnetpcap.PacketReader    null
********************************************************************************
0000:*01 80 c2 00* 00 00 80 05  88 39 64 ba  00 69 42 42    .........9d..iBB
0010: 03 00 00 03  02 7c 80 00  80 05 88 39  64 ba 00 00    .....|.....9d...
0020: 00 00 80 00  80 05 88 39  64 ba 80 02  00 00 14 00    .......9d.......
0030: 02 00 0f 00  00 00 40 00  00 00 00 00  00 00 00 00    ......@.........
0040: 00 00 00 00  00 00 00 00  00 00 00 00  00 00 00 00    ................
0050: 00 00 00 00  00 00 00 00  00 00 ac 36  17 7f 50 28    ...........6..P(
0060: 3c d4 b8 38  21 d8 ab 26  de 62 00 00  00 00 80 00    <..8!..&.b......
0070: 80 05 88 39  64 ba 14*                                ...9d..         


2025-12-26 13:40:37 DEBUG cic.cs.unb.ca.jnetpcap.FlowGenerator    FlagFIN current has 1923 flow
2025-12-26 13:40:37 INFO  cic.cs.unb.ca.jnetpcap.FlowGenerator    Forward flow closed due to FIN Flag
2025-12-26 13:40:37 DEBUG cic.cs.unb.ca.jnetpcap.FlowGenerator    FlagFIN current has 1926 flow
2025-12-26 13:40:37 INFO  cic.cs.unb.ca.jnetpcap.FlowGenerator    Forward flow closed due to FIN Flag
2025-12-26 13:40:37 DEBUG cic.cs.unb.ca.jnetpcap.FlowGenerator    FlagFIN current has 1926 flow
2025-12-26 13:40:37 DEBUG cic.cs.unb.ca.jnetpcap.FlowGenerator    FlagFIN current has 1926 flow
2025-12-26 13:40:37 DEBUG cic.cs.unb.ca.jnetpcap.FlowGenerator    FlagFIN current has 1926 flow
2025-12-26 13:40:37 INFO  cic.cs.unb.ca.jnetpcap.FlowGenerator    Forward flow closed due to FIN Flag
2025-12-26 13:40:37 DEBUG cic.cs.unb.ca.jnetpcap.PacketReader    null
********************************************************************************
0000:*01 d0 f8 00* 00 08 80 05  88 39 64 ba  00 49 aa aa    .........9d..I..
0010: 03 00 d0 f8  07 88 00 08  01 02 00 41  00 00 00 00    ...........A....
0020: 00 00 00 00  00 00 00 00  00 00 00 00  00 00 80 05    ................
0030: 88 39 64 ba  00 00 00 00  00 00 00 02  00 00 03 e8    .9d.............
0040: 00 01 01 15  47 69 67 61  62 69 74 45  74 68 65 72    ....GigabitEther
0050: 6e 65 74 20  30 2f 32*                                net 0/2         


2025-12-26 13:40:37 DEBUG cic.cs.unb.ca.jnetpcap.PacketReader    null
********************************************************************************
0000:*01 80 c2 00* 00 00 80 05  88 39 64 ba  00 69 42 42    .........9d..iBB
0010: 03 00 00 03  02 7c 80 00  80 05 88 39  64 ba 00 00    .....|.....9d...
0020: 00 00 80 00  80 05 88 39  64 ba 80 02  00 00 14 00    .......9d.......
0030: 02 00 0f 00  00 00 40 00  00 00 00 00  00 00 00 00    ......@.........
0040: 00 00 00 00  00 00 00 00  00 00 00 00  00 00 00 00    ................
0050: 00 00 00 00  00 00 00 00  00 00 ac 36  17 7f 50 28    ...........6..P(
0060: 3c d4 b8 38  21 d8 ab 26  de 62 00 00  00 00 80 00    <..8!..&.b......
0070: 80 05 88 39  64 ba 14*                                ...9d..         


2025-12-26 13:40:37 DEBUG cic.cs.unb.ca.jnetpcap.FlowGenerator    FlagFIN current has 1937 flow
2025-12-26 13:40:37 DEBUG cic.cs.unb.ca.jnetpcap.FlowGenerator    FlagFIN current has 1937 flow
2025-12-26 13:40:37 DEBUG cic.cs.unb.ca.jnetpcap.PacketReader    null
********************************************************************************
0000:*01 80 c2 00* 00 00 80 05  88 39 64 ba  00 69 42 42    .........9d..iBB
0010: 03 00 00 03  02 7c 80 00  80 05 88 39  64 ba 00 00    .....|.....9d...
0020: 00 00 80 00  80 05 88 39  64 ba 80 02  00 00 14 00    .......9d.......
0030: 02 00 0f 00  00 00 40 00  00 00 00 00  00 00 00 00    ......@.........
0040: 00 00 00 00  00 00 00 00  00 00 00 00  00 00 00 00    ................
0050: 00 00 00 00  00 00 00 00  00 00 ac 36  17 7f 50 28    ...........6..P(
0060: 3c d4 b8 38  21 d8 ab 26  de 62 00 00  00 00 80 00    <..8!..&.b......
0070: 80 05 88 39  64 ba 14*                                ...9d..         


2025-12-26 13:40:37 DEBUG cic.cs.unb.ca.jnetpcap.PacketReader    null
********************************************************************************
0000:*01 d0 f8 00* 00 08 80 05  88 39 64 ba  00 49 aa aa    .........9d..I..
0010: 03 00 d0 f8  07 88 00 08  01 02 00 41  00 00 00 00    ...........A....
0020: 00 00 00 00  00 00 00 00  00 00 00 00  00 00 80 05    ................
0030: 88 39 64 ba  00 00 00 00  00 00 00 02  00 00 03 e8    .9d.............
0040: 00 01 01 15  47 69 67 61  62 69 74 45  74 68 65 72    ....GigabitEther
0050: 6e 65 74 20  30 2f 32*                                net 0/2         


2025-12-26 13:40:37 DEBUG cic.cs.unb.ca.jnetpcap.PacketReader    null
********************************************************************************
0000:*33 33 00 00  00 fb b0 25  aa 92 fe 4d* 86 dd 60 06    33.....%...M..`.
0010: 85 de 00 b3  11 01 fe 80  00 00 00 00  00 00 86 3e    ...............>
0020: bc 4a af 38  ce 59 ff 02  00 00 00 00  00 00 00 00    .J.8.Y..........
0030: 00 00 00 00  00 fb 14 e9  14 e9 00 b3  82 05 00 00    ................
0040: 84 00 00 00  00 01 00 00  00 02 06 5f  64 6f 73 76    ..........._dosv
0050: 63 04 5f 74  63 70 05 6c  6f 63 61 6c  00 00 0c 00    c._tcp.local....
0060: 01 00 00 00  00 00 1c 08  44 49 4f 58  49 41 4e 47    ........DIOXIANG
0070: 06 5f 64 6f  73 76 63 04  5f 74 63 70  05 6c 6f 63    ._dosvc._tcp.loc
0080: 61 6c 00 08  44 49 4f 58  49 41 4e 47  06 5f 64 6f    al..DIOXIANG._do
0090: 73 76 63 04  5f 74 63 70  05 6c 6f 63  61 6c 00 00    svc._tcp.local..
00a0: 21 00 01 00  00 00 00 00  16 00 00 00  00 1e 00 08    !...............
00b0: 44 49 4f 58  49 41 4e 47  05 6c 6f 63  61 6c 00 c0    DIOXIANG.local..
00c0: 45 00 10 00  01 00 00 00  00 00 1e 07  50 3d 36 35    E...........P=65
00d0: 32 38 30 15  53 48 30 30  3d 42 52 6a  73 79 2f 6c    280.SH00=BRjsy/l
00e0: 6a 50 45 44  75 59 47 64  48*                         jPEDuYGdH       


2025-12-26 13:40:37 DEBUG cic.cs.unb.ca.jnetpcap.PacketReader    null
********************************************************************************
0000:*33 33 00 00  00 fb b0 25  aa 92 fe 4d* 86 dd 60 06    33.....%...M..`.
0010: 85 de 00 34  11 01 fe 80  00 00 00 00  00 00 86 3e    ...4...........>
0020: bc 4a af 38  ce 59 ff 02  00 00 00 00  00 00 00 00    .J.8.Y..........
0030: 00 00 00 00  00 fb 14 e9  14 e9 00 34  7a 13 00 00    ...........4z...
0040: 00 00 00 01  00 00 00 00  00 00 08 44  49 4f 58 49    ...........DIOXI
0050: 41 4e 47 06  5f 64 6f 73  76 63 04 5f  74 63 70 05    ANG._dosvc._tcp.
0060: 6c 6f 63 61  6c 00 00 ff  00 01*                      local.....      


2025-12-26 13:40:37 DEBUG cic.cs.unb.ca.jnetpcap.PacketReader    null
********************************************************************************
0000:*33 33 00 00  00 fb b0 25  aa 92 fe 4d* 86 dd 60 06    33.....%...M..`.
0010: 85 de 00 34  11 01 fe 80  00 00 00 00  00 00 86 3e    ...4...........>
0020: bc 4a af 38  ce 59 ff 02  00 00 00 00  00 00 00 00    .J.8.Y..........
0030: 00 00 00 00  00 fb 14 e9  14 e9 00 34  7a 13 00 00    ...........4z...
0040: 00 00 00 01  00 00 00 00  00 00 08 44  49 4f 58 49    ...........DIOXI
0050: 41 4e 47 06  5f 64 6f 73  76 63 04 5f  74 63 70 05    ANG._dosvc._tcp.
0060: 6c 6f 63 61  6c 00 00 ff  00 01*                      local.....      


2025-12-26 13:40:37 DEBUG cic.cs.unb.ca.jnetpcap.PacketReader    null
********************************************************************************
0000:*33 33 00 00  00 fb b0 25  aa 92 fe 4d* 86 dd 60 06    33.....%...M..`.
0010: 85 de 00 34  11 01 fe 80  00 00 00 00  00 00 86 3e    ...4...........>
0020: bc 4a af 38  ce 59 ff 02  00 00 00 00  00 00 00 00    .J.8.Y..........
0030: 00 00 00 00  00 fb 14 e9  14 e9 00 34  7a 13 00 00    ...........4z...
0040: 00 00 00 01  00 00 00 00  00 00 08 44  49 4f 58 49    ...........DIOXI
0050: 41 4e 47 06  5f 64 6f 73  76 63 04 5f  74 63 70 05    ANG._dosvc._tcp.
0060: 6c 6f 63 61  6c 00 00 ff  00 01*                      local.....      


2025-12-26 13:40:37 DEBUG cic.cs.unb.ca.jnetpcap.PacketReader    null
********************************************************************************
0000:*01 80 c2 00* 00 00 80 05  88 39 64 ba  00 69 42 42    .........9d..iBB
0010: 03 00 00 03  02 7c 80 00  80 05 88 39  64 ba 00 00    .....|.....9d...
0020: 00 00 80 00  80 05 88 39  64 ba 80 02  00 00 14 00    .......9d.......
0030: 02 00 0f 00  00 00 40 00  00 00 00 00  00 00 00 00    ......@.........
0040: 00 00 00 00  00 00 00 00  00 00 00 00  00 00 00 00    ................
0050: 00 00 00 00  00 00 00 00  00 00 ac 36  17 7f 50 28    ...........6..P(
0060: 3c d4 b8 38  21 d8 ab 26  de 62 00 00  00 00 80 00    <..8!..&.b......
0070: 80 05 88 39  64 ba 14*                                ...9d..         


2025-12-26 13:40:37 DEBUG cic.cs.unb.ca.jnetpcap.PacketReader    null
********************************************************************************
0000:*33 33 00 00  00 fb b0 25  aa 92 fe 4d* 86 dd 60 06    33.....%...M..`.
0010: 85 de 01 79  11 01 fe 80  00 00 00 00  00 00 86 3e    ...y...........>
0020: bc 4a af 38  ce 59 ff 02  00 00 00 00  00 00 00 00    .J.8.Y..........
0030: 00 00 00 00  00 fb 14 e9  14 e9 01 79  9b 7a 00 00    ...........y.z..
0040: 84 00 00 00  00 01 00 00  00 09 06 5f  64 6f 73 76    ..........._dosv
0050: 63 04 5f 74  63 70 05 6c  6f 63 61 6c  00 00 0c 80    c._tcp.local....
0060: 01 00 00 11  94 00 1c 08  44 49 4f 58  49 41 4e 47    ........DIOXIANG
0070: 06 5f 64 6f  73 76 63 04  5f 74 63 70  05 6c 6f 63    ._dosvc._tcp.loc
0080: 61 6c 00 08  44 49 4f 58  49 41 4e 47  06 5f 64 6f    al..DIOXIANG._do
0090: 73 76 63 04  5f 74 63 70  05 6c 6f 63  61 6c 00 00    svc._tcp.local..
00a0: 21 80 01 00  00 00 78 00  16 00 00 00  00 1e 00 08    !.....x.........
00b0: 44 49 4f 58  49 41 4e 47  05 6c 6f 63  61 6c 00 c0    DIOXIANG.local..
00c0: 45 00 10 80  01 00 00 11  94 00 1e 07  50 3d 36 35    E...........P=65
00d0: 32 38 30 15  53 48 30 30  3d 42 52 6a  73 79 2f 6c    280.SH00=BRjsy/l
00e0: 6a 50 45 44  75 59 47 64  48 08 44 49  4f 58 49 41    jPEDuYGdH.DIOXIA
00f0: 4e 47 05 6c  6f 63 61 6c  00 00 01 80  01 00 00 00    NG.local........
0100: 3c 00 04 0a  35 51 4a c0  ab 00 1c 80  01 00 00 00    <...5QJ.........
0110: 3c 00 10 20  01 02 50 34  00 4d d0 21  32 05 67 f8    <.. ..P4.M.!2.g.
0120: f6 de 78 c0  ab 00 1c 80  01 00 00 00  3c 00 10 20    ..x.........<.. 
0130: 01 02 50 34  00 4d d0 ff  ff ff ff ff  ff fc 3d c0    ..P4.M........=.
0140: ab 00 1c 80  01 00 00 00  3c 00 10 fd  d6 b1 0c 0a    ........<.......
0150: 83 00 00 f6  33 7c 7f 21  f5 dd 38 c0  ab 00 1c 80    ....3|.!..8.....
0160: 01 00 00 00  3c 00 10 20  01 02 50 34  00 4d d0 75    ....<.. ..P4.M.u
0170: 2b b8 e4 2f  fe 1e f6 c0  ab 00 1c 80  01 00 00 00    +../............
0180: 3c 00 10 fd  d6 b1 0c 0a  83 00 00 75  2b b8 e4 2f    <..........u+../
0190: fe 1e f6 c0  ab 00 1c 80  01 00 00 00  3c 00 10 fe    ............<...
01a0: 80 00 00 00  00 00 00 86  3e bc 4a af  38 ce 59*      ........>.J.8.Y 


2025-12-26 13:40:37 DEBUG cic.cs.unb.ca.jnetpcap.PacketReader    null
********************************************************************************
0000:*33 33 00 00  00 fb b0 25  aa 92 fe 4d* 86 dd 60 06    33.....%...M..`.
0010: 85 de 01 40  11 01 fe 80  00 00 00 00  00 00 86 3e    ...@...........>
0020: bc 4a af 38  ce 59 ff 02  00 00 00 00  00 00 00 00    .J.8.Y..........
0030: 00 00 00 00  00 fb 14 e9  14 e9 01 40  1f 30 00 00    ...........@0..
0040: 84 00 00 00  00 01 00 00  00 08 08 44  49 4f 58 49    ...........DIOXI
0050: 41 4e 47 06  5f 64 6f 73  76 63 04 5f  74 63 70 05    ANG._dosvc._tcp.
0060: 6c 6f 63 61  6c 00 00 21  80 01 00 00  00 78 00 16    local..!.....x..
0070: 00 00 00 00  1e 00 08 44  49 4f 58 49  41 4e 47 05    .......DIOXIANG.
0080: 6c 6f 63 61  6c 00 c0 0c  00 10 80 01  00 00 11 94    local...........
0090: 00 1e 07 50  3d 36 35 32  38 30 15 53  48 30 30 3d    ...P=65280.SH00=
00a0: 42 52 6a 73  79 2f 6c 6a  50 45 44 75  59 47 64 48    BRjsy/ljPEDuYGdH
00b0: 08 44 49 4f  58 49 41 4e  47 05 6c 6f  63 61 6c 00    .DIOXIANG.local.
00c0: 00 01 80 01  00 00 00 3c  00 04 0a 35  51 4a c0 72    .......<...5QJ.r
00d0: 00 1c 80 01  00 00 00 3c  00 10 20 01  02 50 34 00    .......<.. ..P4.
00e0: 4d d0 21 32  05 67 f8 f6  de 78 c0 72  00 1c 80 01    M.!2.g...x.r....
00f0: 00 00 00 3c  00 10 20 01  02 50 34 00  4d d0 ff ff    ...<.. ..P4.M...
0100: ff ff ff ff  fc 3d c0 72  00 1c 80 01  00 00 00 3c    .....=.r.......<
0110: 00 10 fd d6  b1 0c 0a 83  00 00 f6 33  7c 7f 21 f5    ...........3|.!.
0120: dd 38 c0 72  00 1c 80 01  00 00 00 3c  00 10 20 01    .8.r.......<.. .
0130: 02 50 34 00  4d d0 75 2b  b8 e4 2f fe  1e f6 c0 72    .P4.M.u+../....r
0140: 00 1c 80 01  00 00 00 3c  00 10 fd d6  b1 0c 0a 83    .......<........
0150: 00 00 75 2b  b8 e4 2f fe  1e f6 c0 72  00 1c 80 01    ..u+../....r....
0160: 00 00 00 3c  00 10 fe 80  00 00 00 00  00 00 86 3e    ...<...........>
0170: bc 4a af 38  ce 59*                                   .J.8.Y          


2025-12-26 13:40:37 DEBUG cic.cs.unb.ca.jnetpcap.PacketReader    null
********************************************************************************
0000:*33 33 00 00  00 16 6c 24  08 73 83 0f* 86 dd 60 00    33....l$.s....`.
0010: 00 00 00 24  00 01 fe 80  00 00 00 00  00 00 a6 0e    ...$............
0020: 7c 9f fe 4b  a2 20 ff 02  00 00 00 00  00 00 00 00    |..K. ..........
0030: 00 00 00 00  00 16 3a 00  05 02 00 00  01 00 8f 00    ......:.........
0040: ad ec 00 00  00 01 03 00  00 00 ff 02  00 00 00 00    ................
0050: 00 00 00 00  00 00 00 01  00 03*                      ..........      


2025-12-26 13:40:37 DEBUG cic.cs.unb.ca.jnetpcap.PacketReader    null
********************************************************************************
0000:*33 33 00 00  00 16 6c 24  08 73 83 0f* 86 dd 60 00    33....l$.s....`.
0010: 00 00 00 24  00 01 fe 80  00 00 00 00  00 00 a6 0e    ...$............
0020: 7c 9f fe 4b  a2 20 ff 02  00 00 00 00  00 00 00 00    |..K. ..........
0030: 00 00 00 00  00 16 3a 00  05 02 00 00  01 00 8f 00    ......:.........
0040: ac ec 00 00  00 01 04 00  00 00 ff 02  00 00 00 00    ................
0050: 00 00 00 00  00 00 00 01  00 03*                      ..........      


2025-12-26 13:40:37 DEBUG cic.cs.unb.ca.jnetpcap.PacketReader    null
********************************************************************************
0000:*33 33 00 00  00 16 6c 24  08 73 83 0f* 86 dd 60 00    33....l$.s....`.
0010: 00 00 00 24  00 01 fe 80  00 00 00 00  00 00 a6 0e    ...$............
0020: 7c 9f fe 4b  a2 20 ff 02  00 00 00 00  00 00 00 00    |..K. ..........
0030: 00 00 00 00  00 16 3a 00  05 02 00 00  01 00 8f 00    ......:.........
0040: ad ec 00 00  00 01 03 00  00 00 ff 02  00 00 00 00    ................
0050: 00 00 00 00  00 00 00 01  00 03*                      ..........      


2025-12-26 13:40:37 DEBUG cic.cs.unb.ca.jnetpcap.PacketReader    null
********************************************************************************
0000:*33 33 00 00  00 16 6c 24  08 73 83 0f* 86 dd 60 00    33....l$.s....`.
0010: 00 00 00 24  00 01 fe 80  00 00 00 00  00 00 a6 0e    ...$............
0020: 7c 9f fe 4b  a2 20 ff 02  00 00 00 00  00 00 00 00    |..K. ..........
0030: 00 00 00 00  00 16 3a 00  05 02 00 00  01 00 8f 00    ......:.........
0040: ac ec 00 00  00 01 04 00  00 00 ff 02  00 00 00 00    ................
0050: 00 00 00 00  00 00 00 01  00 03*                      ..........      


2025-12-26 13:40:37 DEBUG cic.cs.unb.ca.jnetpcap.PacketReader    null
********************************************************************************
0000:*33 33 00 01  00 03 6c 24  08 73 83 0f* 86 dd 60 07    33....l$.s....`.
0010: a6 49 00 22  11 01 fe 80  00 00 00 00  00 00 a6 0e    .I."............
0020: 7c 9f fe 4b  a2 20 ff 02  00 00 00 00  00 00 00 00    |..K. ..........
0030: 00 00 00 01  00 03 fa 97  14 eb 00 22  c5 d3 bc 6b    ..........."...k
0040: 00 00 00 01  00 00 00 00  00 00 08 44  76 69 6e 2d    ...........Dvin-
0050: 51 69 6e 00  00 ff 00 01*                             Qin.....        


2025-12-26 13:40:37 DEBUG cic.cs.unb.ca.jnetpcap.PacketReader    null
********************************************************************************
0000:*33 33 00 01  00 03 6c 24  08 73 83 0f* 86 dd 60 07    33....l$.s....`.
0010: a6 49 00 22  11 01 fe 80  00 00 00 00  00 00 a6 0e    .I."............
0020: 7c 9f fe 4b  a2 20 ff 02  00 00 00 00  00 00 00 00    |..K. ..........
0030: 00 00 00 01  00 03 fa 97  14 eb 00 22  c5 d3 bc 6b    ..........."...k
0040: 00 00 00 01  00 00 00 00  00 00 08 44  76 69 6e 2d    ...........Dvin-
0050: 51 69 6e 00  00 ff 00 01*                             Qin.....        


2025-12-26 13:40:37 DEBUG cic.cs.unb.ca.jnetpcap.PacketReader    null
********************************************************************************
0000:*33 33 00 00  00 16 6c 24  08 73 83 0f* 86 dd 60 00    33....l$.s....`.
0010: 00 00 00 24  00 01 fe 80  00 00 00 00  00 00 a6 0e    ...$............
0020: 7c 9f fe 4b  a2 20 ff 02  00 00 00 00  00 00 00 00    |..K. ..........
0030: 00 00 00 00  00 16 3a 00  05 02 00 00  01 00 8f 00    ......:.........
0040: ac ec 00 00  00 01 04 00  00 00 ff 02  00 00 00 00    ................
0050: 00 00 00 00  00 00 00 01  00 03*                      ..........      


2025-12-26 13:40:37 DEBUG cic.cs.unb.ca.jnetpcap.PacketReader    null
********************************************************************************
0000:*01 d0 f8 00* 00 08 80 05  88 39 64 ba  00 49 aa aa    .........9d..I..
0010: 03 00 d0 f8  07 88 00 08  01 02 00 41  00 00 00 00    ...........A....
0020: 00 00 00 00  00 00 00 00  00 00 00 00  00 00 80 05    ................
0030: 88 39 64 ba  00 00 00 00  00 00 00 02  00 00 03 e8    .9d.............
0040: 00 01 01 15  47 69 67 61  62 69 74 45  74 68 65 72    ....GigabitEther
0050: 6e 65 74 20  30 2f 32*                                net 0/2         


2025-12-26 13:40:37 DEBUG cic.cs.unb.ca.jnetpcap.PacketReader    null
********************************************************************************
0000:*01 80 c2 00* 00 00 80 05  88 39 64 ba  00 69 42 42    .........9d..iBB
0010: 03 00 00 03  02 7c 80 00  80 05 88 39  64 ba 00 00    .....|.....9d...
0020: 00 00 80 00  80 05 88 39  64 ba 80 02  00 00 14 00    .......9d.......
0030: 02 00 0f 00  00 00 40 00  00 00 00 00  00 00 00 00    ......@.........
0040: 00 00 00 00  00 00 00 00  00 00 00 00  00 00 00 00    ................
0050: 00 00 00 00  00 00 00 00  00 00 ac 36  17 7f 50 28    ...........6..P(
0060: 3c d4 b8 38  21 d8 ab 26  de 62 00 00  00 00 80 00    <..8!..&.b......
0070: 80 05 88 39  64 ba 14*                                ...9d..         


2025-12-26 13:40:37 DEBUG cic.cs.unb.ca.jnetpcap.FlowGenerator    FlagFIN current has 1963 flow
2025-12-26 13:40:37 INFO  cic.cs.unb.ca.jnetpcap.FlowGenerator    Forward flow closed due to FIN Flag
2025-12-26 13:40:37 DEBUG cic.cs.unb.ca.jnetpcap.FlowGenerator    FlagFIN current has 1970 flow
2025-12-26 13:40:37 DEBUG cic.cs.unb.ca.jnetpcap.FlowGenerator    FlagFIN current has 1970 flow
2025-12-26 13:40:37 DEBUG cic.cs.unb.ca.jnetpcap.FlowGenerator    FlagFIN current has 1969 flow
2025-12-26 13:40:37 DEBUG cic.cs.unb.ca.jnetpcap.FlowGenerator    FlagFIN current has 1969 flow
2025-12-26 13:40:37 DEBUG cic.cs.unb.ca.jnetpcap.FlowGenerator    FlagFIN current has 1968 flow
2025-12-26 13:40:37 INFO  cic.cs.unb.ca.jnetpcap.FlowGenerator    Forward flow closed due to FIN Flag
2025-12-26 13:40:37 DEBUG cic.cs.unb.ca.jnetpcap.FlowGenerator    FlagFIN current has 1970 flow
2025-12-26 13:40:37 DEBUG cic.cs.unb.ca.jnetpcap.FlowGenerator    FlagFIN current has 1970 flow
2025-12-26 13:40:37 DEBUG cic.cs.unb.ca.jnetpcap.FlowGenerator    FlagFIN current has 1970 flow
2025-12-26 13:40:37 INFO  cic.cs.unb.ca.jnetpcap.FlowGenerator    Forward flow closed due to FIN Flag
2025-12-26 13:40:37 DEBUG cic.cs.unb.ca.jnetpcap.FlowGenerator    FlagFIN current has 1973 flow
2025-12-26 13:40:37 INFO  cic.cs.unb.ca.jnetpcap.FlowGenerator    Forward flow closed due to FIN Flag
2025-12-26 13:40:37 DEBUG cic.cs.unb.ca.jnetpcap.FlowGenerator    FlagFIN current has 1974 flow
2025-12-26 13:40:37 INFO  cic.cs.unb.ca.jnetpcap.FlowGenerator    Forward flow closed due to FIN Flag
2025-12-26 13:40:37 DEBUG cic.cs.unb.ca.jnetpcap.FlowGenerator    FlagFIN current has 1975 flow
2025-12-26 13:40:37 DEBUG cic.cs.unb.ca.jnetpcap.FlowGenerator    FlagFIN current has 1975 flow
2025-12-26 13:40:37 DEBUG cic.cs.unb.ca.jnetpcap.PacketReader    null
********************************************************************************
0000:*01 80 c2 00* 00 00 80 05  88 39 64 ba  00 69 42 42    .........9d..iBB
0010: 03 00 00 03  02 7c 80 00  80 05 88 39  64 ba 00 00    .....|.....9d...
0020: 00 00 80 00  80 05 88 39  64 ba 80 02  00 00 14 00    .......9d.......
0030: 02 00 0f 00  00 00 40 00  00 00 00 00  00 00 00 00    ......@.........
0040: 00 00 00 00  00 00 00 00  00 00 00 00  00 00 00 00    ................
0050: 00 00 00 00  00 00 00 00  00 00 ac 36  17 7f 50 28    ...........6..P(
0060: 3c d4 b8 38  21 d8 ab 26  de 62 00 00  00 00 80 00    <..8!..&.b......
0070: 80 05 88 39  64 ba 14*                                ...9d..         


2025-12-26 13:40:37 DEBUG cic.cs.unb.ca.jnetpcap.FlowGenerator    FlagFIN current has 1977 flow
2025-12-26 13:40:37 INFO  cic.cs.unb.ca.jnetpcap.FlowGenerator    Forward flow closed due to FIN Flag
2025-12-26 13:40:37 DEBUG cic.cs.unb.ca.jnetpcap.FlowGenerator    FlagFIN current has 1978 flow
2025-12-26 13:40:37 INFO  cic.cs.unb.ca.jnetpcap.FlowGenerator    Forward flow closed due to FIN Flag
2025-12-26 13:40:37 DEBUG cic.cs.unb.ca.jnetpcap.PacketReader    null
********************************************************************************
0000:*01 d0 f8 00* 00 08 80 05  88 39 64 ba  00 49 aa aa    .........9d..I..
0010: 03 00 d0 f8  07 88 00 08  01 02 00 41  00 00 00 00    ...........A....
0020: 00 00 00 00  00 00 00 00  00 00 00 00  00 00 80 05    ................
0030: 88 39 64 ba  00 00 00 00  00 00 00 02  00 00 03 e8    .9d.............
0040: 00 01 01 15  47 69 67 61  62 69 74 45  74 68 65 72    ....GigabitEther
0050: 6e 65 74 20  30 2f 32*                                net 0/2         


2025-12-26 13:40:37 DEBUG cic.cs.unb.ca.jnetpcap.FlowGenerator    FlagFIN current has 1981 flow
2025-12-26 13:40:37 INFO  cic.cs.unb.ca.jnetpcap.FlowGenerator    Forward flow closed due to FIN Flag
2025-12-26 13:40:37 DEBUG cic.cs.unb.ca.jnetpcap.FlowGenerator    FlagFIN current has 1983 flow
2025-12-26 13:40:37 DEBUG cic.cs.unb.ca.jnetpcap.FlowGenerator    FlagFIN current has 1983 flow
2025-12-26 13:40:37 DEBUG cic.cs.unb.ca.jnetpcap.FlowGenerator    FlagFIN current has 1986 flow
2025-12-26 13:40:37 INFO  cic.cs.unb.ca.jnetpcap.FlowGenerator    Forward flow closed due to FIN Flag
2025-12-26 13:40:37 DEBUG cic.cs.unb.ca.jnetpcap.FlowGenerator    FlagFIN current has 1992 flow
2025-12-26 13:40:37 DEBUG cic.cs.unb.ca.jnetpcap.FlowGenerator    FlagFIN current has 1992 flow
2025-12-26 13:40:37 DEBUG cic.cs.unb.ca.jnetpcap.FlowGenerator    FlagFIN current has 1991 flow
2025-12-26 13:40:37 INFO  cic.cs.unb.ca.jnetpcap.FlowGenerator    Forward flow closed due to FIN Flag
2025-12-26 13:40:37 DEBUG cic.cs.unb.ca.jnetpcap.FlowGenerator    FlagFIN current has 1991 flow
2025-12-26 13:40:37 INFO  cic.cs.unb.ca.jnetpcap.FlowGenerator    Forward flow closed due to FIN Flag
2025-12-26 13:40:37 DEBUG cic.cs.unb.ca.jnetpcap.FlowGenerator    FlagFIN current has 1999 flow
2025-12-26 13:40:37 INFO  cic.cs.unb.ca.jnetpcap.FlowGenerator    Forward flow closed due to FIN Flag
2025-12-26 13:40:37 DEBUG cic.cs.unb.ca.jnetpcap.FlowGenerator    FlagFIN current has 2000 flow
2025-12-26 13:40:37 INFO  cic.cs.unb.ca.jnetpcap.FlowGenerator    Forward flow closed due to FIN Flag
2025-12-26 13:40:37 DEBUG cic.cs.unb.ca.jnetpcap.FlowGenerator    FlagFIN current has 2002 flow
2025-12-26 13:40:37 INFO  cic.cs.unb.ca.jnetpcap.FlowGenerator    Forward flow closed due to FIN Flag
2025-12-26 13:40:37 DEBUG cic.cs.unb.ca.jnetpcap.FlowGenerator    FlagFIN current has 2002 flow
2025-12-26 13:40:37 DEBUG cic.cs.unb.ca.jnetpcap.FlowGenerator    FlagFIN current has 2002 flow
2025-12-26 13:40:37 INFO  cic.cs.unb.ca.jnetpcap.FlowGenerator    Forward flow closed due to FIN Flag
2025-12-26 13:40:37 INFO  cic.cs.unb.ca.jnetpcap.FlowGenerator    Forward flow closed due to FIN Flag
2025-12-26 13:40:37 DEBUG cic.cs.unb.ca.jnetpcap.FlowGenerator    FlagFIN current has 2005 flow
2025-12-26 13:40:37 INFO  cic.cs.unb.ca.jnetpcap.FlowGenerator    Forward flow closed due to FIN Flag
2025-12-26 13:40:37 DEBUG cic.cs.unb.ca.jnetpcap.FlowGenerator    FlagFIN current has 2008 flow
2025-12-26 13:40:37 DEBUG cic.cs.unb.ca.jnetpcap.FlowGenerator    FlagFIN current has 2008 flow
2025-12-26 13:40:37 DEBUG cic.cs.unb.ca.jnetpcap.PacketReader    null
********************************************************************************
0000:*01 80 c2 00* 00 00 80 05  88 39 64 ba  00 69 42 42    .........9d..iBB
0010: 03 00 00 03  02 7c 80 00  80 05 88 39  64 ba 00 00    .....|.....9d...
0020: 00 00 80 00  80 05 88 39  64 ba 80 02  00 00 14 00    .......9d.......
0030: 02 00 0f 00  00 00 40 00  00 00 00 00  00 00 00 00    ......@.........
0040: 00 00 00 00  00 00 00 00  00 00 00 00  00 00 00 00    ................
0050: 00 00 00 00  00 00 00 00  00 00 ac 36  17 7f 50 28    ...........6..P(
0060: 3c d4 b8 38  21 d8 ab 26  de 62 00 00  00 00 80 00    <..8!..&.b......
0070: 80 05 88 39  64 ba 14*                                ...9d..         


2025-12-26 13:40:37 DEBUG cic.cs.unb.ca.jnetpcap.PacketReader    null
********************************************************************************
0000:*01 d0 f8 00* 00 08 80 05  88 39 64 ba  00 49 aa aa    .........9d..I..
0010: 03 00 d0 f8  07 88 00 08  01 02 00 41  00 00 00 00    ...........A....
0020: 00 00 00 00  00 00 00 00  00 00 00 00  00 00 80 05    ................
0030: 88 39 64 ba  00 00 00 00  00 00 00 02  00 00 03 e8    .9d.............
0040: 00 01 01 15  47 69 67 61  62 69 74 45  74 68 65 72    ....GigabitEther
0050: 6e 65 74 20  30 2f 32*                                net 0/2         


2025-12-26 13:40:37 DEBUG cic.cs.unb.ca.jnetpcap.PacketReader    null
********************************************************************************
0000:*01 80 c2 00* 00 00 80 05  88 39 64 ba  00 69 42 42    .........9d..iBB
0010: 03 00 00 03  02 7c 80 00  80 05 88 39  64 ba 00 00    .....|.....9d...
0020: 00 00 80 00  80 05 88 39  64 ba 80 02  00 00 14 00    .......9d.......
0030: 02 00 0f 00  00 00 40 00  00 00 00 00  00 00 00 00    ......@.........
0040: 00 00 00 00  00 00 00 00  00 00 00 00  00 00 00 00    ................
0050: 00 00 00 00  00 00 00 00  00 00 ac 36  17 7f 50 28    ...........6..P(
0060: 3c d4 b8 38  21 d8 ab 26  de 62 00 00  00 00 80 00    <..8!..&.b......
0070: 80 05 88 39  64 ba 14*                                ...9d..         


2025-12-26 13:40:37 DEBUG cic.cs.unb.ca.jnetpcap.PacketReader    null
********************************************************************************
0000:*33 33 00 00  00 fb 90 2a  ee 00 98 00* 86 dd 60 0b    33.....*......`.
0010: ad 11 00 2f  11 ff fe 80  00 00 00 00  00 00 8b 16    .../............
0020: cb b4 26 46  bf 73 ff 02  00 00 00 00  00 00 00 00    ..&F.s..........
0030: 00 00 00 00  00 fb f2 67  14 e9 00 2f  27 7f 00 00    .......g.../'...
0040: 00 00 00 01  00 00 00 00  00 00 0a 5f  6c 79 72 61    ..........._lyra
0050: 2d 6d 64 6e  73 04 5f 75  64 70 05 6c  6f 63 61 6c    -mdns._udp.local
0060: 00 00 0c 80  01*                                      .....           


2025-12-26 13:40:37 DEBUG cic.cs.unb.ca.jnetpcap.PacketReader    null
********************************************************************************
0000:*01 80 c2 00* 00 00 80 05  88 39 64 ba  00 69 42 42    .........9d..iBB
0010: 03 00 00 03  02 7c 80 00  80 05 88 39  64 ba 00 00    .....|.....9d...
0020: 00 00 80 00  80 05 88 39  64 ba 80 02  00 00 14 00    .......9d.......
0030: 02 00 0f 00  00 00 40 00  00 00 00 00  00 00 00 00    ......@.........
0040: 00 00 00 00  00 00 00 00  00 00 00 00  00 00 00 00    ................
0050: 00 00 00 00  00 00 00 00  00 00 ac 36  17 7f 50 28    ...........6..P(
0060: 3c d4 b8 38  21 d8 ab 26  de 62 00 00  00 00 80 00    <..8!..&.b......
0070: 80 05 88 39  64 ba 14*                                ...9d..         


2025-12-26 13:40:37 DEBUG cic.cs.unb.ca.jnetpcap.PacketReader    null
********************************************************************************
0000:*01 d0 f8 00* 00 08 80 05  88 39 64 ba  00 49 aa aa    .........9d..I..
0010: 03 00 d0 f8  07 88 00 08  01 02 00 41  00 00 00 00    ...........A....
0020: 00 00 00 00  00 00 00 00  00 00 00 00  00 00 80 05    ................
0030: 88 39 64 ba  00 00 00 00  00 00 00 02  00 00 03 e8    .9d.............
0040: 00 01 01 15  47 69 67 61  62 69 74 45  74 68 65 72    ....GigabitEther
0050: 6e 65 74 20  30 2f 32*                                net 0/2         


2025-12-26 13:40:37 DEBUG cic.cs.unb.ca.jnetpcap.PacketReader    null
********************************************************************************
0000:*01 80 c2 00* 00 00 80 05  88 39 64 ba  00 69 42 42    .........9d..iBB
0010: 03 00 00 03  02 7c 80 00  80 05 88 39  64 ba 00 00    .....|.....9d...
0020: 00 00 80 00  80 05 88 39  64 ba 80 02  00 00 14 00    .......9d.......
0030: 02 00 0f 00  00 00 40 00  00 00 00 00  00 00 00 00    ......@.........
0040: 00 00 00 00  00 00 00 00  00 00 00 00  00 00 00 00    ................
0050: 00 00 00 00  00 00 00 00  00 00 ac 36  17 7f 50 28    ...........6..P(
0060: 3c d4 b8 38  21 d8 ab 26  de 62 00 00  00 00 80 00    <..8!..&.b......
0070: 80 05 88 39  64 ba 14*                                ...9d..         


2025-12-26 13:40:37 DEBUG cic.cs.unb.ca.jnetpcap.PacketReader    null
********************************************************************************
0000:*01 d0 f8 00* 00 08 80 05  88 39 64 ba  00 49 aa aa    .........9d..I..
0010: 03 00 d0 f8  07 88 00 08  01 02 00 41  00 00 00 00    ...........A....
0020: 00 00 00 00  00 00 00 00  00 00 00 00  00 00 80 05    ................
0030: 88 39 64 ba  00 00 00 00  00 00 00 02  00 00 03 e8    .9d.............
0040: 00 01 01 15  47 69 67 61  62 69 74 45  74 68 65 72    ....GigabitEther
0050: 6e 65 74 20  30 2f 32*                                net 0/2         


2025-12-26 13:40:37 DEBUG cic.cs.unb.ca.jnetpcap.PacketReader    null
********************************************************************************
0000:*01 80 c2 00* 00 00 80 05  88 39 64 ba  00 69 42 42    .........9d..iBB
0010: 03 00 00 03  02 7c 80 00  80 05 88 39  64 ba 00 00    .....|.....9d...
0020: 00 00 80 00  80 05 88 39  64 ba 80 02  00 00 14 00    .......9d.......
0030: 02 00 0f 00  00 00 40 00  00 00 00 00  00 00 00 00    ......@.........
0040: 00 00 00 00  00 00 00 00  00 00 00 00  00 00 00 00    ................
0050: 00 00 00 00  00 00 00 00  00 00 ac 36  17 7f 50 28    ...........6..P(
0060: 3c d4 b8 38  21 d8 ab 26  de 62 00 00  00 00 80 00    <..8!..&.b......
0070: 80 05 88 39  64 ba 14*                                ...9d..         


2025-12-26 13:40:37 DEBUG cic.cs.unb.ca.jnetpcap.PacketReader    null
********************************************************************************
0000:*33 33 00 00  00 fb 1c 83  41 ca 06 61* 86 dd 60 05    33......A..a..`.
0010: 92 e4 00 2f  11 ff fe 80  00 00 00 00  00 00 f9 9f    .../............
0020: 20 8d fc df  4e 96 ff 02  00 00 00 00  00 00 00 00     ...N...........
0030: 00 00 00 00  00 fb c7 5b  14 e9 00 2f  29 6d 00 00    .......[.../)m..
0040: 00 00 00 01  00 00 00 00  00 00 0a 5f  6c 79 72 61    ..........._lyra
0050: 2d 6d 64 6e  73 04 5f 75  64 70 05 6c  6f 63 61 6c    -mdns._udp.local
0060: 00 00 0c 80  01*                                      .....           


2025-12-26 13:40:37 DEBUG cic.cs.unb.ca.jnetpcap.PacketReader    null
********************************************************************************
0000:*01 80 c2 00* 00 00 80 05  88 39 64 ba  00 69 42 42    .........9d..iBB
0010: 03 00 00 03  02 7c 80 00  80 05 88 39  64 ba 00 00    .....|.....9d...
0020: 00 00 80 00  80 05 88 39  64 ba 80 02  00 00 14 00    .......9d.......
0030: 02 00 0f 00  00 00 40 00  00 00 00 00  00 00 00 00    ......@.........
0040: 00 00 00 00  00 00 00 00  00 00 00 00  00 00 00 00    ................
0050: 00 00 00 00  00 00 00 00  00 00 ac 36  17 7f 50 28    ...........6..P(
0060: 3c d4 b8 38  21 d8 ab 26  de 62 00 00  00 00 80 00    <..8!..&.b......
0070: 80 05 88 39  64 ba 14*                                ...9d..         


2025-12-26 13:40:37 DEBUG cic.cs.unb.ca.jnetpcap.PacketReader    null
********************************************************************************
0000:*01 d0 f8 00* 00 08 80 05  88 39 64 ba  00 49 aa aa    .........9d..I..
0010: 03 00 d0 f8  07 88 00 08  01 02 00 41  00 00 00 00    ...........A....
0020: 00 00 00 00  00 00 00 00  00 00 00 00  00 00 80 05    ................
0030: 88 39 64 ba  00 00 00 00  00 00 00 02  00 00 03 e8    .9d.............
0040: 00 01 01 15  47 69 67 61  62 69 74 45  74 68 65 72    ....GigabitEther
0050: 6e 65 74 20  30 2f 32*                                net 0/2         


2025-12-26 13:40:37 DEBUG cic.cs.unb.ca.jnetpcap.PacketReader    null
********************************************************************************
0000:*33 33 00 01  00 02 b8 3a  08 49 52 d1* 86 dd 60 07    33.....:.IR...`.
0010: 6f 11 00 2c  11 01 fe 80  00 00 00 00  00 00 ba 3a    o..,...........:
0020: 08 ff fe 49  52 d1 ff 02  00 00 00 00  00 00 00 00    ...IR...........
0030: 00 00 00 01  00 02 02 22  02 23 00 2c  ea 01 0b 6c    .......".#.,...l
0040: e0 55 00 01  00 0e 00 01  00 01 00 00  00 09 b8 3a    .U.............:
0050: 08 49 52 d1  00 08 00 02  ff ff 00 06  00 04 00 18    .IR.............
0060: 00 17*                                                ..              


2025-12-26 13:40:37 DEBUG cic.cs.unb.ca.jnetpcap.PacketReader    null
********************************************************************************
0000:*01 80 c2 00* 00 00 80 05  88 39 64 ba  00 69 42 42    .........9d..iBB
0010: 03 00 00 03  02 7c 80 00  80 05 88 39  64 ba 00 00    .....|.....9d...
0020: 00 00 80 00  80 05 88 39  64 ba 80 02  00 00 14 00    .......9d.......
0030: 02 00 0f 00  00 00 40 00  00 00 00 00  00 00 00 00    ......@.........
0040: 00 00 00 00  00 00 00 00  00 00 00 00  00 00 00 00    ................
0050: 00 00 00 00  00 00 00 00  00 00 ac 36  17 7f 50 28    ...........6..P(
0060: 3c d4 b8 38  21 d8 ab 26  de 62 00 00  00 00 80 00    <..8!..&.b......
0070: 80 05 88 39  64 ba 14*                                ...9d..         


2025-12-26 13:40:37 DEBUG cic.cs.unb.ca.jnetpcap.PacketReader    null
********************************************************************************
0000:*01 d0 f8 00* 00 08 80 05  88 39 64 ba  00 49 aa aa    .........9d..I..
0010: 03 00 d0 f8  07 88 00 08  01 02 00 41  00 00 00 00    ...........A....
0020: 00 00 00 00  00 00 00 00  00 00 00 00  00 00 80 05    ................
0030: 88 39 64 ba  00 00 00 00  00 00 00 02  00 00 03 e8    .9d.............
0040: 00 01 01 15  47 69 67 61  62 69 74 45  74 68 65 72    ....GigabitEther
0050: 6e 65 74 20  30 2f 32*                                net 0/2         


2025-12-26 13:40:37 DEBUG cic.cs.unb.ca.jnetpcap.PacketReader    null
********************************************************************************
0000:*01 80 c2 00* 00 0e 80 05  88 39 64 ba  88 cc 02 07    .........9d.....
0010: 04 80 05 88  39 64 ba 04  07 03 80 05  88 39 64 ba    ....9d.......9d.
0020: 06 02 00 79  08 13 47 69  67 61 62 69  74 45 74 68    ...y..GigabitEth
0030: 65 72 6e 65  74 20 30 2f  32 0a 0a 53  35 34 59 53    ernet 0/2..S54YS
0040: 2e 53 57 30  36 0c 5a 52  75 69 6a 69  65 20 46 75    .SW06.ZRuijie Fu
0050: 6c 6c 20 47  69 67 61 62  69 74 20 53  65 63 75 72    ll Gigabit Secur
0060: 69 74 79 20  26 20 49 6e  74 65 6c 6c  69 67 65 6e    ity & Intelligen
0070: 63 65 20 41  63 63 65 73  73 20 53 77  69 74 63 68    ce Access Switch
0080: 20 28 53 32  39 35 32 47  2d 45 20 56  33 29 20 42     (S2952G-E V3) B
0090: 79 20 52 75  69 6a 69 65  20 4e 65 74  77 6f 72 6b    y Ruijie Network
00a0: 73 0e 04 00  14 00 14 10  0c 05 01 7f  00 00 01 02    s...............
00b0: 00 00 00 02  00 fe 06 00  80 c2 01 09  9d fe 07 00    ................
00c0: 80 c2 02 02  00 00 fe 0f  00 80 c2 03  09 9d 08 56    ...............V
00d0: 4c 41 4e 32  34 36 31 fe  09 00 12 0f  01 03 6c 03    LAN2461.......l.
00e0: 00 1e fe 09  00 12 0f 03  01 00 00 00  00 fe 06 00    ................
00f0: 12 0f 04 05  dc fe 07 00  12 bb 01 00  2f 04 fe 08    ............/...
0100: 00 12 bb 02  00 80 00 00  fe 07 00 12  bb 04 90 00    ................
0110: 00 fe 08 00  12 bb 05 31  2e 34 31 fe  1a 00 12 bb    .......1.41.....
0120: 06 53 32 39  5f 52 47 4f  53 20 31 31  2e 34 28 31    .S29_RGOS 11.4(1
0130: 29 42 31 32  50 32 34 fe  1a 00 12 bb  07 53 32 39    )B12P24......S29
0140: 5f 52 47 4f  53 20 31 31  2e 34 28 31  29 42 31 32    _RGOS 11.4(1)B12
0150: 50 32 34 fe  11 00 12 bb  08 47 31 4e  57 35 43 50    P24......G1NW5CP
0160: 30 33 38 36  38 32 fe 0a  00 12 bb 09  52 75 69 6a    038682......Ruij
0170: 69 65 fe 0f  00 12 bb 0a  53 32 39 35  32 47 2d 45    ie......S2952G-E
0180: 20 56 33 fe  05 00 12 bb  0b 00 00 00*                 V3.........    


2025-12-26 13:40:37 DEBUG cic.cs.unb.ca.jnetpcap.PacketReader    null
********************************************************************************
0000:*01 80 c2 00* 00 00 80 05  88 39 64 ba  00 69 42 42    .........9d..iBB
0010: 03 00 00 03  02 7c 80 00  80 05 88 39  64 ba 00 00    .....|.....9d...
0020: 00 00 80 00  80 05 88 39  64 ba 80 02  00 00 14 00    .......9d.......
0030: 02 00 0f 00  00 00 40 00  00 00 00 00  00 00 00 00    ......@.........
0040: 00 00 00 00  00 00 00 00  00 00 00 00  00 00 00 00    ................
0050: 00 00 00 00  00 00 00 00  00 00 ac 36  17 7f 50 28    ...........6..P(
0060: 3c d4 b8 38  21 d8 ab 26  de 62 00 00  00 00 80 00    <..8!..&.b......
0070: 80 05 88 39  64 ba 14*                                ...9d..         


2025-12-26 13:40:37 DEBUG cic.cs.unb.ca.jnetpcap.PacketReader    null
********************************************************************************
0000:*01 80 c2 00* 00 00 80 05  88 39 64 ba  00 69 42 42    .........9d..iBB
0010: 03 00 00 03  02 7c 80 00  80 05 88 39  64 ba 00 00    .....|.....9d...
0020: 00 00 80 00  80 05 88 39  64 ba 80 02  00 00 14 00    .......9d.......
0030: 02 00 0f 00  00 00 40 00  00 00 00 00  00 00 00 00    ......@.........
0040: 00 00 00 00  00 00 00 00  00 00 00 00  00 00 00 00    ................
0050: 00 00 00 00  00 00 00 00  00 00 ac 36  17 7f 50 28    ...........6..P(
0060: 3c d4 b8 38  21 d8 ab 26  de 62 00 00  00 00 80 00    <..8!..&.b......
0070: 80 05 88 39  64 ba 14*                                ...9d..         


2025-12-26 13:40:37 DEBUG cic.cs.unb.ca.jnetpcap.PacketReader    null
********************************************************************************
0000:*01 d0 f8 00* 00 08 80 05  88 39 64 ba  00 49 aa aa    .........9d..I..
0010: 03 00 d0 f8  07 88 00 08  01 02 00 41  00 00 00 00    ...........A....
0020: 00 00 00 00  00 00 00 00  00 00 00 00  00 00 80 05    ................
0030: 88 39 64 ba  00 00 00 00  00 00 00 02  00 00 03 e8    .9d.............
0040: 00 01 01 15  47 69 67 61  62 69 74 45  74 68 65 72    ....GigabitEther
0050: 6e 65 74 20  30 2f 32*                                net 0/2         


2025-12-26 13:40:37 DEBUG cic.cs.unb.ca.jnetpcap.PacketReader    null
********************************************************************************
0000:*01 80 c2 00* 00 00 80 05  88 39 64 ba  00 69 42 42    .........9d..iBB
0010: 03 00 00 03  02 7c 80 00  80 05 88 39  64 ba 00 00    .....|.....9d...
0020: 00 00 80 00  80 05 88 39  64 ba 80 02  00 00 14 00    .......9d.......
0030: 02 00 0f 00  00 00 40 00  00 00 00 00  00 00 00 00    ......@.........
0040: 00 00 00 00  00 00 00 00  00 00 00 00  00 00 00 00    ................
0050: 00 00 00 00  00 00 00 00  00 00 ac 36  17 7f 50 28    ...........6..P(
0060: 3c d4 b8 38  21 d8 ab 26  de 62 00 00  00 00 80 00    <..8!..&.b......
0070: 80 05 88 39  64 ba 14*                                ...9d..         


2025-12-26 13:40:37 DEBUG cic.cs.unb.ca.jnetpcap.PacketReader    null
********************************************************************************
0000:*01 d0 f8 00* 00 08 80 05  88 39 64 ba  00 49 aa aa    .........9d..I..
0010: 03 00 d0 f8  07 88 00 08  01 02 00 41  00 00 00 00    ...........A....
0020: 00 00 00 00  00 00 00 00  00 00 00 00  00 00 80 05    ................
0030: 88 39 64 ba  00 00 00 00  00 00 00 02  00 00 03 e8    .9d.............
0040: 00 01 01 15  47 69 67 61  62 69 74 45  74 68 65 72    ....GigabitEther
0050: 6e 65 74 20  30 2f 32*                                net 0/2         


2025-12-26 13:40:37 DEBUG cic.cs.unb.ca.jnetpcap.PacketReader    null
********************************************************************************
0000:*01 80 c2 00* 00 00 80 05  88 39 64 ba  00 69 42 42    .........9d..iBB
0010: 03 00 00 03  02 7c 80 00  80 05 88 39  64 ba 00 00    .....|.....9d...
0020: 00 00 80 00  80 05 88 39  64 ba 80 02  00 00 14 00    .......9d.......
0030: 02 00 0f 00  00 00 40 00  00 00 00 00  00 00 00 00    ......@.........
0040: 00 00 00 00  00 00 00 00  00 00 00 00  00 00 00 00    ................
0050: 00 00 00 00  00 00 00 00  00 00 ac 36  17 7f 50 28    ...........6..P(
0060: 3c d4 b8 38  21 d8 ab 26  de 62 00 00  00 00 80 00    <..8!..&.b......
0070: 80 05 88 39  64 ba 14*                                ...9d..         


2025-12-26 13:40:37 DEBUG cic.cs.unb.ca.jnetpcap.PacketReader    null
********************************************************************************
0000:*b4 69 21 8e  12 eb c8 8a  9a d9 7f 60  08 06 00 01*   .i!........`....
0010: 08 00 06 04  00 01 c8 8a  9a d9 7f 60  0a 35 51 a9    ...........`.5Q.
0020: b4 69 21 8e  12 eb 0a 35  55 aa 00 00  00 00 00 00    .i!....5U.......
0030: 00 00 00 00  00 00 00 00  00 00 00 00*                ............    


2025-12-26 13:40:37 INFO  cic.cs.unb.ca.jnetpcap.FlowGenerator    Forward flow closed due to FIN Flag
2025-12-26 13:40:37 INFO  cic.cs.unb.ca.jnetpcap.FlowGenerator    Forward flow closed due to FIN Flag
2025-12-26 13:40:37 INFO  cic.cs.unb.ca.jnetpcap.FlowGenerator    Forward flow closed due to FIN Flag
2025-12-26 13:40:37 DEBUG cic.cs.unb.ca.jnetpcap.FlowGenerator    FlagFIN current has 2078 flow
2025-12-26 13:40:37 DEBUG cic.cs.unb.ca.jnetpcap.FlowGenerator    FlagRST current has 2078 flow
2025-12-26 13:40:37 DEBUG cic.cs.unb.ca.jnetpcap.FlowGenerator    FlagFIN current has 2078 flow
2025-12-26 13:40:37 DEBUG cic.cs.unb.ca.jnetpcap.FlowGenerator    FlagFIN current has 2078 flow
2025-12-26 13:40:37 DEBUG cic.cs.unb.ca.jnetpcap.PacketReader    null
********************************************************************************
0000:*01 80 c2 00* 00 00 80 05  88 39 64 ba  00 69 42 42    .........9d..iBB
0010: 03 00 00 03  02 7c 80 00  80 05 88 39  64 ba 00 00    .....|.....9d...
0020: 00 00 80 00  80 05 88 39  64 ba 80 02  00 00 14 00    .......9d.......
0030: 02 00 0f 00  00 00 40 00  00 00 00 00  00 00 00 00    ......@.........
0040: 00 00 00 00  00 00 00 00  00 00 00 00  00 00 00 00    ................
0050: 00 00 00 00  00 00 00 00  00 00 ac 36  17 7f 50 28    ...........6..P(
0060: 3c d4 b8 38  21 d8 ab 26  de 62 00 00  00 00 80 00    <..8!..&.b......
0070: 80 05 88 39  64 ba 14*                                ...9d..         


2025-12-26 13:40:37 DEBUG cic.cs.unb.ca.jnetpcap.PacketReader    null
********************************************************************************
0000:*01 d0 f8 00* 00 08 80 05  88 39 64 ba  00 49 aa aa    .........9d..I..
0010: 03 00 d0 f8  07 88 00 08  01 02 00 41  00 00 00 00    ...........A....
0020: 00 00 00 00  00 00 00 00  00 00 00 00  00 00 80 05    ................
0030: 88 39 64 ba  00 00 00 00  00 00 00 02  00 00 03 e8    .9d.............
0040: 00 01 01 15  47 69 67 61  62 69 74 45  74 68 65 72    ....GigabitEther
0050: 6e 65 74 20  30 2f 32*                                net 0/2         


2025-12-26 13:40:37 DEBUG cic.cs.unb.ca.jnetpcap.PacketReader    Read All packets on C:\Users\z1395\network_trace_system\catched_data\fulltest_251226.pcap
